ISO-10303-21;
HEADER;
FILE_DESCRIPTION(('ViewDefinition [CoordinationView]'),'2;1');
FILE_NAME('context.ifc','2026-07-29T21:34:07',(''),(''),'context-sheet','context-sheet','');
FILE_SCHEMA(('IFC4'));
ENDSEC;
DATA;
#1=IFCSIUNIT(*,.LENGTHUNIT.,$,.METRE.);
#2=IFCSIUNIT(*,.AREAUNIT.,$,.SQUARE_METRE.);
#3=IFCSIUNIT(*,.VOLUMEUNIT.,$,.CUBIC_METRE.);
#4=IFCUNITASSIGNMENT((#1,#2,#3));
#5=IFCCARTESIANPOINT((0.,0.,0.));
#6=IFCDIRECTION((0.,0.,1.));
#7=IFCDIRECTION((1.,0.,0.));
#8=IFCAXIS2PLACEMENT3D(#5,#6,#7);
#9=IFCDIRECTION((0.,1.,0.));
#10=IFCGEOMETRICREPRESENTATIONCONTEXT($,'Model',3,0.00001,#8,#9);
#11=IFCGEOMETRICREPRESENTATIONSUBCONTEXT('Body','Model',*,*,*,*,#10,$,.MODEL_VIEW.,$);
#12=IFCPROJECT('03QpC60gR$p_LvTI8oo4RC',$,'Context 48.8566, 2.3522',$,$,$,$,(#10),#4);
#13=IFCLOCALPLACEMENT($,#8);
#14=IFCSITE('1YuVZ5kjYpEhWupVsf3VO8',$,'Site',$,$,#13,$,$,.ELEMENT.,$,$,$,$,$);
#15=IFCRELAGGREGATES('2OCfFkFcwKglfqhootTk9I',$,$,$,#12,(#14));
#16=IFCPROJECTEDCRS('EPSG:2154','RGF93 / Lambert-93','RGF93','NGF-IGN69',$,$,#1);
#17=IFCMAPCONVERSION(#10,#16,652469.022709136,6862035.259420076,0.,1.,0.,1.);
#18=IFCCARTESIANPOINT((-247.21980520850047,153.8532942654565));
#19=IFCCARTESIANPOINT((-236.8937027520733,149.68714372813702));
#20=IFCCARTESIANPOINT((-235.96026692236774,151.65878835413605));
#21=IFCCARTESIANPOINT((-235.14109709812328,151.3406773386523));
#22=IFCCARTESIANPOINT((-231.91663393343333,158.86450028885156));
#23=IFCCARTESIANPOINT((-232.65564670518506,159.11523066088557));
#24=IFCCARTESIANPOINT((-231.86363206827082,160.84340436104685));
#25=IFCCARTESIANPOINT((-242.2573090433143,164.82106546778232));
#26=IFCCARTESIANPOINT((-243.347117312951,165.24148835334927));
#27=IFCCARTESIANPOINT((-244.40775553777348,162.0810650214553));
#28=IFCCARTESIANPOINT((-244.8985040631378,162.18519104458392));
#29=IFCCARTESIANPOINT((-246.46630633610766,157.1385686462745));
#30=IFCCARTESIANPOINT((-246.04085618909448,157.1239401474595));
#31=IFCPOLYLINE((#18,#19,#20,#21,#22,#23,#24,#25,#26,#27,#28,#29,#30,#18));
#32=IFCARBITRARYCLOSEDPROFILEDEF(.AREA.,$,#31);
#33=IFCEXTRUDEDAREASOLID(#32,#8,#6,52.);
#34=IFCSHAPEREPRESENTATION(#11,'Body','SweptSolid',(#33));
#35=IFCPRODUCTDEFINITIONSHAPE($,$,(#34));
#36=IFCLOCALPLACEMENT(#13,#8);
#37=IFCBUILDINGELEMENTPROXY('3hRyH6iIOfErBQ1IpA84C4',$,'Tour Saint-Jacques',$,$,#36,#35,$,.ELEMENT.);
#38=IFCPROPERTYSINGLEVALUE('osm_id',$,IFCLABEL('way/20326709'),$);
#39=IFCPROPERTYSINGLEVALUE('height_source',$,IFCLABEL('tag:height'),$);
#40=IFCPROPERTYSINGLEVALUE('height_m',$,IFCREAL(52.),$);
#41=IFCPROPERTYSET('1ZaYTRHDfVlmn_xf6mWa1j',$,'Pset_SiteContext',$,(#38,#39,#40));
#42=IFCRELDEFINESBYPROPERTIES('0YdseAW46RqYJsTMR28pMJ',$,$,$,(#37),#41);
#43=IFCCARTESIANPOINT((31.204763319226913,82.07566013280302));
#44=IFCCARTESIANPOINT((35.017963417689316,80.89904979243875));
#45=IFCCARTESIANPOINT((37.72815129451919,81.22154824528843));
#46=IFCCARTESIANPOINT((38.04560248996131,80.56287283543497));
#47=IFCCARTESIANPOINT((37.98923002742231,79.95174143277109));
#48=IFCCARTESIANPOINT((116.22376637393609,50.59940198529512));
#49=IFCCARTESIANPOINT((119.76645180676132,52.2272712867707));
#50=IFCCARTESIANPOINT((123.37544173025526,53.887959835119545));
#51=IFCCARTESIANPOINT((127.83797442668583,65.70523631665856));
#52=IFCCARTESIANPOINT((130.60556769988034,73.0439526969567));
#53=IFCCARTESIANPOINT((138.1282483296236,92.98707558214664));
#54=IFCCARTESIANPOINT((137.74066025367938,93.14592455513775));
#55=IFCCARTESIANPOINT((138.0493614205625,95.9011299945414));
#56=IFCCARTESIANPOINT((137.4484559383709,98.68601623550057));
#57=IFCCARTESIANPOINT((136.8638915969059,99.88062571547925));
#58=IFCCARTESIANPOINT((134.66640140174422,102.1336993323639));
#59=IFCCARTESIANPOINT((132.92629079078324,102.89296755474061));
#60=IFCCARTESIANPOINT((133.09116152918432,103.31417425349355));
#61=IFCCARTESIANPOINT((131.49154605227523,104.20573209039867));
#62=IFCCARTESIANPOINT((104.80965286400169,119.10233929567039));
#63=IFCCARTESIANPOINT((73.40219849022105,136.63983371574432));
#64=IFCCARTESIANPOINT((67.25217601796612,140.07066119555384));
#65=IFCCARTESIANPOINT((64.69134936889168,140.9589929813519));
#66=IFCCARTESIANPOINT((63.3346515573794,141.04794793296605));
#67=IFCCARTESIANPOINT((62.277675417484716,141.00100876763463));
#68=IFCCARTESIANPOINT((61.13871732063126,140.79906310793012));
#69=IFCCARTESIANPOINT((58.25748781126458,139.29924727324396));
#70=IFCCARTESIANPOINT((57.07373524585273,138.1079995064065));
#71=IFCCARTESIANPOINT((56.108177361427806,136.6814463417977));
#72=IFCCARTESIANPOINT((55.70592052396387,136.84042110387236));
#73=IFCCARTESIANPOINT((46.19491335924249,121.41724657267332));
#74=IFCCARTESIANPOINT((33.270596274291165,100.46212997939438));
#75=IFCCARTESIANPOINT((31.738844917388633,97.9949540765956));
#76=IFCCARTESIANPOINT((32.19770312611945,97.5797563297674));
#77=IFCCARTESIANPOINT((31.909007426700555,97.27076650597155));
#78=IFCCARTESIANPOINT((32.35419447545428,96.97799958474934));
#79=IFCCARTESIANPOINT((31.53937509842217,96.03948992490768));
#80=IFCCARTESIANPOINT((29.421164536848664,94.53343297261745));
#81=IFCCARTESIANPOINT((28.398264188785106,93.27415323164314));
#82=IFCCARTESIANPOINT((27.454563938314095,90.93559559155256));
#83=IFCCARTESIANPOINT((27.293461936409585,88.29038433544338));
#84=IFCCARTESIANPOINT((27.717636867775582,86.32980691827834));
#85=IFCCARTESIANPOINT((28.70676267577801,84.36459736712277));
#86=IFCPOLYLINE((#43,#44,#45,#46,#47,#48,#49,#50,#51,#52,#53,#54,#55,#56,#57,#58,#59,#60,#61,#62,#63,#64,#65,#66,#67,#68,#69,#70,#71,#72,#73,#74,#75,#76,#77,#78,#79,#80,#81,#82,#83,#84,#85,#43));
#87=IFCARBITRARYCLOSEDPROFILEDEF(.AREA.,$,#86);
#88=IFCEXTRUDEDAREASOLID(#87,#8,#6,27.);
#89=IFCSHAPEREPRESENTATION(#11,'Body','SweptSolid',(#88));
#90=IFCPRODUCTDEFINITIONSHAPE($,$,(#89));
#91=IFCLOCALPLACEMENT(#13,#8);
#92=IFCBUILDINGELEMENTPROXY('3ol905Ik3xVrTsb2LjSgjN',$,'Le BHV Marais',$,$,#91,#90,$,.ELEMENT.);
#93=IFCPROPERTYSINGLEVALUE('osm_id',$,IFCLABEL('way/29168869'),$);
#94=IFCPROPERTYSINGLEVALUE('height_source',$,IFCLABEL('tag:levels'),$);
#95=IFCPROPERTYSINGLEVALUE('height_m',$,IFCREAL(27.),$);
#96=IFCPROPERTYSET('1GypVFu91p4uVarOU9ZQwd',$,'Pset_SiteContext',$,(#93,#94,#95));
#97=IFCRELDEFINESBYPROPERTIES('3tTY7FNhSKcaZeT8cRBEQM',$,$,$,(#92),#96);
#98=IFCCARTESIANPOINT((-280.2820515172789,48.075671589933336));
#99=IFCCARTESIANPOINT((-279.18223651859444,45.30886421445757));
#100=IFCCARTESIANPOINT((-279.12372347607743,45.28614157717675));
#101=IFCCARTESIANPOINT((-270.97178940998856,41.71611158642918));
#102=IFCCARTESIANPOINT((-257.99434099392965,36.04910886194557));
#103=IFCCARTESIANPOINT((-250.7197134749731,32.86442050524056));
#104=IFCCARTESIANPOINT((-250.43457586877048,32.73975016083568));
#105=IFCCARTESIANPOINT((-250.2284038400976,32.827008849941194));
#106=IFCCARTESIANPOINT((-246.9296522323275,34.223148866556585));
#107=IFCCARTESIANPOINT((-246.5099713099189,34.39760599657893));
#108=IFCCARTESIANPOINT((-243.0345813994063,35.85901085101068));
#109=IFCCARTESIANPOINT((-232.5837521086214,63.705989357084036));
#110=IFCCARTESIANPOINT((-232.63419473799877,63.81760407052934));
#111=IFCCARTESIANPOINT((-234.65721851272974,68.52687438763678));
#112=IFCCARTESIANPOINT((-236.55780128738843,72.95713894441724));
#113=IFCCARTESIANPOINT((-236.67473545845132,73.0137024987489));
#114=IFCCARTESIANPOINT((-239.51848182897083,74.29369708616287));
#115=IFCCARTESIANPOINT((-257.433220867184,81.83616580814123));
#116=IFCCARTESIANPOINT((-262.4494495650288,83.93472409900278));
#117=IFCCARTESIANPOINT((-265.42956598382443,82.91403995547444));
#118=IFCCARTESIANPOINT((-265.4444234946277,82.89192275609821));
#119=IFCCARTESIANPOINT((-267.52447995659895,78.01633341796696));
#120=IFCCARTESIANPOINT((-268.2578199285781,76.28768148552626));
#121=IFCCARTESIANPOINT((-272.52268261741847,66.2927330173552));
#122=IFCCARTESIANPOINT((-278.3291814302793,52.6520680161193));
#123=IFCCARTESIANPOINT((-280.2520609254716,48.15326327923685));
#124=IFCPOLYLINE((#98,#99,#100,#101,#102,#103,#104,#105,#106,#107,#108,#109,#110,#111,#112,#113,#114,#115,#116,#117,#118,#119,#120,#121,#122,#123,#98));
#125=IFCARBITRARYCLOSEDPROFILEDEF(.AREA.,$,#124);
#126=IFCEXTRUDEDAREASOLID(#125,#8,#6,21.);
#127=IFCSHAPEREPRESENTATION(#11,'Body','SweptSolid',(#126));
#128=IFCPRODUCTDEFINITIONSHAPE($,$,(#127));
#129=IFCLOCALPLACEMENT(#13,#8);
#130=IFCBUILDINGELEMENTPROXY('0yyAoS3eYJ$$UD9PphGIWA',$,'Préfecture de Police',$,$,#129,#128,$,.ELEMENT.);
#131=IFCPROPERTYSINGLEVALUE('osm_id',$,IFCLABEL('way/49272455'),$);
#132=IFCPROPERTYSINGLEVALUE('height_source',$,IFCLABEL('tag:levels'),$);
#133=IFCPROPERTYSINGLEVALUE('height_m',$,IFCREAL(21.),$);
#134=IFCPROPERTYSET('3FIv10Xk4K$LQCW9FaIpPs',$,'Pset_SiteContext',$,(#131,#132,#133));
#135=IFCRELDEFINESBYPROPERTIES('2oyuuIx8KhNH2NehqRPFnq',$,$,$,(#130),#134);
#136=IFCCARTESIANPOINT((-88.6696637350833,90.83252768125385));
#137=IFCCARTESIANPOINT((-87.33580674999394,81.71437864471227));
#138=IFCCARTESIANPOINT((-77.4804748040624,82.73425190057606));
#139=IFCCARTESIANPOINT((-72.12052690901328,80.4884715853259));
#140=IFCCARTESIANPOINT((-70.89718386542518,83.81438515242189));
#141=IFCCARTESIANPOINT((-68.74404520587996,89.56791443377733));
#142=IFCCARTESIANPOINT((-69.4636776127154,91.28628928493708));
#143=IFCCARTESIANPOINT((-70.02472747687716,92.65864485409111));
#144=IFCCARTESIANPOINT((-73.9493523981655,94.55903277825564));
#145=IFCCARTESIANPOINT((-87.59617514058482,91.10170135181397));
#146=IFCPOLYLINE((#136,#137,#138,#139,#140,#141,#142,#143,#144,#145,#136));
#147=IFCARBITRARYCLOSEDPROFILEDEF(.AREA.,$,#146);
#148=IFCEXTRUDEDAREASOLID(#147,#8,#6,21.);
#149=IFCSHAPEREPRESENTATION(#11,'Body','SweptSolid',(#148));
#150=IFCPRODUCTDEFINITIONSHAPE($,$,(#149));
#151=IFCLOCALPLACEMENT(#13,#8);
#152=IFCBUILDINGELEMENTPROXY('14rZ2h9uhTgzhSYMFLmLre',$,'Building 49363280',$,$,#151,#150,$,.ELEMENT.);
#153=IFCPROPERTYSINGLEVALUE('osm_id',$,IFCLABEL('way/49363280'),$);
#154=IFCPROPERTYSINGLEVALUE('height_source',$,IFCLABEL('tag:levels'),$);
#155=IFCPROPERTYSINGLEVALUE('height_m',$,IFCREAL(21.),$);
#156=IFCPROPERTYSET('1JJ$XUW3jp6y7XgL7R3VnM',$,'Pset_SiteContext',$,(#153,#154,#155));
#157=IFCRELDEFINESBYPROPERTIES('1kQS0LMwD_$57QlpzJo3QE',$,$,$,(#152),#156);
#158=IFCCARTESIANPOINT((-151.5554058359703,113.61177327018231));
#159=IFCCARTESIANPOINT((-151.96102906146552,112.46976325940341));
#160=IFCCARTESIANPOINT((-130.39908991579432,107.65534541476518));
#161=IFCCARTESIANPOINT((-129.18364306446165,112.69377527199686));
#162=IFCCARTESIANPOINT((-132.8505988845136,113.80257190484554));
#163=IFCCARTESIANPOINT((-139.82847103476524,115.59468680433929));
#164=IFCCARTESIANPOINT((-140.89747438428458,115.87036038469523));
#165=IFCCARTESIANPOINT((-149.92548600782175,118.19087245967239));
#166=IFCPOLYLINE((#158,#159,#160,#161,#162,#163,#164,#165,#158));
#167=IFCARBITRARYCLOSEDPROFILEDEF(.AREA.,$,#166);
#168=IFCEXTRUDEDAREASOLID(#167,#8,#6,21.);
#169=IFCSHAPEREPRESENTATION(#11,'Body','SweptSolid',(#168));
#170=IFCPRODUCTDEFINITIONSHAPE($,$,(#169));
#171=IFCLOCALPLACEMENT(#13,#8);
#172=IFCBUILDINGELEMENTPROXY('0w_Ami8MuWKDfmVDADMYUG',$,'Building 49363289',$,$,#171,#170,$,.ELEMENT.);
#173=IFCPROPERTYSINGLEVALUE('osm_id',$,IFCLABEL('way/49363289'),$);
#174=IFCPROPERTYSINGLEVALUE('height_source',$,IFCLABEL('tag:levels'),$);
#175=IFCPROPERTYSINGLEVALUE('height_m',$,IFCREAL(21.),$);
#176=IFCPROPERTYSET('3PweMn27zDn0O9kshboo6E',$,'Pset_SiteContext',$,(#173,#174,#175));
#177=IFCRELDEFINESBYPROPERTIES('3iT0Ono0ekvxGvB5CWhz2o',$,$,$,(#172),#176);
#178=IFCCARTESIANPOINT((-151.96102906146552,112.46976325940341));
#179=IFCCARTESIANPOINT((-152.21670964942314,111.71571525465697));
#180=IFCCARTESIANPOINT((-153.87056590872817,106.90329630021006));
#181=IFCCARTESIANPOINT((-144.49356493959203,104.1907104626298));
#182=IFCCARTESIANPOINT((-141.6275446061045,103.83352958969772));
#183=IFCCARTESIANPOINT((-131.2922597792931,102.54754533432424));
#184=IFCCARTESIANPOINT((-130.39908991579432,107.65534541476518));
#185=IFCPOLYLINE((#178,#179,#180,#181,#182,#183,#184,#178));
#186=IFCARBITRARYCLOSEDPROFILEDEF(.AREA.,$,#185);
#187=IFCEXTRUDEDAREASOLID(#186,#8,#6,9.);
#188=IFCSHAPEREPRESENTATION(#11,'Body','SweptSolid',(#187));
#189=IFCPRODUCTDEFINITIONSHAPE($,$,(#188));
#190=IFCLOCALPLACEMENT(#13,#8);
#191=IFCBUILDINGELEMENTPROXY('29fCyucKMH$bz2XNVl0Req',$,'Building 49363290',$,$,#190,#189,$,.ELEMENT.);
#192=IFCPROPERTYSINGLEVALUE('osm_id',$,IFCLABEL('way/49363290'),$);
#193=IFCPROPERTYSINGLEVALUE('height_source',$,IFCLABEL('fallback'),$);
#194=IFCPROPERTYSINGLEVALUE('height_m',$,IFCREAL(9.),$);
#195=IFCPROPERTYSET('2NQHwjJlVzJchj8mwn8iF3',$,'Pset_SiteContext',$,(#192,#193,#194));
#196=IFCRELDEFINESBYPROPERTIES('2IM6TqufK_c1mrQ6ntRJN1',$,$,$,(#191),#195);
#197=IFCCARTESIANPOINT((-144.49356493959203,104.1907104626298));
#198=IFCCARTESIANPOINT((-153.87056590872817,106.90329630021006));
#199=IFCCARTESIANPOINT((-155.9370205370942,100.99340530578047));
#200=IFCCARTESIANPOINT((-159.21347759617493,91.60183122381568));
#201=IFCCARTESIANPOINT((-157.26555518247187,89.35069974977523));
#202=IFCCARTESIANPOINT((-154.53060316189658,90.00650108326226));
#203=IFCCARTESIANPOINT((-148.81803056423087,91.38282979186624));
#204=IFCCARTESIANPOINT((-147.79122195439413,96.67856510169804));
#205=IFCCARTESIANPOINT((-147.45995865168516,96.80927754100412));
#206=IFCCARTESIANPOINT((-146.7682252638042,99.72811502870172));
#207=IFCCARTESIANPOINT((-145.3629981689155,99.2939951075241));
#208=IFCCARTESIANPOINT((-145.04697490902618,100.24770472198725));
#209=IFCCARTESIANPOINT((-142.75625814683735,99.52830140665174));
#210=IFCCARTESIANPOINT((-142.48361684847623,100.5602073520422));
#211=IFCCARTESIANPOINT((-141.8246197294211,103.06787905748934));
#212=IFCCARTESIANPOINT((-141.6275446061045,103.83352958969772));
#213=IFCPOLYLINE((#197,#198,#199,#200,#201,#202,#203,#204,#205,#206,#207,#208,#209,#210,#211,#212,#197));
#214=IFCARBITRARYCLOSEDPROFILEDEF(.AREA.,$,#213);
#215=IFCEXTRUDEDAREASOLID(#214,#8,#6,9.);
#216=IFCSHAPEREPRESENTATION(#11,'Body','SweptSolid',(#215));
#217=IFCPRODUCTDEFINITIONSHAPE($,$,(#216));
#218=IFCLOCALPLACEMENT(#13,#8);
#219=IFCBUILDINGELEMENTPROXY('0KJmr7lQz_XGUN$vlmqRgd',$,'Building 49363298',$,$,#218,#217,$,.ELEMENT.);
#220=IFCPROPERTYSINGLEVALUE('osm_id',$,IFCLABEL('way/49363298'),$);
#221=IFCPROPERTYSINGLEVALUE('height_source',$,IFCLABEL('fallback'),$);
#222=IFCPROPERTYSINGLEVALUE('height_m',$,IFCREAL(9.),$);
#223=IFCPROPERTYSET('31whAFOXB3HXI9MFS$ObOn',$,'Pset_SiteContext',$,(#220,#221,#222));
#224=IFCRELDEFINESBYPROPERTIES('088amm8I3dyf03XLcrSnT5',$,$,$,(#219),#223);
#225=IFCCARTESIANPOINT((-147.45995865168516,96.80927754100412));
#226=IFCCARTESIANPOINT((-147.79122195439413,96.67856510169804));
#227=IFCCARTESIANPOINT((-148.81803056423087,91.38282979186624));
#228=IFCCARTESIANPOINT((-138.8998164983932,93.80318673886359));
#229=IFCCARTESIANPOINT((-137.774966984638,94.07192852627486));
#230=IFCCARTESIANPOINT((-137.4972405267181,93.04661388136446));
#231=IFCCARTESIANPOINT((-130.96798035746906,94.69423771463335));
#232=IFCCARTESIANPOINT((-131.15087565768044,95.65205257106572));
#233=IFCCARTESIANPOINT((-131.2922597792931,102.54754533432424));
#234=IFCCARTESIANPOINT((-141.6275446061045,103.83352958969772));
#235=IFCCARTESIANPOINT((-141.8246197294211,103.06787905748934));
#236=IFCCARTESIANPOINT((-139.86132382624783,102.68476773239672));
#237=IFCCARTESIANPOINT((-140.3600955363363,100.03121888171881));
#238=IFCCARTESIANPOINT((-142.48361684847623,100.5602073520422));
#239=IFCCARTESIANPOINT((-142.75625814683735,99.52830140665174));
#240=IFCCARTESIANPOINT((-143.2090135436738,98.00860262010247));
#241=IFCPOLYLINE((#225,#226,#227,#228,#229,#230,#231,#232,#233,#234,#235,#236,#237,#238,#239,#240,#225));
#242=IFCARBITRARYCLOSEDPROFILEDEF(.AREA.,$,#241);
#243=IFCEXTRUDEDAREASOLID(#242,#8,#6,21.);
#244=IFCSHAPEREPRESENTATION(#11,'Body','SweptSolid',(#243));
#245=IFCPRODUCTDEFINITIONSHAPE($,$,(#244));
#246=IFCLOCALPLACEMENT(#13,#8);
#247=IFCBUILDINGELEMENTPROXY('2VoKvDHLvzVDCF730587GK',$,'Building 49363299',$,$,#246,#245,$,.ELEMENT.);
#248=IFCPROPERTYSINGLEVALUE('osm_id',$,IFCLABEL('way/49363299'),$);
#249=IFCPROPERTYSINGLEVALUE('height_source',$,IFCLABEL('tag:levels'),$);
#250=IFCPROPERTYSINGLEVALUE('height_m',$,IFCREAL(21.),$);
#251=IFCPROPERTYSET('0f5Zp6LLcJYR6UJR1jJXfT',$,'Pset_SiteContext',$,(#248,#249,#250));
#252=IFCRELDEFINESBYPROPERTIES('0hCR5GQxngM94LBgkUck$b',$,$,$,(#247),#251);
#253=IFCCARTESIANPOINT((-187.65243582776748,97.09570830594748));
#254=IFCCARTESIANPOINT((-189.87638239143416,97.90353850461543));
#255=IFCCARTESIANPOINT((-197.5871411341941,100.69142954796553));
#256=IFCCARTESIANPOINT((-197.8199927363312,100.03727449383587));
#257=IFCCARTESIANPOINT((-198.90859133098274,97.04387326259166));
#258=IFCCARTESIANPOINT((-197.53488754527643,93.67435018159449));
#259=IFCCARTESIANPOINT((-197.18967289314605,92.8263947982341));
#260=IFCCARTESIANPOINT((-194.8693822544301,87.68101239204407));
#261=IFCCARTESIANPOINT((-191.72353280428797,86.55422949139029));
#262=IFCPOLYLINE((#253,#254,#255,#256,#257,#258,#259,#260,#261,#253));
#263=IFCARBITRARYCLOSEDPROFILEDEF(.AREA.,$,#262);
#264=IFCEXTRUDEDAREASOLID(#263,#8,#6,9.);
#265=IFCSHAPEREPRESENTATION(#11,'Body','SweptSolid',(#264));
#266=IFCPRODUCTDEFINITIONSHAPE($,$,(#265));
#267=IFCLOCALPLACEMENT(#13,#8);
#268=IFCBUILDINGELEMENTPROXY('3orJLQ5f_CfmT5MJa7F0BL',$,'Building 49363300',$,$,#267,#266,$,.ELEMENT.);
#269=IFCPROPERTYSINGLEVALUE('osm_id',$,IFCLABEL('way/49363300'),$);
#270=IFCPROPERTYSINGLEVALUE('height_source',$,IFCLABEL('fallback'),$);
#271=IFCPROPERTYSINGLEVALUE('height_m',$,IFCREAL(9.),$);
#272=IFCPROPERTYSET('00KGRstneheQQHUz8prGj_',$,'Pset_SiteContext',$,(#269,#270,#271));
#273=IFCRELDEFINESBYPROPERTIES('3ckSh2ng$nmMuzQ_NIaIe3',$,$,$,(#268),#272);
#274=IFCCARTESIANPOINT((-191.72353280428797,86.55422949139029));
#275=IFCCARTESIANPOINT((-194.8693822544301,87.68101239204407));
#276=IFCCARTESIANPOINT((-197.18967289314605,92.8263947982341));
#277=IFCCARTESIANPOINT((-199.8702380406903,91.64753079973161));
#278=IFCCARTESIANPOINT((-197.39981081651058,86.02275537326932));
#279=IFCCARTESIANPOINT((-192.60266395041253,84.04837695229799));
#280=IFCPOLYLINE((#274,#275,#276,#277,#278,#279,#274));
#281=IFCARBITRARYCLOSEDPROFILEDEF(.AREA.,$,#280);
#282=IFCEXTRUDEDAREASOLID(#281,#8,#6,3.);
#283=IFCSHAPEREPRESENTATION(#11,'Body','SweptSolid',(#282));
#284=IFCPRODUCTDEFINITIONSHAPE($,$,(#283));
#285=IFCLOCALPLACEMENT(#13,#8);
#286=IFCBUILDINGELEMENTPROXY('2XHcWkSttdxy_dt$RwBzR1',$,'Building 49363302',$,$,#285,#284,$,.ELEMENT.);
#287=IFCPROPERTYSINGLEVALUE('osm_id',$,IFCLABEL('way/49363302'),$);
#288=IFCPROPERTYSINGLEVALUE('height_source',$,IFCLABEL('tag:levels'),$);
#289=IFCPROPERTYSINGLEVALUE('height_m',$,IFCREAL(3.),$);
#290=IFCPROPERTYSET('0OVDlV_pZvuMLzR2cCbk2s',$,'Pset_SiteContext',$,(#287,#288,#289));
#291=IFCRELDEFINESBYPROPERTIES('1smSf9JSE2Krkaig0iUoPh',$,$,$,(#286),#290);
#292=IFCCARTESIANPOINT((-191.72353280428797,86.55422949139029));
#293=IFCCARTESIANPOINT((-192.60266395041253,84.04837695229799));
#294=IFCCARTESIANPOINT((-188.7855610519182,82.46015100646764));
#295=IFCCARTESIANPOINT((-186.40818246046547,82.46280931122601));
#296=IFCCARTESIANPOINT((-185.72145410836674,83.88049858994782));
#297=IFCPOLYLINE((#292,#293,#294,#295,#296,#292));
#298=IFCARBITRARYCLOSEDPROFILEDEF(.AREA.,$,#297);
#299=IFCEXTRUDEDAREASOLID(#298,#8,#6,3.);
#300=IFCSHAPEREPRESENTATION(#11,'Body','SweptSolid',(#299));
#301=IFCPRODUCTDEFINITIONSHAPE($,$,(#300));
#302=IFCLOCALPLACEMENT(#13,#8);
#303=IFCBUILDINGELEMENTPROXY('1vUzJpkYF9xOCuObAx2IWh',$,'Building 49363303',$,$,#302,#301,$,.ELEMENT.);
#304=IFCPROPERTYSINGLEVALUE('osm_id',$,IFCLABEL('way/49363303'),$);
#305=IFCPROPERTYSINGLEVALUE('height_source',$,IFCLABEL('tag:levels'),$);
#306=IFCPROPERTYSINGLEVALUE('height_m',$,IFCREAL(3.),$);
#307=IFCPROPERTYSET('2ZrVfRGl5LpFzHE$iKPYgC',$,'Pset_SiteContext',$,(#304,#305,#306));
#308=IFCRELDEFINESBYPROPERTIES('2p8m4PR4UFsSCkrdX0B0Sm',$,$,$,(#303),#307);
#309=IFCCARTESIANPOINT((-181.74859734147321,94.96766484063119));
#310=IFCCARTESIANPOINT((-182.37618061550893,94.49467825703323));
#311=IFCCARTESIANPOINT((-180.4612785751233,98.9268628237769));
#312=IFCCARTESIANPOINT((-185.59747593302745,100.71498590614647));
#313=IFCCARTESIANPOINT((-186.85849286115263,98.16779801808298));
#314=IFCCARTESIANPOINT((-187.33602880581748,97.204301064834));
#315=IFCCARTESIANPOINT((-187.65243582776748,97.09570830594748));
#316=IFCCARTESIANPOINT((-191.72353280428797,86.55422949139029));
#317=IFCCARTESIANPOINT((-185.72145410836674,83.88049858994782));
#318=IFCCARTESIANPOINT((-184.34667300607543,83.31318140774965));
#319=IFCCARTESIANPOINT((-183.20594375650398,82.83675124961883));
#320=IFCCARTESIANPOINT((-177.5371960704215,84.23565237689763));
#321=IFCCARTESIANPOINT((-171.7582127713831,85.65589115209877));
#322=IFCCARTESIANPOINT((-170.12001692398917,90.34611452743411));
#323=IFCCARTESIANPOINT((-168.58673890202772,94.77032506465912));
#324=IFCCARTESIANPOINT((-178.09866059024353,98.02893518749624));
#325=IFCCARTESIANPOINT((-179.12571467540693,95.37974004261196));
#326=IFCCARTESIANPOINT((-180.10089556046296,95.4656100794673));
#327=IFCCARTESIANPOINT((-180.63686331256758,95.4255444156006));
#328=IFCCARTESIANPOINT((-181.24005456257146,95.2414738861844));
#329=IFCPOLYLINE((#309,#310,#311,#312,#313,#314,#315,#316,#317,#318,#319,#320,#321,#322,#323,#324,#325,#326,#327,#328,#309));
#330=IFCARBITRARYCLOSEDPROFILEDEF(.AREA.,$,#329);
#331=IFCEXTRUDEDAREASOLID(#330,#8,#6,21.);
#332=IFCSHAPEREPRESENTATION(#11,'Body','SweptSolid',(#331));
#333=IFCPRODUCTDEFINITIONSHAPE($,$,(#332));
#334=IFCLOCALPLACEMENT(#13,#8);
#335=IFCBUILDINGELEMENTPROXY('32Ci3M88iCAi1yXEzH4uON',$,'Building 49363304',$,$,#334,#333,$,.ELEMENT.);
#336=IFCPROPERTYSINGLEVALUE('osm_id',$,IFCLABEL('way/49363304'),$);
#337=IFCPROPERTYSINGLEVALUE('height_source',$,IFCLABEL('tag:levels'),$);
#338=IFCPROPERTYSINGLEVALUE('height_m',$,IFCREAL(21.),$);
#339=IFCPROPERTYSET('2eqSNKf4N2L1ci91kT5DR0',$,'Pset_SiteContext',$,(#336,#337,#338));
#340=IFCRELDEFINESBYPROPERTIES('2mwDqLM41ZOp1yih0G6fGR',$,$,$,(#335),#339);
#341=IFCCARTESIANPOINT((-132.8505988845136,113.80257190484554));
#342=IFCCARTESIANPOINT((-130.8737553037936,123.09365483932197));
#343=IFCCARTESIANPOINT((-137.13674670492765,126.15867277421057));
#344=IFCCARTESIANPOINT((-143.5458302834304,129.3027390288189));
#345=IFCCARTESIANPOINT((-146.3133130822098,128.2580040404573));
#346=IFCCARTESIANPOINT((-147.98046125262044,123.61249055434018));
#347=IFCCARTESIANPOINT((-149.92548600782175,118.19087245967239));
#348=IFCCARTESIANPOINT((-140.89747438428458,115.87036038469523));
#349=IFCCARTESIANPOINT((-140.28671014355496,117.86691458243877));
#350=IFCCARTESIANPOINT((-139.27640296320897,117.59172407630831));
#351=IFCCARTESIANPOINT((-139.82847103476524,115.59468680433929));
#352=IFCPOLYLINE((#341,#342,#343,#344,#345,#346,#347,#348,#349,#350,#351,#341));
#353=IFCARBITRARYCLOSEDPROFILEDEF(.AREA.,$,#352);
#354=IFCEXTRUDEDAREASOLID(#353,#8,#6,21.);
#355=IFCSHAPEREPRESENTATION(#11,'Body','SweptSolid',(#354));
#356=IFCPRODUCTDEFINITIONSHAPE($,$,(#355));
#357=IFCLOCALPLACEMENT(#13,#8);
#358=IFCBUILDINGELEMENTPROXY('39z7HpYP5odhXJAvY1Q8d6',$,'Building 49363305',$,$,#357,#356,$,.ELEMENT.);
#359=IFCPROPERTYSINGLEVALUE('osm_id',$,IFCLABEL('way/49363305'),$);
#360=IFCPROPERTYSINGLEVALUE('height_source',$,IFCLABEL('tag:levels'),$);
#361=IFCPROPERTYSINGLEVALUE('height_m',$,IFCREAL(21.),$);
#362=IFCPROPERTYSET('2bvGTU1RBAdqt9VKU32HNL',$,'Pset_SiteContext',$,(#359,#360,#361));
#363=IFCRELDEFINESBYPROPERTIES('09EGNFzZEN2LvzAVWMXn3K',$,$,$,(#358),#362);
#364=IFCCARTESIANPOINT((-164.6032633120194,140.12891461141407));
#365=IFCCARTESIANPOINT((-165.78708897088654,140.71689512114972));
#366=IFCCARTESIANPOINT((-174.6367922507925,145.08203853666782));
#367=IFCCARTESIANPOINT((-182.16124721616507,141.97483402397484));
#368=IFCCARTESIANPOINT((-185.6876393732382,132.52973058540374));
#369=IFCCARTESIANPOINT((-174.42131667560898,128.47826767060906));
#370=IFCCARTESIANPOINT((-170.72686110436916,127.14682024437934));
#371=IFCPOLYLINE((#364,#365,#366,#367,#368,#369,#370,#364));
#372=IFCARBITRARYCLOSEDPROFILEDEF(.AREA.,$,#371);
#373=IFCEXTRUDEDAREASOLID(#372,#8,#6,21.);
#374=IFCSHAPEREPRESENTATION(#11,'Body','SweptSolid',(#373));
#375=IFCPRODUCTDEFINITIONSHAPE($,$,(#374));
#376=IFCLOCALPLACEMENT(#13,#8);
#377=IFCBUILDINGELEMENTPROXY('271eM$CvuNHwDeiv0F$bFB',$,'Building 49363307',$,$,#376,#375,$,.ELEMENT.);
#378=IFCPROPERTYSINGLEVALUE('osm_id',$,IFCLABEL('way/49363307'),$);
#379=IFCPROPERTYSINGLEVALUE('height_source',$,IFCLABEL('tag:levels'),$);
#380=IFCPROPERTYSINGLEVALUE('height_m',$,IFCREAL(21.),$);
#381=IFCPROPERTYSET('0Ko61iY$kIqYLDlP$$pnl4',$,'Pset_SiteContext',$,(#378,#379,#380));
#382=IFCRELDEFINESBYPROPERTIES('3t9m9SPGYvaPaVKC8T0Vlj',$,$,$,(#377),#381);
#383=IFCCARTESIANPOINT((-174.42131667560898,128.47826767060906));
#384=IFCCARTESIANPOINT((-185.6876393732382,132.52973058540374));
#385=IFCCARTESIANPOINT((-186.08510688948445,131.48773458506912));
#386=IFCCARTESIANPOINT((-186.5352154339198,130.29049373138696));
#387=IFCCARTESIANPOINT((-188.91461078310385,123.80495645292103));
#388=IFCCARTESIANPOINT((-170.27017947111744,117.55771561339498));
#389=IFCCARTESIANPOINT((-167.3912744630361,125.89616903755814));
#390=IFCCARTESIANPOINT((-170.2660054920707,126.97622735798359));
#391=IFCCARTESIANPOINT((-170.57533542439342,125.94462455436587));
#392=IFCCARTESIANPOINT((-171.23401457758155,126.15020597260445));
#393=IFCCARTESIANPOINT((-171.75895499344915,124.77566196490079));
#394=IFCCARTESIANPOINT((-171.0790887660114,124.46982703730464));
#395=IFCCARTESIANPOINT((-171.2896508857375,123.84884696174413));
#396=IFCCARTESIANPOINT((-173.98269760317635,124.71613325271755));
#397=IFCCARTESIANPOINT((-175.47734553937335,125.87378942780197));
#398=IFCPOLYLINE((#383,#384,#385,#386,#387,#388,#389,#390,#391,#392,#393,#394,#395,#396,#397,#383));
#399=IFCARBITRARYCLOSEDPROFILEDEF(.AREA.,$,#398);
#400=IFCEXTRUDEDAREASOLID(#399,#8,#6,21.);
#401=IFCSHAPEREPRESENTATION(#11,'Body','SweptSolid',(#400));
#402=IFCPRODUCTDEFINITIONSHAPE($,$,(#401));
#403=IFCLOCALPLACEMENT(#13,#8);
#404=IFCBUILDINGELEMENTPROXY('000NwikJIlTm2fDNM4eUSj',$,'Building 49363308',$,$,#403,#402,$,.ELEMENT.);
#405=IFCPROPERTYSINGLEVALUE('osm_id',$,IFCLABEL('way/49363308'),$);
#406=IFCPROPERTYSINGLEVALUE('height_source',$,IFCLABEL('tag:levels'),$);
#407=IFCPROPERTYSINGLEVALUE('height_m',$,IFCREAL(21.),$);
#408=IFCPROPERTYSET('335WfNfGzUb_Ej8BhTILTc',$,'Pset_SiteContext',$,(#405,#406,#407));
#409=IFCRELDEFINESBYPROPERTIES('3NkHEcmHv2CFs1pFRv5IAS',$,$,$,(#404),#408);
#410=IFCCARTESIANPOINT((-170.27017947111744,117.55771561339498));
#411=IFCCARTESIANPOINT((-161.55353165825363,114.85053888056427));
#412=IFCCARTESIANPOINT((-155.13710364431608,133.10105898138136));
#413=IFCCARTESIANPOINT((-156.3534363488434,135.98000243585557));
#414=IFCCARTESIANPOINT((-163.18621113453992,139.34997617825866));
#415=IFCCARTESIANPOINT((-164.6032633120194,140.12891461141407));
#416=IFCCARTESIANPOINT((-170.72686110436916,127.14682024437934));
#417=IFCCARTESIANPOINT((-170.2660054920707,126.97622735798359));
#418=IFCCARTESIANPOINT((-167.3912744630361,125.89616903755814));
#419=IFCPOLYLINE((#410,#411,#412,#413,#414,#415,#416,#417,#418,#410));
#420=IFCARBITRARYCLOSEDPROFILEDEF(.AREA.,$,#419);
#421=IFCEXTRUDEDAREASOLID(#420,#8,#6,21.);
#422=IFCSHAPEREPRESENTATION(#11,'Body','SweptSolid',(#421));
#423=IFCPRODUCTDEFINITIONSHAPE($,$,(#422));
#424=IFCLOCALPLACEMENT(#13,#8);
#425=IFCBUILDINGELEMENTPROXY('0RNND$7WJUJ6szGU$RP9Cb',$,'Building 49363309',$,$,#424,#423,$,.ELEMENT.);
#426=IFCPROPERTYSINGLEVALUE('osm_id',$,IFCLABEL('way/49363309'),$);
#427=IFCPROPERTYSINGLEVALUE('height_source',$,IFCLABEL('tag:levels'),$);
#428=IFCPROPERTYSINGLEVALUE('height_m',$,IFCREAL(21.),$);
#429=IFCPROPERTYSET('1N$sjW0wjRDifC9HvXVgWX',$,'Pset_SiteContext',$,(#426,#427,#428));
#430=IFCRELDEFINESBYPROPERTIES('2HPtRCprnVeT929raxK2CE',$,$,$,(#425),#429);
#431=IFCCARTESIANPOINT((-289.63055448944215,51.577752319164574));
#432=IFCCARTESIANPOINT((-287.6928111152956,56.0986712006852));
#433=IFCCARTESIANPOINT((-286.80978503392544,58.18192131817341));
#434=IFCCARTESIANPOINT((-286.89021730294917,58.21594483498484));
#435=IFCCARTESIANPOINT((-277.06590661173686,81.25310944858938));
#436=IFCCARTESIANPOINT((-276.99262812244706,81.24138486664742));
#437=IFCCARTESIANPOINT((-276.0574246472679,83.42428540345281));
#438=IFCCARTESIANPOINT((-274.04486397781875,88.12251067347825));
#439=IFCCARTESIANPOINT((-273.8354823208647,88.59893813170493));
#440=IFCCARTESIANPOINT((-274.0328477328876,88.68952579144388));
#441=IFCCARTESIANPOINT((-273.9726836211048,88.86694755032659));
#442=IFCCARTESIANPOINT((-286.69531307264697,94.27612890675664));
#443=IFCCARTESIANPOINT((-307.87735659384634,103.3246694020927));
#444=IFCCARTESIANPOINT((-306.8811535933055,105.7850589659065));
#445=IFCCARTESIANPOINT((-316.51256744528655,109.66759789548814));
#446=IFCCARTESIANPOINT((-317.05009608494584,109.43851960450411));
#447=IFCCARTESIANPOINT((-317.58047144522425,109.18714250531048));
#448=IFCCARTESIANPOINT((-320.94321038085036,100.04100740794092));
#449=IFCCARTESIANPOINT((-318.44130295258947,99.13075199536979));
#450=IFCCARTESIANPOINT((-323.355772138224,86.89498634170741));
#451=IFCCARTESIANPOINT((-327.9854839917971,75.37966624926776));
#452=IFCCARTESIANPOINT((-328.2562193439808,75.47086184564978));
#453=IFCCARTESIANPOINT((-328.2860267384676,75.41550864372402));
#454=IFCCARTESIANPOINT((-330.0488318532007,76.08614454045892));
#455=IFCCARTESIANPOINT((-333.38766860275064,67.17333897668868));
#456=IFCCARTESIANPOINT((-321.30205947184004,61.92499632295221));
#457=IFCCARTESIANPOINT((-320.65839953068644,63.45422424003482));
#458=IFCCARTESIANPOINT((-311.9066227126168,59.66790352202952));
#459=IFCCARTESIANPOINT((-290.4408490007045,50.30565394554287));
#460=IFCCARTESIANPOINT((-290.31483399600256,50.46029216423631));
#461=IFCCARTESIANPOINT((-290.1466322160559,50.392184478230774));
#462=IFCPOLYLINE((#431,#432,#433,#434,#435,#436,#437,#438,#439,#440,#441,#442,#443,#444,#445,#446,#447,#448,#449,#450,#451,#452,#453,#454,#455,#456,#457,#458,#459,#460,#461,#431));
#463=IFCARBITRARYCLOSEDPROFILEDEF(.AREA.,$,#462);
#464=IFCEXTRUDEDAREASOLID(#463,#8,#6,25.);
#465=IFCSHAPEREPRESENTATION(#11,'Body','SweptSolid',(#464));
#466=IFCPRODUCTDEFINITIONSHAPE($,$,(#465));
#467=IFCLOCALPLACEMENT(#13,#8);
#468=IFCBUILDINGELEMENTPROXY('3Z2xFpZhtJWgxSPiDMPg3_',$,'Théâtre de la Ville',$,$,#467,#466,$,.ELEMENT.);
#469=IFCPROPERTYSINGLEVALUE('osm_id',$,IFCLABEL('way/53582122'),$);
#470=IFCPROPERTYSINGLEVALUE('height_source',$,IFCLABEL('tag:height'),$);
#471=IFCPROPERTYSINGLEVALUE('height_m',$,IFCREAL(25.),$);
#472=IFCPROPERTYSET('1xqEggnZGZKTM$ZhiBXbB4',$,'Pset_SiteContext',$,(#469,#470,#471));
#473=IFCRELDEFINESBYPROPERTIES('2mPVSW0Brd_coBbzjQtkIX',$,$,$,(#468),#472);
#474=IFCCARTESIANPOINT((-91.77792659320403,-291.78769681137055));
#475=IFCCARTESIANPOINT((-68.50750776217319,-272.83053784258664));
#476=IFCCARTESIANPOINT((-77.93293390760664,-261.6443626116961));
#477=IFCCARTESIANPOINT((-82.9690887046745,-255.67609560955316));
#478=IFCCARTESIANPOINT((-85.90481610479765,-252.17145465128124));
#479=IFCCARTESIANPOINT((-89.71312017191667,-255.73186750430614));
#480=IFCCARTESIANPOINT((-95.8203669305658,-248.8429572088644));
#481=IFCCARTESIANPOINT((-103.61795574659482,-255.66204355563968));
#482=IFCCARTESIANPOINT((-107.23275649221614,-258.8904401855543));
#483=IFCCARTESIANPOINT((-107.59658874571323,-259.4100817926228));
#484=IFCCARTESIANPOINT((-107.95347275480162,-259.0846716193482));
#485=IFCCARTESIANPOINT((-110.89076313353144,-262.01840054709464));
#486=IFCCARTESIANPOINT((-114.56075204990339,-266.6029608026147));
#487=IFCCARTESIANPOINT((-119.75975386088248,-272.4092473099008));
#488=IFCCARTESIANPOINT((-122.95174394885544,-275.97470675688237));
#489=IFCCARTESIANPOINT((-123.18873810570221,-276.23963395599276));
#490=IFCCARTESIANPOINT((-123.52626205596607,-276.23685782775283));
#491=IFCCARTESIANPOINT((-127.61350029346067,-280.6956591680646));
#492=IFCCARTESIANPOINT((-126.35490804968867,-282.0181543948129));
#493=IFCCARTESIANPOINT((-124.72521296807099,-283.72177670057863));
#494=IFCCARTESIANPOINT((-122.20793380541727,-286.35564644634724));
#495=IFCCARTESIANPOINT((-119.0577771787066,-289.66191105823964));
#496=IFCCARTESIANPOINT((-115.45644103747327,-293.42779806256294));
#497=IFCCARTESIANPOINT((-114.357896688045,-294.5821765717119));
#498=IFCCARTESIANPOINT((-110.96760488010477,-298.1350479256362));
#499=IFCCARTESIANPOINT((-110.74921689962503,-298.34812084119767));
#500=IFCCARTESIANPOINT((-108.09370082768146,-301.1276787817478));
#501=IFCCARTESIANPOINT((-104.0703398437472,-305.3307023840025));
#502=IFCPOLYLINE((#474,#475,#476,#477,#478,#479,#480,#481,#482,#483,#484,#485,#486,#487,#488,#489,#490,#491,#492,#493,#494,#495,#496,#497,#498,#499,#500,#501,#474));
#503=IFCARBITRARYCLOSEDPROFILEDEF(.AREA.,$,#502);
#504=IFCEXTRUDEDAREASOLID(#503,#8,#6,15.);
#505=IFCSHAPEREPRESENTATION(#11,'Body','SweptSolid',(#504));
#506=IFCPRODUCTDEFINITIONSHAPE($,$,(#505));
#507=IFCLOCALPLACEMENT(#13,#8);
#508=IFCBUILDINGELEMENTPROXY('2dtlFrsk5e3uXRsrexXPzC',$,'Compagnies motocyclistes de la préfecture de police de Paris',$,$,#507,#506,$,.ELEMENT.);
#509=IFCPROPERTYSINGLEVALUE('osm_id',$,IFCLABEL('way/53657334'),$);
#510=IFCPROPERTYSINGLEVALUE('height_source',$,IFCLABEL('tag:levels'),$);
#511=IFCPROPERTYSINGLEVALUE('height_m',$,IFCREAL(15.),$);
#512=IFCPROPERTYSET('0c4BZ6hB7hor55wyYGP4tG',$,'Pset_SiteContext',$,(#509,#510,#511));
#513=IFCRELDEFINESBYPROPERTIES('2NpohLBtdg79EnHxJ0keLz',$,$,$,(#508),#512);
#514=IFCCARTESIANPOINT((-123.52626205596607,-276.23685782775283));
#515=IFCCARTESIANPOINT((-123.18873810570221,-276.23963395599276));
#516=IFCCARTESIANPOINT((-122.95174394885544,-275.97470675688237));
#517=IFCCARTESIANPOINT((-127.3426758776186,-271.857604091987));
#518=IFCCARTESIANPOINT((-125.50935557542834,-270.2158260010183));
#519=IFCCARTESIANPOINT((-127.21068346046377,-268.30033681727946));
#520=IFCCARTESIANPOINT((-118.21276809810661,-260.0789328785613));
#521=IFCCARTESIANPOINT((-115.45041190146003,-263.2485687592998));
#522=IFCCARTESIANPOINT((-122.14413045090623,-269.676392711699));
#523=IFCCARTESIANPOINT((-119.75975386088248,-272.4092473099008));
#524=IFCCARTESIANPOINT((-114.56075204990339,-266.6029608026147));
#525=IFCCARTESIANPOINT((-110.89076313353144,-262.01840054709464));
#526=IFCCARTESIANPOINT((-107.95347275480162,-259.0846716193482));
#527=IFCCARTESIANPOINT((-107.59658874571323,-259.4100817926228));
#528=IFCCARTESIANPOINT((-107.23275649221614,-258.8904401855543));
#529=IFCCARTESIANPOINT((-109.87725867051631,-255.6661779358983));
#530=IFCCARTESIANPOINT((-109.25579282524996,-255.04857618547976));
#531=IFCCARTESIANPOINT((-111.36189266107976,-252.38473289553076));
#532=IFCCARTESIANPOINT((-112.0560928976629,-252.92389735300094));
#533=IFCCARTESIANPOINT((-114.46019131084904,-249.91288690641522));
#534=IFCCARTESIANPOINT((-115.10284655692521,-250.43023517914116));
#535=IFCCARTESIANPOINT((-115.07569131313358,-250.69733500480652));
#536=IFCCARTESIANPOINT((-123.19871413614601,-257.82507477141917));
#537=IFCCARTESIANPOINT((-123.01948467560578,-258.3380622183904));
#538=IFCCARTESIANPOINT((-127.02546982176136,-261.8412253903225));
#539=IFCCARTESIANPOINT((-127.24458750709891,-261.71710461191833));
#540=IFCCARTESIANPOINT((-129.0034334632801,-263.2260566279292));
#541=IFCCARTESIANPOINT((-134.76285809918772,-268.47172721102834));
#542=IFCCARTESIANPOINT((-137.50673962605651,-271.0845579886809));
#543=IFCCARTESIANPOINT((-136.17569181427825,-272.51885013561696));
#544=IFCCARTESIANPOINT((-133.63007908000145,-275.275276648812));
#545=IFCCARTESIANPOINT((-131.62258946767543,-277.4379229862243));
#546=IFCCARTESIANPOINT((-129.72845336666796,-279.99995080474764));
#547=IFCCARTESIANPOINT((-128.58909078047145,-281.5438627768308));
#548=IFCCARTESIANPOINT((-127.61350029346067,-280.6956591680646));
#549=IFCPOLYLINE((#514,#515,#516,#517,#518,#519,#520,#521,#522,#523,#524,#525,#526,#527,#528,#529,#530,#531,#532,#533,#534,#535,#536,#537,#538,#539,#540,#541,#542,#543,#544,#545,#546,#547,#548,#514));
#550=IFCARBITRARYCLOSEDPROFILEDEF(.AREA.,$,#549);
#551=IFCEXTRUDEDAREASOLID(#550,#8,#6,9.);
#552=IFCSHAPEREPRESENTATION(#11,'Body','SweptSolid',(#551));
#553=IFCPRODUCTDEFINITIONSHAPE($,$,(#552));
#554=IFCLOCALPLACEMENT(#13,#8);
#555=IFCBUILDINGELEMENTPROXY('2Teqvo4dgE9sD0DsU4r0bG',$,'Building 53657353',$,$,#554,#553,$,.ELEMENT.);
#556=IFCPROPERTYSINGLEVALUE('osm_id',$,IFCLABEL('way/53657353'),$);
#557=IFCPROPERTYSINGLEVALUE('height_source',$,IFCLABEL('tag:levels'),$);
#558=IFCPROPERTYSINGLEVALUE('height_m',$,IFCREAL(9.),$);
#559=IFCPROPERTYSET('0K8TKKPGJc$E1fSgghwbxx',$,'Pset_SiteContext',$,(#556,#557,#558));
#560=IFCRELDEFINESBYPROPERTIES('1cTOKAJcx4GubEu5w0pq83',$,$,$,(#555),#559);
#561=IFCCARTESIANPOINT((-134.76285809918772,-268.47172721102834));
#562=IFCCARTESIANPOINT((-138.30574075807817,-264.7396677173674));
#563=IFCCARTESIANPOINT((-141.67231858626474,-261.87640519905835));
#564=IFCCARTESIANPOINT((-134.58704934606794,-255.12934879865497));
#565=IFCCARTESIANPOINT((-128.47757527709473,-260.85073357168585));
#566=IFCCARTESIANPOINT((-129.93366464204155,-262.12865881994367));
#567=IFCCARTESIANPOINT((-129.0034334632801,-263.2260566279292));
#568=IFCCARTESIANPOINT((-127.24458750709891,-261.71710461191833));
#569=IFCCARTESIANPOINT((-127.02546982176136,-261.8412253903225));
#570=IFCCARTESIANPOINT((-123.01948467560578,-258.3380622183904));
#571=IFCCARTESIANPOINT((-123.19871413614601,-257.82507477141917));
#572=IFCCARTESIANPOINT((-115.07569131313358,-250.69733500480652));
#573=IFCCARTESIANPOINT((-115.10284655692521,-250.43023517914116));
#574=IFCCARTESIANPOINT((-120.58505238499492,-245.169937139377));
#575=IFCCARTESIANPOINT((-124.71731837152038,-248.86110113095492));
#576=IFCCARTESIANPOINT((-126.66610094346106,-246.6989395301789));
#577=IFCCARTESIANPOINT((-124.63872282882221,-244.6584423361346));
#578=IFCCARTESIANPOINT((-124.9510315983789,-244.26667857263237));
#579=IFCCARTESIANPOINT((-123.64775352401193,-242.83181707188487));
#580=IFCCARTESIANPOINT((-121.77812829078175,-244.80428913701326));
#581=IFCCARTESIANPOINT((-121.25305494735949,-244.30821422301233));
#582=IFCCARTESIANPOINT((-121.03448650287464,-244.49904941115528));
#583=IFCCARTESIANPOINT((-117.14868102490436,-240.43890059366822));
#584=IFCCARTESIANPOINT((-120.34889320412185,-236.97654583211988));
#585=IFCCARTESIANPOINT((-124.43601033778396,-241.42423173598945));
#586=IFCCARTESIANPOINT((-125.09969258261845,-240.92949911672622));
#587=IFCCARTESIANPOINT((-147.76661859103478,-262.3377703903243));
#588=IFCCARTESIANPOINT((-140.5464475840563,-267.7347120400518));
#589=IFCCARTESIANPOINT((-139.0193023205502,-269.4152551442385));
#590=IFCCARTESIANPOINT((-137.50673962605651,-271.0845579886809));
#591=IFCPOLYLINE((#561,#562,#563,#564,#565,#566,#567,#568,#569,#570,#571,#572,#573,#574,#575,#576,#577,#578,#579,#580,#581,#582,#583,#584,#585,#586,#587,#588,#589,#590,#561));
#592=IFCARBITRARYCLOSEDPROFILEDEF(.AREA.,$,#591);
#593=IFCEXTRUDEDAREASOLID(#592,#8,#6,12.);
#594=IFCSHAPEREPRESENTATION(#11,'Body','SweptSolid',(#593));
#595=IFCPRODUCTDEFINITIONSHAPE($,$,(#594));
#596=IFCLOCALPLACEMENT(#13,#8);
#597=IFCBUILDINGELEMENTPROXY('2h3eKxznat5j$_WFisE5y2',$,'Building 53657363',$,$,#596,#595,$,.ELEMENT.);
#598=IFCPROPERTYSINGLEVALUE('osm_id',$,IFCLABEL('way/53657363'),$);
#599=IFCPROPERTYSINGLEVALUE('height_source',$,IFCLABEL('tag:levels'),$);
#600=IFCPROPERTYSINGLEVALUE('height_m',$,IFCREAL(12.),$);
#601=IFCPROPERTYSET('3vxKjvPXpmRdVXOixxDP1k',$,'Pset_SiteContext',$,(#598,#599,#600));
#602=IFCRELDEFINESBYPROPERTIES('35FrucgBk4iVKzoiQ_MfGI',$,$,$,(#597),#601);
#603=IFCCARTESIANPOINT((-95.8203669305658,-248.8429572088644));
#604=IFCCARTESIANPOINT((-93.39403535262682,-246.47213304881006));
#605=IFCCARTESIANPOINT((-98.40586341300514,-240.22605524677783));
#606=IFCCARTESIANPOINT((-98.9524230461102,-239.76564803160727));
#607=IFCCARTESIANPOINT((-101.73603342089336,-237.3964742720127));
#608=IFCCARTESIANPOINT((-108.21448237984441,-231.92783945705742));
#609=IFCCARTESIANPOINT((-113.33056365069933,-236.57834986690432));
#610=IFCCARTESIANPOINT((-111.98015724658035,-238.33527188189328));
#611=IFCCARTESIANPOINT((-113.42055670823902,-239.4910120461136));
#612=IFCCARTESIANPOINT((-113.40638534130994,-241.33702461142093));
#613=IFCCARTESIANPOINT((-110.09683646843769,-244.88923325389624));
#614=IFCCARTESIANPOINT((-111.7234161082888,-246.37703852541745));
#615=IFCCARTESIANPOINT((-103.61795574659482,-255.66204355563968));
#616=IFCPOLYLINE((#603,#604,#605,#606,#607,#608,#609,#610,#611,#612,#613,#614,#615,#603));
#617=IFCARBITRARYCLOSEDPROFILEDEF(.AREA.,$,#616);
#618=IFCEXTRUDEDAREASOLID(#617,#8,#6,15.);
#619=IFCSHAPEREPRESENTATION(#11,'Body','SweptSolid',(#618));
#620=IFCPRODUCTDEFINITIONSHAPE($,$,(#619));
#621=IFCLOCALPLACEMENT(#13,#8);
#622=IFCBUILDINGELEMENTPROXY('3GhTM4yEPw9ceW5pCDycC7',$,'Building 53657364',$,$,#621,#620,$,.ELEMENT.);
#623=IFCPROPERTYSINGLEVALUE('osm_id',$,IFCLABEL('way/53657364'),$);
#624=IFCPROPERTYSINGLEVALUE('height_source',$,IFCLABEL('tag:levels'),$);
#625=IFCPROPERTYSINGLEVALUE('height_m',$,IFCREAL(15.),$);
#626=IFCPROPERTYSET('1E6dO$3Yq4dSIpIyl39W96',$,'Pset_SiteContext',$,(#623,#624,#625));
#627=IFCRELDEFINESBYPROPERTIES('3S3of0odfcAs4hKhOq5Cte',$,$,$,(#622),#626);
#628=IFCCARTESIANPOINT((-95.8203669305658,-248.8429572088644));
#629=IFCCARTESIANPOINT((-89.71312017191667,-255.73186750430614));
#630=IFCCARTESIANPOINT((-85.90481610479765,-252.17145465128124));
#631=IFCCARTESIANPOINT((-85.2164937563939,-251.45432110503316));
#632=IFCCARTESIANPOINT((-86.72842649114318,-249.7071979213506));
#633=IFCCARTESIANPOINT((-88.1822071018396,-248.0272713880986));
#634=IFCCARTESIANPOINT((-89.79594828165136,-246.16811203584075));
#635=IFCCARTESIANPOINT((-91.2860487154685,-244.44340672157705));
#636=IFCCARTESIANPOINT((-92.11323395173531,-245.0926790572703));
#637=IFCCARTESIANPOINT((-93.39403535262682,-246.47213304881006));
#638=IFCPOLYLINE((#628,#629,#630,#631,#632,#633,#634,#635,#636,#637,#628));
#639=IFCARBITRARYCLOSEDPROFILEDEF(.AREA.,$,#638);
#640=IFCEXTRUDEDAREASOLID(#639,#8,#6,15.);
#641=IFCSHAPEREPRESENTATION(#11,'Body','SweptSolid',(#640));
#642=IFCPRODUCTDEFINITIONSHAPE($,$,(#641));
#643=IFCLOCALPLACEMENT(#13,#8);
#644=IFCBUILDINGELEMENTPROXY('3l4XZD8rhtetcWCdMd6yMM',$,'Building 53657365',$,$,#643,#642,$,.ELEMENT.);
#645=IFCPROPERTYSINGLEVALUE('osm_id',$,IFCLABEL('way/53657365'),$);
#646=IFCPROPERTYSINGLEVALUE('height_source',$,IFCLABEL('tag:levels'),$);
#647=IFCPROPERTYSINGLEVALUE('height_m',$,IFCREAL(15.),$);
#648=IFCPROPERTYSET('3kbqe5bJbAdFZFPNxQtofW',$,'Pset_SiteContext',$,(#645,#646,#647));
#649=IFCRELDEFINESBYPROPERTIES('1mvLnIf6xei05GhtSJF30Z',$,$,$,(#644),#648);
#650=IFCCARTESIANPOINT((-109.99361340131145,-228.766291026026));
#651=IFCCARTESIANPOINT((-110.6536836901214,-229.61709235608578));
#652=IFCCARTESIANPOINT((-109.57597438816447,-230.62674118485302));
#653=IFCCARTESIANPOINT((-108.8202434257837,-229.74336674436927));
#654=IFCPOLYLINE((#650,#651,#652,#653,#650));
#655=IFCARBITRARYCLOSEDPROFILEDEF(.AREA.,$,#654);
#656=IFCEXTRUDEDAREASOLID(#655,#8,#6,9.);
#657=IFCSHAPEREPRESENTATION(#11,'Body','SweptSolid',(#656));
#658=IFCPRODUCTDEFINITIONSHAPE($,$,(#657));
#659=IFCLOCALPLACEMENT(#13,#8);
#660=IFCBUILDINGELEMENTPROXY('3XoD4vLMzXa24OUFJ7EK12',$,'Building 53657366',$,$,#659,#658,$,.ELEMENT.);
#661=IFCPROPERTYSINGLEVALUE('osm_id',$,IFCLABEL('way/53657366'),$);
#662=IFCPROPERTYSINGLEVALUE('height_source',$,IFCLABEL('fallback'),$);
#663=IFCPROPERTYSINGLEVALUE('height_m',$,IFCREAL(9.),$);
#664=IFCPROPERTYSET('00aUYp9L$bxWjLduhFhfCs',$,'Pset_SiteContext',$,(#661,#662,#663));
#665=IFCRELDEFINESBYPROPERTIES('2nNFOOwfw4CVL2bC_kfNXq',$,$,$,(#660),#664);
#666=IFCCARTESIANPOINT((-160.64193959371187,-245.95233448408544));
#667=IFCCARTESIANPOINT((-157.97659025609028,-242.1824027132243));
#668=IFCCARTESIANPOINT((-161.63012870785315,-239.4168446213007));
#669=IFCCARTESIANPOINT((-166.40499406401068,-237.37596349976957));
#670=IFCCARTESIANPOINT((-166.95702606323175,-238.47228469420224));
#671=IFCCARTESIANPOINT((-170.39624745084438,-245.3271611360833));
#672=IFCCARTESIANPOINT((-166.61046675103717,-247.1819851398468));
#673=IFCCARTESIANPOINT((-162.8245921075577,-249.02568754088134));
#674=IFCPOLYLINE((#666,#667,#668,#669,#670,#671,#672,#673,#666));
#675=IFCARBITRARYCLOSEDPROFILEDEF(.AREA.,$,#674);
#676=IFCEXTRUDEDAREASOLID(#675,#8,#6,21.);
#677=IFCSHAPEREPRESENTATION(#11,'Body','SweptSolid',(#676));
#678=IFCPRODUCTDEFINITIONSHAPE($,$,(#677));
#679=IFCLOCALPLACEMENT(#13,#8);
#680=IFCBUILDINGELEMENTPROXY('2ErkttEFh6HUSx7ZKKPwy4',$,'Building 53657932',$,$,#679,#678,$,.ELEMENT.);
#681=IFCPROPERTYSINGLEVALUE('osm_id',$,IFCLABEL('way/53657932'),$);
#682=IFCPROPERTYSINGLEVALUE('height_source',$,IFCLABEL('tag:levels'),$);
#683=IFCPROPERTYSINGLEVALUE('height_m',$,IFCREAL(21.),$);
#684=IFCPROPERTYSET('3P17BYGHBv1A8crEG8aQrx',$,'Pset_SiteContext',$,(#681,#682,#683));
#685=IFCRELDEFINESBYPROPERTIES('0BgESqsYkZK0qdSguAZ62s',$,$,$,(#680),#684);
#686=IFCCARTESIANPOINT((-86.76787437777966,-240.22163758147508));
#687=IFCCARTESIANPOINT((-87.5277422091458,-240.7157858768478));
#688=IFCCARTESIANPOINT((-85.28386941703502,-243.58091037347913));
#689=IFCCARTESIANPOINT((-83.30864692979958,-246.09911063406616));
#690=IFCCARTESIANPOINT((-81.36249835893977,-248.58371167071164));
#691=IFCCARTESIANPOINT((-82.2881765983766,-249.61025103647262));
#692=IFCCARTESIANPOINT((-77.46767304488458,-255.03187292348593));
#693=IFCCARTESIANPOINT((-76.83969558903482,-254.51439990941435));
#694=IFCCARTESIANPOINT((-69.06643619341776,-247.97307419683784));
#695=IFCCARTESIANPOINT((-71.25457158870995,-244.57466107793152));
#696=IFCCARTESIANPOINT((-73.4571965377545,-241.1538882572204));
#697=IFCCARTESIANPOINT((-73.67448737134691,-240.80738739855587));
#698=IFCCARTESIANPOINT((-77.18855519476347,-235.35202378034592));
#699=IFCCARTESIANPOINT((-78.11586776957847,-233.89882268756628));
#700=IFCPOLYLINE((#686,#687,#688,#689,#690,#691,#692,#693,#694,#695,#696,#697,#698,#699,#686));
#701=IFCARBITRARYCLOSEDPROFILEDEF(.AREA.,$,#700);
#702=IFCEXTRUDEDAREASOLID(#701,#8,#6,15.);
#703=IFCSHAPEREPRESENTATION(#11,'Body','SweptSolid',(#702));
#704=IFCPRODUCTDEFINITIONSHAPE($,$,(#703));
#705=IFCLOCALPLACEMENT(#13,#8);
#706=IFCBUILDINGELEMENTPROXY('29r7dJbN88Izg4O9JxO9nj',$,'Building 53662729',$,$,#705,#704,$,.ELEMENT.);
#707=IFCPROPERTYSINGLEVALUE('osm_id',$,IFCLABEL('way/53662729'),$);
#708=IFCPROPERTYSINGLEVALUE('height_source',$,IFCLABEL('tag:levels'),$);
#709=IFCPROPERTYSINGLEVALUE('height_m',$,IFCREAL(15.),$);
#710=IFCPROPERTYSET('0VaIaS9A7s7qgtejo8AH2e',$,'Pset_SiteContext',$,(#707,#708,#709));
#711=IFCRELDEFINESBYPROPERTIES('1jKusXszkAmQ7pomKyWoOV',$,$,$,(#706),#710);
#712=IFCCARTESIANPOINT((-95.861098671332,-232.37411666754633));
#713=IFCCARTESIANPOINT((-92.54724872752558,-235.4037176379934));
#714=IFCCARTESIANPOINT((-90.63342086097691,-233.7848296565935));
#715=IFCCARTESIANPOINT((-89.6519163484918,-234.8937626676634));
#716=IFCCARTESIANPOINT((-88.53510053735226,-233.82431590929627));
#717=IFCCARTESIANPOINT((-89.4806490879273,-232.80463745445013));
#718=IFCCARTESIANPOINT((-88.85973617888521,-232.25374802853912));
#719=IFCCARTESIANPOINT((-87.49309501796961,-233.82176023628563));
#720=IFCCARTESIANPOINT((-90.81970296567306,-236.80789928231388));
#721=IFCCARTESIANPOINT((-86.76787437777966,-240.22163758147508));
#722=IFCCARTESIANPOINT((-78.11586776957847,-233.89882268756628));
#723=IFCCARTESIANPOINT((-79.30951995030046,-232.7103093387559));
#724=IFCCARTESIANPOINT((-84.04055615863763,-228.01221070811152));
#725=IFCCARTESIANPOINT((-87.76715549989603,-224.31203069072217));
#726=IFCPOLYLINE((#712,#713,#714,#715,#716,#717,#718,#719,#720,#721,#722,#723,#724,#725,#712));
#727=IFCARBITRARYCLOSEDPROFILEDEF(.AREA.,$,#726);
#728=IFCEXTRUDEDAREASOLID(#727,#8,#6,18.);
#729=IFCSHAPEREPRESENTATION(#11,'Body','SweptSolid',(#728));
#730=IFCPRODUCTDEFINITIONSHAPE($,$,(#729));
#731=IFCLOCALPLACEMENT(#13,#8);
#732=IFCBUILDINGELEMENTPROXY('1OIx0cp5CtXGIVvaT5P$UB',$,'Building 53662730',$,$,#731,#730,$,.ELEMENT.);
#733=IFCPROPERTYSINGLEVALUE('osm_id',$,IFCLABEL('way/53662730'),$);
#734=IFCPROPERTYSINGLEVALUE('height_source',$,IFCLABEL('tag:levels'),$);
#735=IFCPROPERTYSINGLEVALUE('height_m',$,IFCREAL(18.),$);
#736=IFCPROPERTYSET('0syLSwN9JlWDRjQCN4MPOa',$,'Pset_SiteContext',$,(#733,#734,#735));
#737=IFCRELDEFINESBYPROPERTIES('1MwSMymbsGqoIReBF1VUqO',$,$,$,(#732),#736);
#738=IFCCARTESIANPOINT((-148.19616331299767,-218.23288615606725));
#739=IFCCARTESIANPOINT((-147.17025975580327,-215.7282406296581));
#740=IFCCARTESIANPOINT((-146.23418346070684,-216.11401887517422));
#741=IFCCARTESIANPOINT((-144.93555497261696,-216.13582502119243));
#742=IFCCARTESIANPOINT((-147.00474154169206,-218.79868356510997));
#743=IFCCARTESIANPOINT((-142.8958146093646,-222.40196942351758));
#744=IFCCARTESIANPOINT((-142.2520620241994,-221.75119485799223));
#745=IFCCARTESIANPOINT((-133.83809730270877,-212.25734365731478));
#746=IFCCARTESIANPOINT((-135.68973973812535,-209.88470010273159));
#747=IFCCARTESIANPOINT((-138.28381065477151,-208.56233409326524));
#748=IFCCARTESIANPOINT((-140.2268834715942,-211.05943491403013));
#749=IFCCARTESIANPOINT((-142.31659511476755,-209.9747339822352));
#750=IFCCARTESIANPOINT((-141.16586838813964,-207.45999448560178));
#751=IFCCARTESIANPOINT((-149.4823271492496,-203.32169091980904));
#752=IFCCARTESIANPOINT((-152.69891499332152,-209.8781754784286));
#753=IFCCARTESIANPOINT((-155.176752539468,-214.93955744616687));
#754=IFCPOLYLINE((#738,#739,#740,#741,#742,#743,#744,#745,#746,#747,#748,#749,#750,#751,#752,#753,#738));
#755=IFCARBITRARYCLOSEDPROFILEDEF(.AREA.,$,#754);
#756=IFCEXTRUDEDAREASOLID(#755,#8,#6,21.);
#757=IFCSHAPEREPRESENTATION(#11,'Body','SweptSolid',(#756));
#758=IFCPRODUCTDEFINITIONSHAPE($,$,(#757));
#759=IFCLOCALPLACEMENT(#13,#8);
#760=IFCBUILDINGELEMENTPROXY('0gUC0MPcyVYNSzZGTXknW2',$,'Building 53662733',$,$,#759,#758,$,.ELEMENT.);
#761=IFCPROPERTYSINGLEVALUE('osm_id',$,IFCLABEL('way/53662733'),$);
#762=IFCPROPERTYSINGLEVALUE('height_source',$,IFCLABEL('tag:levels'),$);
#763=IFCPROPERTYSINGLEVALUE('height_m',$,IFCREAL(21.),$);
#764=IFCPROPERTYSET('2qLfMFMpbyJ9elBEJdLQtb',$,'Pset_SiteContext',$,(#761,#762,#763));
#765=IFCRELDEFINESBYPROPERTIES('0JHD8vWAEbFg6NAMjoKNFN',$,$,$,(#760),#764);
#766=IFCCARTESIANPOINT((-155.07642505213153,-229.4962771339342));
#767=IFCCARTESIANPOINT((-151.18468979827594,-232.74194551352412));
#768=IFCCARTESIANPOINT((-147.9632816297235,-228.27603408228606));
#769=IFCCARTESIANPOINT((-147.55597215844318,-227.8234717939049));
#770=IFCCARTESIANPOINT((-147.42995506920852,-227.66883081384003));
#771=IFCCARTESIANPOINT((-142.8958146093646,-222.40196942351758));
#772=IFCCARTESIANPOINT((-147.00474154169206,-218.79868356510997));
#773=IFCCARTESIANPOINT((-148.19616331299767,-218.23288615606725));
#774=IFCCARTESIANPOINT((-155.176752539468,-214.93955744616687));
#775=IFCCARTESIANPOINT((-157.42953005072195,-219.40231830067933));
#776=IFCCARTESIANPOINT((-161.03986941790208,-226.54490901250392));
#777=IFCPOLYLINE((#766,#767,#768,#769,#770,#771,#772,#773,#774,#775,#776,#766));
#778=IFCARBITRARYCLOSEDPROFILEDEF(.AREA.,$,#777);
#779=IFCEXTRUDEDAREASOLID(#778,#8,#6,21.);
#780=IFCSHAPEREPRESENTATION(#11,'Body','SweptSolid',(#779));
#781=IFCPRODUCTDEFINITIONSHAPE($,$,(#780));
#782=IFCLOCALPLACEMENT(#13,#8);
#783=IFCBUILDINGELEMENTPROXY('1N2q1Eo6zhpKk8gtCTG$hr',$,'Building 53662734',$,$,#782,#781,$,.ELEMENT.);
#784=IFCPROPERTYSINGLEVALUE('osm_id',$,IFCLABEL('way/53662734'),$);
#785=IFCPROPERTYSINGLEVALUE('height_source',$,IFCLABEL('tag:levels'),$);
#786=IFCPROPERTYSINGLEVALUE('height_m',$,IFCREAL(21.),$);
#787=IFCPROPERTYSET('2SC8s7U$IJRnDU6Li2OvVA',$,'Pset_SiteContext',$,(#784,#785,#786));
#788=IFCRELDEFINESBYPROPERTIES('1CCj69abpd_G3JBeg4yPru',$,$,$,(#783),#787);
#789=IFCCARTESIANPOINT((-161.63012870785315,-239.4168446213007));
#790=IFCCARTESIANPOINT((-157.97659025609028,-242.1824027132243));
#791=IFCCARTESIANPOINT((-153.99796867009718,-236.6552212573588));
#792=IFCCARTESIANPOINT((-151.18468979827594,-232.74194551352412));
#793=IFCCARTESIANPOINT((-155.07642505213153,-229.4962771339342));
#794=IFCCARTESIANPOINT((-161.03986941790208,-226.54490901250392));
#795=IFCCARTESIANPOINT((-163.03970535867848,-230.58719485905021));
#796=IFCCARTESIANPOINT((-166.40499406401068,-237.37596349976957));
#797=IFCPOLYLINE((#789,#790,#791,#792,#793,#794,#795,#796,#789));
#798=IFCARBITRARYCLOSEDPROFILEDEF(.AREA.,$,#797);
#799=IFCEXTRUDEDAREASOLID(#798,#8,#6,21.);
#800=IFCSHAPEREPRESENTATION(#11,'Body','SweptSolid',(#799));
#801=IFCPRODUCTDEFINITIONSHAPE($,$,(#800));
#802=IFCLOCALPLACEMENT(#13,#8);
#803=IFCBUILDINGELEMENTPROXY('3f3eFALB4KN0rRQFXC7cwh',$,'Building 53662735',$,$,#802,#801,$,.ELEMENT.);
#804=IFCPROPERTYSINGLEVALUE('osm_id',$,IFCLABEL('way/53662735'),$);
#805=IFCPROPERTYSINGLEVALUE('height_source',$,IFCLABEL('tag:levels'),$);
#806=IFCPROPERTYSINGLEVALUE('height_m',$,IFCREAL(21.),$);
#807=IFCPROPERTYSET('2GW03L3U_DpbHgdloOEGUQ',$,'Pset_SiteContext',$,(#804,#805,#806));
#808=IFCRELDEFINESBYPROPERTIES('1qq5vmjm270RA8DJSnkMY3',$,$,$,(#803),#807);
#809=IFCCARTESIANPOINT((-135.68973973812535,-209.88470010273159));
#810=IFCCARTESIANPOINT((-133.83809730270877,-212.25734365731478));
#811=IFCCARTESIANPOINT((-129.45647403411567,-216.60789406765252));
#812=IFCCARTESIANPOINT((-128.64140234899241,-215.64717124029994));
#813=IFCCARTESIANPOINT((-125.80346554843709,-212.30119833163917));
#814=IFCCARTESIANPOINT((-125.83062008849811,-212.0340983727947));
#815=IFCCARTESIANPOINT((-125.85768316546455,-211.75587930623442));
#816=IFCCARTESIANPOINT((-128.95890069194138,-208.75024730712175));
#817=IFCCARTESIANPOINT((-128.6245710584335,-205.5727178864181));
#818=IFCCARTESIANPOINT((-129.79710955312476,-204.49556600954384));
#819=IFCPOLYLINE((#809,#810,#811,#812,#813,#814,#815,#816,#817,#818,#809));
#820=IFCARBITRARYCLOSEDPROFILEDEF(.AREA.,$,#819);
#821=IFCEXTRUDEDAREASOLID(#820,#8,#6,18.);
#822=IFCSHAPEREPRESENTATION(#11,'Body','SweptSolid',(#821));
#823=IFCPRODUCTDEFINITIONSHAPE($,$,(#822));
#824=IFCLOCALPLACEMENT(#13,#8);
#825=IFCBUILDINGELEMENTPROXY('32ZByd2oXfoPuv4sQ9NQWM',$,'Building 53662736',$,$,#824,#823,$,.ELEMENT.);
#826=IFCPROPERTYSINGLEVALUE('osm_id',$,IFCLABEL('way/53662736'),$);
#827=IFCPROPERTYSINGLEVALUE('height_source',$,IFCLABEL('tag:levels'),$);
#828=IFCPROPERTYSINGLEVALUE('height_m',$,IFCREAL(18.),$);
#829=IFCPROPERTYSET('3pA1I213WDQhIyWsKwxZmS',$,'Pset_SiteContext',$,(#826,#827,#828));
#830=IFCRELDEFINESBYPROPERTIES('2o1nIhCGrV1aJVuTYTQwRl',$,$,$,(#825),#829);
#831=IFCCARTESIANPOINT((-108.23199699143879,-221.56398895569146));
#832=IFCCARTESIANPOINT((-106.78942964819726,-222.82127421163023));
#833=IFCCARTESIANPOINT((-105.41977868427057,-224.02236029040068));
#834=IFCCARTESIANPOINT((-102.95003963285126,-226.18879822362214));
#835=IFCCARTESIANPOINT((-98.27269211458042,-230.27487904112786));
#836=IFCCARTESIANPOINT((-95.861098671332,-232.37411666754633));
#837=IFCCARTESIANPOINT((-87.76715549989603,-224.31203069072217));
#838=IFCCARTESIANPOINT((-96.45965465914924,-215.922928115353));
#839=IFCCARTESIANPOINT((-99.40808396739885,-213.0742461644113));
#840=IFCPOLYLINE((#831,#832,#833,#834,#835,#836,#837,#838,#839,#831));
#841=IFCARBITRARYCLOSEDPROFILEDEF(.AREA.,$,#840);
#842=IFCEXTRUDEDAREASOLID(#841,#8,#6,24.);
#843=IFCSHAPEREPRESENTATION(#11,'Body','SweptSolid',(#842));
#844=IFCPRODUCTDEFINITIONSHAPE($,$,(#843));
#845=IFCLOCALPLACEMENT(#13,#8);
#846=IFCBUILDINGELEMENTPROXY('1ikyrkI2di84T0BFFe2mCz',$,'Building 53662737',$,$,#845,#844,$,.ELEMENT.);
#847=IFCPROPERTYSINGLEVALUE('osm_id',$,IFCLABEL('way/53662737'),$);
#848=IFCPROPERTYSINGLEVALUE('height_source',$,IFCLABEL('tag:levels'),$);
#849=IFCPROPERTYSINGLEVALUE('height_m',$,IFCREAL(24.),$);
#850=IFCPROPERTYSET('2cRMb23BHQzMQxx6yeSUpb',$,'Pset_SiteContext',$,(#847,#848,#849));
#851=IFCRELDEFINESBYPROPERTIES('1X4p1zNzq3St68nITVIusd',$,$,$,(#846),#850);
#852=IFCCARTESIANPOINT((-104.85972998570651,-207.66965431720018));
#853=IFCCARTESIANPOINT((-110.45683342963457,-202.10818292479962));
#854=IFCCARTESIANPOINT((-115.09401784546208,-207.41870224755257));
#855=IFCCARTESIANPOINT((-117.73861337278504,-210.45491449348629));
#856=IFCCARTESIANPOINT((-117.47714493225794,-213.45942655205727));
#857=IFCCARTESIANPOINT((-108.23199699143879,-221.56398895569146));
#858=IFCCARTESIANPOINT((-99.40808396739885,-213.0742461644113));
#859=IFCPOLYLINE((#852,#853,#854,#855,#856,#857,#858,#852));
#860=IFCARBITRARYCLOSEDPROFILEDEF(.AREA.,$,#859);
#861=IFCEXTRUDEDAREASOLID(#860,#8,#6,21.);
#862=IFCSHAPEREPRESENTATION(#11,'Body','SweptSolid',(#861));
#863=IFCPRODUCTDEFINITIONSHAPE($,$,(#862));
#864=IFCLOCALPLACEMENT(#13,#8);
#865=IFCBUILDINGELEMENTPROXY('1jjgwMOZE7rLTCCq$KnbO2',$,'Building 53662738',$,$,#864,#863,$,.ELEMENT.);
#866=IFCPROPERTYSINGLEVALUE('osm_id',$,IFCLABEL('way/53662738'),$);
#867=IFCPROPERTYSINGLEVALUE('height_source',$,IFCLABEL('tag:levels'),$);
#868=IFCPROPERTYSINGLEVALUE('height_m',$,IFCREAL(21.),$);
#869=IFCPROPERTYSET('2$ZTHux_0AjSoGxVyKhXLY',$,'Pset_SiteContext',$,(#866,#867,#868));
#870=IFCRELDEFINESBYPROPERTIES('2QZ988aoHRhjKgchs6qDsS',$,$,$,(#865),#869);
#871=IFCCARTESIANPOINT((-76.83969558903482,-254.51439990941435));
#872=IFCCARTESIANPOINT((-75.55384917871561,-256.09286491479725));
#873=IFCCARTESIANPOINT((-73.13477907783817,-259.07062234170735));
#874=IFCCARTESIANPOINT((-71.45663619833067,-261.13046327326447));
#875=IFCCARTESIANPOINT((-70.1346476477338,-262.77594303153455));
#876=IFCCARTESIANPOINT((-66.73515369917732,-266.9960561087355));
#877=IFCCARTESIANPOINT((-64.3525791146094,-269.951270012185));
#878=IFCCARTESIANPOINT((-59.11779948102776,-266.0356029327959));
#879=IFCCARTESIANPOINT((-57.93631621741224,-265.1334795039147));
#880=IFCCARTESIANPOINT((-63.58838354726322,-256.4246868342161));
#881=IFCCARTESIANPOINT((-69.06643619341776,-247.97307419683784));
#882=IFCPOLYLINE((#871,#872,#873,#874,#875,#876,#877,#878,#879,#880,#881,#871));
#883=IFCARBITRARYCLOSEDPROFILEDEF(.AREA.,$,#882);
#884=IFCEXTRUDEDAREASOLID(#883,#8,#6,9.);
#885=IFCSHAPEREPRESENTATION(#11,'Body','SweptSolid',(#884));
#886=IFCPRODUCTDEFINITIONSHAPE($,$,(#885));
#887=IFCLOCALPLACEMENT(#13,#8);
#888=IFCBUILDINGELEMENTPROXY('1jRXjsRCbmsq_TMlEiz66m',$,'Building 53662746',$,$,#887,#886,$,.ELEMENT.);
#889=IFCPROPERTYSINGLEVALUE('osm_id',$,IFCLABEL('way/53662746'),$);
#890=IFCPROPERTYSINGLEVALUE('height_source',$,IFCLABEL('fallback'),$);
#891=IFCPROPERTYSINGLEVALUE('height_m',$,IFCREAL(9.),$);
#892=IFCPROPERTYSET('0UnF54HX5iGjHdfpqwmKRY',$,'Pset_SiteContext',$,(#889,#890,#891));
#893=IFCRELDEFINESBYPROPERTIES('3s7oq5fBshySvxY$snioVK',$,$,$,(#888),#892);
#894=IFCCARTESIANPOINT((-114.66468154243194,-33.863358058966696));
#895=IFCCARTESIANPOINT((-112.41378847148735,-27.832656864076853));
#896=IFCCARTESIANPOINT((-137.4754313287558,-18.452612274326384));
#897=IFCCARTESIANPOINT((-141.92358132265508,-27.556549908593297));
#898=IFCCARTESIANPOINT((-131.7886304332642,-33.60018976777792));
#899=IFCCARTESIANPOINT((-130.58385162381455,-34.3217730615288));
#900=IFCCARTESIANPOINT((-124.69862772885244,-37.8395860362798));
#901=IFCCARTESIANPOINT((-120.28828226355836,-40.466792485676706));
#902=IFCCARTESIANPOINT((-116.45052376994863,-38.66357679106295));
#903=IFCPOLYLINE((#894,#895,#896,#897,#898,#899,#900,#901,#902,#894));
#904=IFCARBITRARYCLOSEDPROFILEDEF(.AREA.,$,#903);
#905=IFCEXTRUDEDAREASOLID(#904,#8,#6,21.);
#906=IFCSHAPEREPRESENTATION(#11,'Body','SweptSolid',(#905));
#907=IFCPRODUCTDEFINITIONSHAPE($,$,(#906));
#908=IFCLOCALPLACEMENT(#13,#8);
#909=IFCBUILDINGELEMENTPROXY('04CKkVuF11ng$v5MRDQkNL',$,'Building 55477082',$,$,#908,#907,$,.ELEMENT.);
#910=IFCPROPERTYSINGLEVALUE('osm_id',$,IFCLABEL('way/55477082'),$);
#911=IFCPROPERTYSINGLEVALUE('height_source',$,IFCLABEL('tag:levels'),$);
#912=IFCPROPERTYSINGLEVALUE('height_m',$,IFCREAL(21.),$);
#913=IFCPROPERTYSET('2cV3zTkkkf8oG7DLpiPa6Q',$,'Pset_SiteContext',$,(#910,#911,#912));
#914=IFCRELDEFINESBYPROPERTIES('0Cb4xznJrlTOaLQo82gKLP',$,$,$,(#909),#913);
#915=IFCCARTESIANPOINT((-130.58385162381455,-34.3217730615288));
#916=IFCCARTESIANPOINT((-131.4989470440196,-35.84878755360842));
#917=IFCCARTESIANPOINT((-125.59161913616117,-39.355663353577256));
#918=IFCCARTESIANPOINT((-124.69862772885244,-37.8395860362798));
#919=IFCPOLYLINE((#915,#916,#917,#918,#915));
#920=IFCARBITRARYCLOSEDPROFILEDEF(.AREA.,$,#919);
#921=IFCEXTRUDEDAREASOLID(#920,#8,#6,9.);
#922=IFCSHAPEREPRESENTATION(#11,'Body','SweptSolid',(#921));
#923=IFCPRODUCTDEFINITIONSHAPE($,$,(#922));
#924=IFCLOCALPLACEMENT(#13,#8);
#925=IFCBUILDINGELEMENTPROXY('0EAUO1SnGamMDQXIzC0khM',$,'Building 55477084',$,$,#924,#923,$,.ELEMENT.);
#926=IFCPROPERTYSINGLEVALUE('osm_id',$,IFCLABEL('way/55477084'),$);
#927=IFCPROPERTYSINGLEVALUE('height_source',$,IFCLABEL('fallback'),$);
#928=IFCPROPERTYSINGLEVALUE('height_m',$,IFCREAL(9.),$);
#929=IFCPROPERTYSET('3o9Z$f$OujpzlXECvZKGi_',$,'Pset_SiteContext',$,(#926,#927,#928));
#930=IFCRELDEFINESBYPROPERTIES('1RrWUbNb_4vPKRyLT_IkJl',$,$,$,(#925),#929);
#931=IFCCARTESIANPOINT((210.1614799774252,-150.3484929688275));
#932=IFCCARTESIANPOINT((213.24348001601174,-152.13060235604644));
#933=IFCCARTESIANPOINT((220.36579035420436,-140.77979092486203));
#934=IFCCARTESIANPOINT((220.90648107184097,-141.06220258492976));
#935=IFCCARTESIANPOINT((221.27172916848212,-140.36463394761086));
#936=IFCCARTESIANPOINT((220.82651425688528,-140.07188209332526));
#937=IFCCARTESIANPOINT((221.63635867543053,-138.8441906152293));
#938=IFCCARTESIANPOINT((222.38677799561992,-137.70497265644372));
#939=IFCCARTESIANPOINT((222.88289995491505,-138.05373937543482));
#940=IFCCARTESIANPOINT((223.35105142986868,-137.33477112092078));
#941=IFCCARTESIANPOINT((222.81090570008382,-136.98564496729523));
#942=IFCCARTESIANPOINT((223.28639439994004,-136.26673662569374));
#943=IFCCARTESIANPOINT((226.39405772206374,-131.31041361764073));
#944=IFCCARTESIANPOINT((214.6999736793805,-125.63275162130594));
#945=IFCCARTESIANPOINT((216.48681969102472,-121.57747505325824));
#946=IFCCARTESIANPOINT((215.53891166462563,-119.04552528541535));
#947=IFCCARTESIANPOINT((213.99396023980808,-121.33471924159676));
#948=IFCCARTESIANPOINT((211.2203238492366,-119.53288851492107));
#949=IFCCARTESIANPOINT((212.37431159580592,-117.49625899177045));
#950=IFCCARTESIANPOINT((205.4069039542228,-112.5799704324454));
#951=IFCCARTESIANPOINT((205.18524180434179,-112.76719744876027));
#952=IFCCARTESIANPOINT((204.55025993089657,-112.35057565290481));
#953=IFCCARTESIANPOINT((203.86753053904977,-112.389478106983));
#954=IFCCARTESIANPOINT((202.50191016681492,-111.5888123223558));
#955=IFCCARTESIANPOINT((201.992368650157,-111.98496491927654));
#956=IFCCARTESIANPOINT((197.05501539586112,-108.27507459931076));
#957=IFCCARTESIANPOINT((196.68488182488363,-108.6723656905815));
#958=IFCCARTESIANPOINT((186.6199706119951,-101.18429786339402));
#959=IFCCARTESIANPOINT((186.07737715996336,-101.13538445718586));
#960=IFCCARTESIANPOINT((180.38069512322545,-96.96335987187922));
#961=IFCCARTESIANPOINT((178.8723308617482,-99.26396381855011));
#962=IFCCARTESIANPOINT((175.6050541329896,-96.81312885228544));
#963=IFCCARTESIANPOINT((170.90125002944842,-93.26080260332674));
#964=IFCCARTESIANPOINT((169.3003015044378,-92.52492430526763));
#965=IFCCARTESIANPOINT((167.7033273690613,-92.20051304250956));
#966=IFCCARTESIANPOINT((166.3305355096236,-92.27824921533465));
#967=IFCCARTESIANPOINT((164.62474956887309,-92.69797847885638));
#968=IFCCARTESIANPOINT((163.14359984500334,-93.4642596244812));
#969=IFCCARTESIANPOINT((162.10095724684652,-94.44540306087583));
#970=IFCCARTESIANPOINT((160.6133410288021,-93.31013383064419));
#971=IFCCARTESIANPOINT((160.50200956861954,-93.46490166522563));
#972=IFCCARTESIANPOINT((159.5322471644031,-92.71194162778556));
#973=IFCCARTESIANPOINT((159.02024959842674,-93.40830678213388));
#974=IFCCARTESIANPOINT((157.4249217523029,-95.57475583907217));
#975=IFCCARTESIANPOINT((158.2918719634181,-96.33799541834742));
#976=IFCCARTESIANPOINT((157.9507217926439,-96.78000053297728));
#977=IFCCARTESIANPOINT((158.2932087002555,-97.07191740442067));
#978=IFCCARTESIANPOINT((157.10688365774695,-98.57451870664954));
#979=IFCCARTESIANPOINT((156.84428821271285,-98.38333381060511));
#980=IFCCARTESIANPOINT((156.41427249915432,-98.92469096370041));
#981=IFCCARTESIANPOINT((155.10102271079086,-98.0021235672757));
#982=IFCCARTESIANPOINT((153.37307602143846,-100.23420618660748));
#983=IFCCARTESIANPOINT((154.6564314852003,-101.22324868757278));
#984=IFCCARTESIANPOINT((154.47851887030993,-101.44419113174081));
#985=IFCCARTESIANPOINT((155.17798560054507,-102.05038348026574));
#986=IFCCARTESIANPOINT((153.85704218735918,-103.86323946435004));
#987=IFCCARTESIANPOINT((152.53618888242636,-105.66497600171715));
#988=IFCCARTESIANPOINT((151.86552545055747,-105.12573808152229));
#989=IFCCARTESIANPOINT((151.63616085634567,-105.35737953707576));
#990=IFCCARTESIANPOINT((150.315482153208,-104.44587022066116));
#991=IFCCARTESIANPOINT((148.51343162055127,-106.76630419306457));
#992=IFCCARTESIANPOINT((149.8191632523667,-107.71105125267059));
#993=IFCCARTESIANPOINT((149.49204976984765,-108.23100967425853));
#994=IFCCARTESIANPOINT((149.98734644590877,-108.67985479347408));
#995=IFCCARTESIANPOINT((148.8226649708813,-110.2271107500419));
#996=IFCCARTESIANPOINT((148.36332709621638,-109.86751852743328));
#997=IFCCARTESIANPOINT((147.9189989627339,-110.36427850741893));
#998=IFCCARTESIANPOINT((147.05104765540455,-109.72334777843207));
#999=IFCCARTESIANPOINT((145.38206540280953,-111.92255050688982));
#1000=IFCCARTESIANPOINT((144.94443753140513,-112.49720409698784));
#1001=IFCCARTESIANPOINT((145.93657698784955,-113.20587000716478));
#1002=IFCCARTESIANPOINT((145.79544097348116,-113.41599309258163));
#1003=IFCCARTESIANPOINT((147.33469326689374,-114.51832863874733));
#1004=IFCCARTESIANPOINT((146.65117811621167,-116.44759463146329));
#1005=IFCCARTESIANPOINT((146.62404493638314,-117.97079392150044));
#1006=IFCCARTESIANPOINT((146.7884085031692,-119.4066004678607));
#1007=IFCCARTESIANPOINT((147.3271553319646,-120.82322916667908));
#1008=IFCCARTESIANPOINT((147.9566779040033,-121.90700432378799));
#1009=IFCCARTESIANPOINT((149.1058747380739,-123.15070748142898));
#1010=IFCCARTESIANPOINT((161.8512903181836,-132.16193681396544));
#1011=IFCCARTESIANPOINT((162.10970566468313,-132.86460085771978));
#1012=IFCCARTESIANPOINT((161.6387550982181,-133.02754830289632));
#1013=IFCCARTESIANPOINT((161.7905655716313,-133.30678603146225));
#1014=IFCCARTESIANPOINT((162.24656883836724,-133.17707594763488));
#1015=IFCCARTESIANPOINT((163.64723904116545,-134.17819513753057));
#1016=IFCCARTESIANPOINT((163.6215909087332,-134.6227798871696));
#1017=IFCCARTESIANPOINT((163.68544484802987,-134.8901785975322));
#1018=IFCCARTESIANPOINT((164.43251165864058,-134.16237547434866));
#1019=IFCCARTESIANPOINT((165.0041845209198,-134.24488818924874));
#1020=IFCCARTESIANPOINT((169.98665442178026,-137.8217355068773));
#1021=IFCCARTESIANPOINT((169.74940661818255,-138.1200323458761));
#1022=IFCCARTESIANPOINT((170.48611129401252,-138.6598078608513));
#1023=IFCCARTESIANPOINT((170.75959113275167,-138.41740647237748));
#1024=IFCCARTESIANPOINT((172.07412510854192,-139.18430237751454));
#1025=IFCCARTESIANPOINT((172.06939884321764,-139.7624964863062));
#1026=IFCCARTESIANPOINT((171.5759816390928,-139.98086038883775));
#1027=IFCCARTESIANPOINT((171.6173696401529,-140.30367465689778));
#1028=IFCCARTESIANPOINT((171.91883537638932,-140.22829988598824));
#1029=IFCCARTESIANPOINT((173.0273800258292,-141.06023091915995));
#1030=IFCCARTESIANPOINT((173.9611264943378,-140.83434623666108));
#1031=IFCCARTESIANPOINT((186.43731959175784,-149.57644238043576));
#1032=IFCCARTESIANPOINT((186.34018557530362,-150.6876345537603));
#1033=IFCCARTESIANPOINT((187.24901356582996,-150.81737960781902));
#1034=IFCCARTESIANPOINT((187.4697006175993,-149.85175520833582));
#1035=IFCCARTESIANPOINT((193.42260547436308,-150.51198863610625));
#1036=IFCCARTESIANPOINT((200.2765986288432,-153.14779228065163));
#1037=IFCCARTESIANPOINT((204.19784398120828,-147.40861797425896));
#1038=IFCCARTESIANPOINT((204.6576424348168,-147.7126100761816));
#1039=IFCCARTESIANPOINT((205.19444712542463,-147.5724367974326));
#1040=IFCCARTESIANPOINT((209.2904279824579,-150.0856217481196));
#1041=IFCCARTESIANPOINT((209.30265052884351,-150.38595776818693));
#1042=IFCPOLYLINE((#931,#932,#933,#934,#935,#936,#937,#938,#939,#940,#941,#942,#943,#944,#945,#946,#947,#948,#949,#950,#951,#952,#953,#954,#955,#956,#957,#958,#959,#960,#961,#962,#963,#964,#965,#966,#967,#968,#969,#970,#971,#972,#973,#974,#975,#976,#977,#978,#979,#980,#981,#982,#983,#984,#985,#986,#987,#988,#989,#990,#991,#992,#993,#994,#995,#996,#997,#998,#999,#1000,#1001,#1002,#1003,#1004,#1005,#1006,#1007,#1008,#1009,#1010,#1011,#1012,#1013,#1014,#1015,#1016,#1017,#1018,#1019,#1020,#1021,#1022,#1023,#1024,#1025,#1026,#1027,#1028,#1029,#1030,#1031,#1032,#1033,#1034,#1035,#1036,#1037,#1038,#1039,#1040,#1041,#931));
#1043=IFCARBITRARYCLOSEDPROFILEDEF(.AREA.,$,#1042);
#1044=IFCEXTRUDEDAREASOLID(#1043,#8,#6,21.);
#1045=IFCSHAPEREPRESENTATION(#11,'Body','SweptSolid',(#1044));
#1046=IFCPRODUCTDEFINITIONSHAPE($,$,(#1045));
#1047=IFCLOCALPLACEMENT(#13,#8);
#1048=IFCBUILDINGELEMENTPROXY('0KbV18HCd9yH3UqeVtnUFf',$,'Église Saint-Gervais',$,$,#1047,#1046,$,.ELEMENT.);
#1049=IFCPROPERTYSINGLEVALUE('osm_id',$,IFCLABEL('way/55477164'),$);
#1050=IFCPROPERTYSINGLEVALUE('height_source',$,IFCLABEL('tag:levels'),$);
#1051=IFCPROPERTYSINGLEVALUE('height_m',$,IFCREAL(21.),$);
#1052=IFCPROPERTYSET('2UWniQhfA_BQRXn74mq7M0',$,'Pset_SiteContext',$,(#1049,#1050,#1051));
#1053=IFCRELDEFINESBYPROPERTIES('3fJmGS8TWx66KkDPyl4Cm3',$,$,$,(#1048),#1052);
#1054=IFCCARTESIANPOINT((-239.51436019071843,111.2784090442583));
#1055=IFCCARTESIANPOINT((-247.21489804948214,114.41099906619638));
#1056=IFCCARTESIANPOINT((-248.60763734125067,111.01979885809124));
#1057=IFCCARTESIANPOINT((-240.90709568245802,107.8872070685029));
#1058=IFCPOLYLINE((#1054,#1055,#1056,#1057,#1054));
#1059=IFCARBITRARYCLOSEDPROFILEDEF(.AREA.,$,#1058);
#1060=IFCEXTRUDEDAREASOLID(#1059,#8,#6,9.);
#1061=IFCSHAPEREPRESENTATION(#11,'Body','SweptSolid',(#1060));
#1062=IFCPRODUCTDEFINITIONSHAPE($,$,(#1061));
#1063=IFCLOCALPLACEMENT(#13,#8);
#1064=IFCBUILDINGELEMENTPROXY('0SHVz8dW85SYmDS0VYjbBr',$,'Building 55477602',$,$,#1063,#1062,$,.ELEMENT.);
#1065=IFCPROPERTYSINGLEVALUE('osm_id',$,IFCLABEL('way/55477602'),$);
#1066=IFCPROPERTYSINGLEVALUE('height_source',$,IFCLABEL('fallback'),$);
#1067=IFCPROPERTYSINGLEVALUE('height_m',$,IFCREAL(9.),$);
#1068=IFCPROPERTYSET('0GAHTnppTP$ROmkCa21o5A',$,'Pset_SiteContext',$,(#1065,#1066,#1067));
#1069=IFCRELDEFINESBYPROPERTIES('1M4DlEa2yshTU1ZtUZJ7xC',$,$,$,(#1064),#1068);
#1070=IFCCARTESIANPOINT((240.3774990917882,-142.38875060994178));
#1071=IFCCARTESIANPOINT((236.0435546595836,-139.36213148012757));
#1072=IFCCARTESIANPOINT((236.12562650383916,-139.19600355252624));
#1073=IFCCARTESIANPOINT((229.85999549366534,-135.49753901548684));
#1074=IFCCARTESIANPOINT((228.83092612959445,-137.51295186858624));
#1075=IFCCARTESIANPOINT((224.33435583661776,-146.31652659643441));
#1076=IFCCARTESIANPOINT((224.02110447105952,-146.9366809464991));
#1077=IFCCARTESIANPOINT((229.07021784968674,-149.54659317992628));
#1078=IFCCARTESIANPOINT((227.98432159109507,-153.1294417567551));
#1079=IFCCARTESIANPOINT((231.82062045426574,-155.0956173306331));
#1080=IFCCARTESIANPOINT((232.63091844366863,-153.81232887972146));
#1081=IFCCARTESIANPOINT((232.9379967014538,-153.94827406760305));
#1082=IFCCARTESIANPOINT((233.620564378798,-153.03089804481715));
#1083=IFCCARTESIANPOINT((233.35098970634863,-152.79518032912165));
#1084=IFCCARTESIANPOINT((238.0164617585251,-145.7721552764997));
#1085=IFCPOLYLINE((#1070,#1071,#1072,#1073,#1074,#1075,#1076,#1077,#1078,#1079,#1080,#1081,#1082,#1083,#1084,#1070));
#1086=IFCARBITRARYCLOSEDPROFILEDEF(.AREA.,$,#1085);
#1087=IFCEXTRUDEDAREASOLID(#1086,#8,#6,12.);
#1088=IFCSHAPEREPRESENTATION(#11,'Body','SweptSolid',(#1087));
#1089=IFCPRODUCTDEFINITIONSHAPE($,$,(#1088));
#1090=IFCLOCALPLACEMENT(#13,#8);
#1091=IFCBUILDINGELEMENTPROXY('0bNbf6UXQlUPtQ3dVCxGCJ',$,'Auberge Maubuisson',$,$,#1090,#1089,$,.ELEMENT.);
#1092=IFCPROPERTYSINGLEVALUE('osm_id',$,IFCLABEL('way/55545735'),$);
#1093=IFCPROPERTYSINGLEVALUE('height_source',$,IFCLABEL('tag:levels'),$);
#1094=IFCPROPERTYSINGLEVALUE('height_m',$,IFCREAL(12.),$);
#1095=IFCPROPERTYSET('0Tk9cQgXNxctxkyXBzMmw0',$,'Pset_SiteContext',$,(#1092,#1093,#1094));
#1096=IFCRELDEFINESBYPROPERTIES('1wiVcXoojDnzbnVzP3CDCX',$,$,$,(#1091),#1095);
#1097=IFCCARTESIANPOINT((155.734533758834,-185.6429240014404));
#1098=IFCCARTESIANPOINT((152.0565980518004,-183.1553602553904));
#1099=IFCCARTESIANPOINT((150.1664972056169,-181.88335967529565));
#1100=IFCCARTESIANPOINT((149.24699144333135,-181.26424783933908));
#1101=IFCCARTESIANPOINT((148.12550124316476,-182.91193479299545));
#1102=IFCCARTESIANPOINT((145.43272845237516,-187.3712142277509));
#1103=IFCCARTESIANPOINT((145.6293822628213,-187.55074030347168));
#1104=IFCCARTESIANPOINT((140.85798136075027,-196.74119516275823));
#1105=IFCCARTESIANPOINT((143.96126989484765,-198.61247367877513));
#1106=IFCCARTESIANPOINT((146.87478882540017,-200.3598800636828));
#1107=IFCPOLYLINE((#1097,#1098,#1099,#1100,#1101,#1102,#1103,#1104,#1105,#1106,#1097));
#1108=IFCARBITRARYCLOSEDPROFILEDEF(.AREA.,$,#1107);
#1109=IFCEXTRUDEDAREASOLID(#1108,#8,#6,18.);
#1110=IFCSHAPEREPRESENTATION(#11,'Body','SweptSolid',(#1109));
#1111=IFCPRODUCTDEFINITIONSHAPE($,$,(#1110));
#1112=IFCLOCALPLACEMENT(#13,#8);
#1113=IFCBUILDINGELEMENTPROXY('0Bqpd35RjkZZkwhX6i6jwM',$,'Building 55545736',$,$,#1112,#1111,$,.ELEMENT.);
#1114=IFCPROPERTYSINGLEVALUE('osm_id',$,IFCLABEL('way/55545736'),$);
#1115=IFCPROPERTYSINGLEVALUE('height_source',$,IFCLABEL('tag:levels'),$);
#1116=IFCPROPERTYSINGLEVALUE('height_m',$,IFCREAL(18.),$);
#1117=IFCPROPERTYSET('3zTHJUAkSEhGINVET0OjkN',$,'Pset_SiteContext',$,(#1114,#1115,#1116));
#1118=IFCRELDEFINESBYPROPERTIES('1JGI_XiNHrTetSWuLtaerk',$,$,$,(#1113),#1117);
#1119=IFCCARTESIANPOINT((240.4302530081477,-99.96691135130823));
#1120=IFCCARTESIANPOINT((238.24233158526476,-103.71868565212935));
#1121=IFCCARTESIANPOINT((237.23575094051193,-104.77797584421933));
#1122=IFCCARTESIANPOINT((234.0371898750309,-102.89484808128327));
#1123=IFCCARTESIANPOINT((233.39918090379797,-104.64657794311643));
#1124=IFCCARTESIANPOINT((230.5060626103077,-103.0995376240462));
#1125=IFCCARTESIANPOINT((228.01656339969486,-107.83851365372539));
#1126=IFCCARTESIANPOINT((222.82564599707257,-119.00495060067624));
#1127=IFCCARTESIANPOINT((219.6045249988092,-117.18835007119924));
#1128=IFCCARTESIANPOINT((217.88278995954897,-117.7636427776888));
#1129=IFCCARTESIANPOINT((217.70424365648068,-118.0624209754169));
#1130=IFCCARTESIANPOINT((217.22695744689554,-118.1030027223751));
#1131=IFCCARTESIANPOINT((215.53891166462563,-119.04552528541535));
#1132=IFCCARTESIANPOINT((216.48681969102472,-121.57747505325824));
#1133=IFCCARTESIANPOINT((214.6999736793805,-125.63275162130594));
#1134=IFCCARTESIANPOINT((226.39405772206374,-131.31041361764073));
#1135=IFCCARTESIANPOINT((228.45227006776258,-128.16917782183737));
#1136=IFCCARTESIANPOINT((232.07073601800948,-122.661028877832));
#1137=IFCCARTESIANPOINT((233.27444406121504,-120.82495870441198));
#1138=IFCCARTESIANPOINT((230.2127418043092,-119.2543025193736));
#1139=IFCCARTESIANPOINT((231.60162196063902,-116.30775826517493));
#1140=IFCCARTESIANPOINT((235.1842696587555,-117.88266643323004));
#1141=IFCCARTESIANPOINT((236.93837682402227,-115.13925985433161));
#1142=IFCCARTESIANPOINT((238.4538776796544,-112.86093921028078));
#1143=IFCCARTESIANPOINT((239.8891212141607,-110.52636372670531));
#1144=IFCCARTESIANPOINT((241.76297986216377,-107.49481661245227));
#1145=IFCCARTESIANPOINT((244.72259662335273,-102.69295255281031));
#1146=IFCPOLYLINE((#1119,#1120,#1121,#1122,#1123,#1124,#1125,#1126,#1127,#1128,#1129,#1130,#1131,#1132,#1133,#1134,#1135,#1136,#1137,#1138,#1139,#1140,#1141,#1142,#1143,#1144,#1145,#1119));
#1147=IFCARBITRARYCLOSEDPROFILEDEF(.AREA.,$,#1146);
#1148=IFCEXTRUDEDAREASOLID(#1147,#8,#6,9.);
#1149=IFCSHAPEREPRESENTATION(#11,'Body','SweptSolid',(#1148));
#1150=IFCPRODUCTDEFINITIONSHAPE($,$,(#1149));
#1151=IFCLOCALPLACEMENT(#13,#8);
#1152=IFCBUILDINGELEMENTPROXY('1N2d0QmZp1rX$Me1sHmZmG',$,'Building 55545737',$,$,#1151,#1150,$,.ELEMENT.);
#1153=IFCPROPERTYSINGLEVALUE('osm_id',$,IFCLABEL('way/55545737'),$);
#1154=IFCPROPERTYSINGLEVALUE('height_source',$,IFCLABEL('fallback'),$);
#1155=IFCPROPERTYSINGLEVALUE('height_m',$,IFCREAL(9.),$);
#1156=IFCPROPERTYSET('0amB8pzuKkUDHlpEPW82Im',$,'Pset_SiteContext',$,(#1153,#1154,#1155));
#1157=IFCRELDEFINESBYPROPERTIES('0YDaJ$einfDigjU_8G$9aT',$,$,$,(#1152),#1156);
#1158=IFCCARTESIANPOINT((138.91993077949155,-174.41890993062407));
#1159=IFCCARTESIANPOINT((136.43833027163055,-172.79735072981566));
#1160=IFCCARTESIANPOINT((135.8325140940724,-172.4031999176368));
#1161=IFCCARTESIANPOINT((125.85245490027592,-187.72255307808518));
#1162=IFCCARTESIANPOINT((127.4734351694351,-188.70324339531362));
#1163=IFCCARTESIANPOINT((129.1601793806767,-189.71783086657524));
#1164=IFCPOLYLINE((#1158,#1159,#1160,#1161,#1162,#1163,#1158));
#1165=IFCARBITRARYCLOSEDPROFILEDEF(.AREA.,$,#1164);
#1166=IFCEXTRUDEDAREASOLID(#1165,#8,#6,18.);
#1167=IFCSHAPEREPRESENTATION(#11,'Body','SweptSolid',(#1166));
#1168=IFCPRODUCTDEFINITIONSHAPE($,$,(#1167));
#1169=IFCLOCALPLACEMENT(#13,#8);
#1170=IFCBUILDINGELEMENTPROXY('1U8V2G94LAo8YxRz5kO345',$,'Building 55545740',$,$,#1169,#1168,$,.ELEMENT.);
#1171=IFCPROPERTYSINGLEVALUE('osm_id',$,IFCLABEL('way/55545740'),$);
#1172=IFCPROPERTYSINGLEVALUE('height_source',$,IFCLABEL('tag:levels'),$);
#1173=IFCPROPERTYSINGLEVALUE('height_m',$,IFCREAL(18.),$);
#1174=IFCPROPERTYSET('1U1oUxbTABxYiGPA73X7jW',$,'Pset_SiteContext',$,(#1171,#1172,#1173));
#1175=IFCRELDEFINESBYPROPERTIES('0DCsq1Q0lUk5kGo9f2jnEu',$,$,$,(#1170),#1174);
#1176=IFCCARTESIANPOINT((219.3175604562275,-206.24494701251388));
#1177=IFCCARTESIANPOINT((222.83163427503314,-200.9472316429019));
#1178=IFCCARTESIANPOINT((213.6246730274288,-196.2017075167969));
#1179=IFCCARTESIANPOINT((213.42166017135605,-196.80052167084068));
#1180=IFCCARTESIANPOINT((209.0600884616142,-209.7306491062045));
#1181=IFCCARTESIANPOINT((211.18255592661444,-211.30476387776434));
#1182=IFCCARTESIANPOINT((214.39175856590737,-213.68838249053806));
#1183=IFCPOLYLINE((#1176,#1177,#1178,#1179,#1180,#1181,#1182,#1176));
#1184=IFCARBITRARYCLOSEDPROFILEDEF(.AREA.,$,#1183);
#1185=IFCEXTRUDEDAREASOLID(#1184,#8,#6,21.);
#1186=IFCSHAPEREPRESENTATION(#11,'Body','SweptSolid',(#1185));
#1187=IFCPRODUCTDEFINITIONSHAPE($,$,(#1186));
#1188=IFCLOCALPLACEMENT(#13,#8);
#1189=IFCBUILDINGELEMENTPROXY('1Zva8fNhBDD19lL_291Qgo',$,'Building 55545741',$,$,#1188,#1187,$,.ELEMENT.);
#1190=IFCPROPERTYSINGLEVALUE('osm_id',$,IFCLABEL('way/55545741'),$);
#1191=IFCPROPERTYSINGLEVALUE('height_source',$,IFCLABEL('tag:levels'),$);
#1192=IFCPROPERTYSINGLEVALUE('height_m',$,IFCREAL(21.),$);
#1193=IFCPROPERTYSET('04YTTD2GERv2LrutOxJdmS',$,'Pset_SiteContext',$,(#1190,#1191,#1192));
#1194=IFCRELDEFINESBYPROPERTIES('1h5rVeUE96uqVmNTl2WRz1',$,$,$,(#1189),#1193);
#1195=IFCCARTESIANPOINT((203.39660475007258,-177.2255317326635));
#1196=IFCCARTESIANPOINT((209.31240583735052,-168.95620036125183));
#1197=IFCCARTESIANPOINT((200.7697022111388,-162.8483370160684));
#1198=IFCCARTESIANPOINT((199.36932062741835,-164.50487552396953));
#1199=IFCCARTESIANPOINT((168.9620075619314,-142.88401572592556));
#1200=IFCCARTESIANPOINT((167.9933665827848,-143.7879258096218));
#1201=IFCCARTESIANPOINT((168.9633205253631,-144.5186458900571));
#1202=IFCCARTESIANPOINT((164.0041816344019,-151.55033503193408));
#1203=IFCCARTESIANPOINT((193.94583867571782,-172.68926070723683));
#1204=IFCCARTESIANPOINT((195.05036802904215,-171.31942272279412));
#1205=IFCPOLYLINE((#1195,#1196,#1197,#1198,#1199,#1200,#1201,#1202,#1203,#1204,#1195));
#1206=IFCARBITRARYCLOSEDPROFILEDEF(.AREA.,$,#1205);
#1207=IFCEXTRUDEDAREASOLID(#1206,#8,#6,9.);
#1208=IFCSHAPEREPRESENTATION(#11,'Body','SweptSolid',(#1207));
#1209=IFCPRODUCTDEFINITIONSHAPE($,$,(#1208));
#1210=IFCLOCALPLACEMENT(#13,#8);
#1211=IFCBUILDINGELEMENTPROXY('296ezjA9n0b7CCuc3LrmK_',$,'Building 55545742',$,$,#1210,#1209,$,.ELEMENT.);
#1212=IFCPROPERTYSINGLEVALUE('osm_id',$,IFCLABEL('way/55545742'),$);
#1213=IFCPROPERTYSINGLEVALUE('height_source',$,IFCLABEL('fallback'),$);
#1214=IFCPROPERTYSINGLEVALUE('height_m',$,IFCREAL(9.),$);
#1215=IFCPROPERTYSET('3ekjrfAMXQCKiqpu9XeG6z',$,'Pset_SiteContext',$,(#1212,#1213,#1214));
#1216=IFCRELDEFINESBYPROPERTIES('18FBR1XAx5$ZTsF5beC5vJ',$,$,$,(#1211),#1215);
#1217=IFCCARTESIANPOINT((235.61471330339555,-156.8390486203134));
#1218=IFCCARTESIANPOINT((235.8562244955683,-156.01815063133836));
#1219=IFCCARTESIANPOINT((234.72266067040619,-155.5529828891158));
#1220=IFCCARTESIANPOINT((234.82846935815178,-155.17577146645635));
#1221=IFCCARTESIANPOINT((233.23338059033267,-154.6178769627586));
#1222=IFCCARTESIANPOINT((232.77881436015014,-155.47039511986077));
#1223=IFCPOLYLINE((#1217,#1218,#1219,#1220,#1221,#1222,#1217));
#1224=IFCARBITRARYCLOSEDPROFILEDEF(.AREA.,$,#1223);
#1225=IFCEXTRUDEDAREASOLID(#1224,#8,#6,9.);
#1226=IFCSHAPEREPRESENTATION(#11,'Body','SweptSolid',(#1225));
#1227=IFCPRODUCTDEFINITIONSHAPE($,$,(#1226));
#1228=IFCLOCALPLACEMENT(#13,#8);
#1229=IFCBUILDINGELEMENTPROXY('3DRwM3912nZ53Jmo4xyUU_',$,'Building 55545744',$,$,#1228,#1227,$,.ELEMENT.);
#1230=IFCPROPERTYSINGLEVALUE('osm_id',$,IFCLABEL('way/55545744'),$);
#1231=IFCPROPERTYSINGLEVALUE('height_source',$,IFCLABEL('fallback'),$);
#1232=IFCPROPERTYSINGLEVALUE('height_m',$,IFCREAL(9.),$);
#1233=IFCPROPERTYSET('3nBlgydCtPHjU3xpNlxlLo',$,'Pset_SiteContext',$,(#1230,#1231,#1232));
#1234=IFCRELDEFINESBYPROPERTIES('3NCEoW8_4YEf6Hx7Gmha0Q',$,$,$,(#1229),#1233);
#1235=IFCCARTESIANPOINT((182.55647293583024,-204.24330399092287));
#1236=IFCCARTESIANPOINT((180.79091231047641,-202.99457121174783));
#1237=IFCCARTESIANPOINT((177.967520720209,-200.9921619668603));
#1238=IFCCARTESIANPOINT((175.0419530691579,-198.9221970262006));
#1239=IFCCARTESIANPOINT((173.8398466014769,-200.55810991115868));
#1240=IFCCARTESIANPOINT((166.8603942139307,-212.36594180669636));
#1241=IFCCARTESIANPOINT((171.14654109149706,-214.9585457490757));
#1242=IFCCARTESIANPOINT((174.86310086771846,-217.21289529185742));
#1243=IFCPOLYLINE((#1235,#1236,#1237,#1238,#1239,#1240,#1241,#1242,#1235));
#1244=IFCARBITRARYCLOSEDPROFILEDEF(.AREA.,$,#1243);
#1245=IFCEXTRUDEDAREASOLID(#1244,#8,#6,18.);
#1246=IFCSHAPEREPRESENTATION(#11,'Body','SweptSolid',(#1245));
#1247=IFCPRODUCTDEFINITIONSHAPE($,$,(#1246));
#1248=IFCLOCALPLACEMENT(#13,#8);
#1249=IFCBUILDINGELEMENTPROXY('3fGq5mjr2E1buk7Pt0qiJP',$,'Building 55545745',$,$,#1248,#1247,$,.ELEMENT.);
#1250=IFCPROPERTYSINGLEVALUE('osm_id',$,IFCLABEL('way/55545745'),$);
#1251=IFCPROPERTYSINGLEVALUE('height_source',$,IFCLABEL('tag:levels'),$);
#1252=IFCPROPERTYSINGLEVALUE('height_m',$,IFCREAL(18.),$);
#1253=IFCPROPERTYSET('0HyyP9tvAcAUeKbjs5OLX9',$,'Pset_SiteContext',$,(#1250,#1251,#1252));
#1254=IFCRELDEFINESBYPROPERTIES('0Dpk0IblJDQis9oTSdy1bW',$,$,$,(#1249),#1253);
#1255=IFCCARTESIANPOINT((135.87772167264484,-193.78705477900803));
#1256=IFCCARTESIANPOINT((138.3241904496681,-195.21928895264864));
#1257=IFCCARTESIANPOINT((140.85798136075027,-196.74119516275823));
#1258=IFCCARTESIANPOINT((145.6293822628213,-187.55074030347168));
#1259=IFCCARTESIANPOINT((145.43272845237516,-187.3712142277509));
#1260=IFCCARTESIANPOINT((148.12550124316476,-182.91193479299545));
#1261=IFCCARTESIANPOINT((146.5859576012008,-181.84295739699155));
#1262=IFCCARTESIANPOINT((145.28718317800667,-180.94274663273245));
#1263=IFCCARTESIANPOINT((144.28751282312442,-180.2562592094764));
#1264=IFCPOLYLINE((#1255,#1256,#1257,#1258,#1259,#1260,#1261,#1262,#1263,#1255));
#1265=IFCARBITRARYCLOSEDPROFILEDEF(.AREA.,$,#1264);
#1266=IFCEXTRUDEDAREASOLID(#1265,#8,#6,9.);
#1267=IFCSHAPEREPRESENTATION(#11,'Body','SweptSolid',(#1266));
#1268=IFCPRODUCTDEFINITIONSHAPE($,$,(#1267));
#1269=IFCLOCALPLACEMENT(#13,#8);
#1270=IFCBUILDINGELEMENTPROXY('2aRUyKlXKePN6PXUTs_eq2',$,'Building 55545749',$,$,#1269,#1268,$,.ELEMENT.);
#1271=IFCPROPERTYSINGLEVALUE('osm_id',$,IFCLABEL('way/55545749'),$);
#1272=IFCPROPERTYSINGLEVALUE('height_source',$,IFCLABEL('fallback'),$);
#1273=IFCPROPERTYSINGLEVALUE('height_m',$,IFCREAL(9.),$);
#1274=IFCPROPERTYSET('3kiI3IfzyEYuE7Npp_uYzH',$,'Pset_SiteContext',$,(#1271,#1272,#1273));
#1275=IFCRELDEFINESBYPROPERTIES('1uDjiVnt_nVM0bF4WF41Xp',$,$,$,(#1270),#1274);
#1276=IFCCARTESIANPOINT((193.73410374007653,-216.56647903099656));
#1277=IFCCARTESIANPOINT((193.08122974762227,-213.8479005964473));
#1278=IFCCARTESIANPOINT((189.01483244099654,-211.30158795416355));
#1279=IFCCARTESIANPOINT((182.49270347040147,-221.92335010133684));
#1280=IFCCARTESIANPOINT((183.7126895786496,-222.58939134236425));
#1281=IFCCARTESIANPOINT((188.63647957041394,-225.2761516533792));
#1282=IFCPOLYLINE((#1276,#1277,#1278,#1279,#1280,#1281,#1276));
#1283=IFCARBITRARYCLOSEDPROFILEDEF(.AREA.,$,#1282);
#1284=IFCEXTRUDEDAREASOLID(#1283,#8,#6,18.);
#1285=IFCSHAPEREPRESENTATION(#11,'Body','SweptSolid',(#1284));
#1286=IFCPRODUCTDEFINITIONSHAPE($,$,(#1285));
#1287=IFCLOCALPLACEMENT(#13,#8);
#1288=IFCBUILDINGELEMENTPROXY('2Fy0LBzlUUiAc8pqAgy_qZ',$,'Building 55545750',$,$,#1287,#1286,$,.ELEMENT.);
#1289=IFCPROPERTYSINGLEVALUE('osm_id',$,IFCLABEL('way/55545750'),$);
#1290=IFCPROPERTYSINGLEVALUE('height_source',$,IFCLABEL('tag:levels'),$);
#1291=IFCPROPERTYSINGLEVALUE('height_m',$,IFCREAL(18.),$);
#1292=IFCPROPERTYSET('1avIg00OEZL$Q2HgnaJj3U',$,'Pset_SiteContext',$,(#1289,#1290,#1291));
#1293=IFCRELDEFINESBYPROPERTIES('0DmLceRhbExWtNYiTPyNnI',$,$,$,(#1288),#1292);
#1294=IFCCARTESIANPOINT((178.8723308617482,-99.26396381855011));
#1295=IFCCARTESIANPOINT((180.38069512322545,-96.96335987187922));
#1296=IFCCARTESIANPOINT((186.07737715996336,-101.13538445718586));
#1297=IFCCARTESIANPOINT((186.6199706119951,-101.18429786339402));
#1298=IFCCARTESIANPOINT((225.9084245058475,-97.3241506088525));
#1299=IFCCARTESIANPOINT((225.110464789439,-88.11038799956441));
#1300=IFCCARTESIANPOINT((219.0963629138423,-88.66175179276615));
#1301=IFCCARTESIANPOINT((211.709015315515,-89.3464518841356));
#1302=IFCCARTESIANPOINT((207.89056232664734,-89.6933391271159));
#1303=IFCCARTESIANPOINT((196.88313564495184,-90.69316593464464));
#1304=IFCCARTESIANPOINT((185.83901877934113,-91.69267202075571));
#1305=IFCCARTESIANPOINT((179.83224636584055,-92.24405499733984));
#1306=IFCCARTESIANPOINT((179.5064995836001,-92.59722835291177));
#1307=IFCCARTESIANPOINT((177.68536082748324,-94.56167983356863));
#1308=IFCCARTESIANPOINT((175.6050541329896,-96.81312885228544));
#1309=IFCPOLYLINE((#1294,#1295,#1296,#1297,#1298,#1299,#1300,#1301,#1302,#1303,#1304,#1305,#1306,#1307,#1308,#1294));
#1310=IFCARBITRARYCLOSEDPROFILEDEF(.AREA.,$,#1309);
#1311=IFCEXTRUDEDAREASOLID(#1310,#8,#6,18.);
#1312=IFCSHAPEREPRESENTATION(#11,'Body','SweptSolid',(#1311));
#1313=IFCPRODUCTDEFINITIONSHAPE($,$,(#1312));
#1314=IFCLOCALPLACEMENT(#13,#8);
#1315=IFCBUILDINGELEMENTPROXY('3O$9nfiNVpZZZ9i1IrYnry',$,'Building 55545751',$,$,#1314,#1313,$,.ELEMENT.);
#1316=IFCPROPERTYSINGLEVALUE('osm_id',$,IFCLABEL('way/55545751'),$);
#1317=IFCPROPERTYSINGLEVALUE('height_source',$,IFCLABEL('tag:levels'),$);
#1318=IFCPROPERTYSINGLEVALUE('height_m',$,IFCREAL(18.),$);
#1319=IFCPROPERTYSET('0oajaSfO8BgQq9BGG3iiKP',$,'Pset_SiteContext',$,(#1316,#1317,#1318));
#1320=IFCRELDEFINESBYPROPERTIES('2EGzp71wHMEOtmy03Cpged',$,$,$,(#1315),#1319);
#1321=IFCCARTESIANPOINT((170.2266694252612,-174.88618727959692));
#1322=IFCCARTESIANPOINT((171.38456585316453,-173.27215316798538));
#1323=IFCCARTESIANPOINT((161.70997139893007,-166.49890807271004));
#1324=IFCCARTESIANPOINT((159.2823876304319,-169.9373356392607));
#1325=IFCCARTESIANPOINT((151.7498039584607,-165.03860339708626));
#1326=IFCCARTESIANPOINT((152.6531701053027,-163.14449494425207));
#1327=IFCCARTESIANPOINT((152.36819613387343,-162.99760639946908));
#1328=IFCCARTESIANPOINT((152.09425973752514,-163.29560244642198));
#1329=IFCCARTESIANPOINT((142.79751658043824,-156.98132905736566));
#1330=IFCCARTESIANPOINT((138.77666059788316,-154.2574342386797));
#1331=IFCCARTESIANPOINT((149.34376108227298,-137.13031897041947));
#1332=IFCCARTESIANPOINT((163.70268963067792,-146.2436970891431));
#1333=IFCCARTESIANPOINT((167.3455128466012,-140.45779143366963));
#1334=IFCCARTESIANPOINT((152.99402135272976,-131.33336280286312));
#1335=IFCCARTESIANPOINT((152.6522322698729,-131.85320130176842));
#1336=IFCCARTESIANPOINT((149.68774909852073,-130.0609003631398));
#1337=IFCCARTESIANPOINT((151.12448760226835,-127.54844131786376));
#1338=IFCCARTESIANPOINT((147.00953683024272,-124.6681038737297));
#1339=IFCCARTESIANPOINT((140.58974827313796,-128.16283187270164));
#1340=IFCCARTESIANPOINT((133.29426264972426,-140.03476423956454));
#1341=IFCCARTESIANPOINT((125.02445749379694,-153.49997425824404));
#1342=IFCCARTESIANPOINT((125.4010533777764,-155.00423673074692));
#1343=IFCCARTESIANPOINT((128.59687948971987,-157.220997126773));
#1344=IFCCARTESIANPOINT((135.37523461377714,-161.92455250304192));
#1345=IFCCARTESIANPOINT((137.14856501901522,-163.11776397563517));
#1346=IFCCARTESIANPOINT((138.3668053734582,-163.99507825355977));
#1347=IFCCARTESIANPOINT((136.43535831931513,-166.8815618539229));
#1348=IFCCARTESIANPOINT((139.53020053054206,-168.88621253799647));
#1349=IFCCARTESIANPOINT((150.5378977988148,-175.94839321170002));
#1350=IFCCARTESIANPOINT((154.53803532279562,-178.516431809403));
#1351=IFCCARTESIANPOINT((154.74239015078638,-178.65154113341123));
#1352=IFCCARTESIANPOINT((156.2067600779701,-176.3505849763751));
#1353=IFCCARTESIANPOINT((159.27878387272358,-178.4551169956103));
#1354=IFCCARTESIANPOINT((178.5282150338171,-191.64494632557034));
#1355=IFCCARTESIANPOINT((179.6009015958989,-192.3765039006248));
#1356=IFCCARTESIANPOINT((180.67349755647592,-193.119180386886));
#1357=IFCCARTESIANPOINT((185.48999241855927,-185.58592004794627));
#1358=IFCPOLYLINE((#1321,#1322,#1323,#1324,#1325,#1326,#1327,#1328,#1329,#1330,#1331,#1332,#1333,#1334,#1335,#1336,#1337,#1338,#1339,#1340,#1341,#1342,#1343,#1344,#1345,#1346,#1347,#1348,#1349,#1350,#1351,#1352,#1353,#1354,#1355,#1356,#1357,#1321));
#1359=IFCARBITRARYCLOSEDPROFILEDEF(.AREA.,$,#1358);
#1360=IFCEXTRUDEDAREASOLID(#1359,#8,#6,9.);
#1361=IFCSHAPEREPRESENTATION(#11,'Body','SweptSolid',(#1360));
#1362=IFCPRODUCTDEFINITIONSHAPE($,$,(#1361));
#1363=IFCLOCALPLACEMENT(#13,#8);
#1364=IFCBUILDINGELEMENTPROXY('2FBISFPXQQdcrn8hhPJMKR',$,'Building 55545752',$,$,#1363,#1362,$,.ELEMENT.);
#1365=IFCPROPERTYSINGLEVALUE('osm_id',$,IFCLABEL('way/55545752'),$);
#1366=IFCPROPERTYSINGLEVALUE('height_source',$,IFCLABEL('tag:levels'),$);
#1367=IFCPROPERTYSINGLEVALUE('height_m',$,IFCREAL(9.),$);
#1368=IFCPROPERTYSET('2IELtQ18zZ0gx8R_SrzZTm',$,'Pset_SiteContext',$,(#1365,#1366,#1367));
#1369=IFCRELDEFINESBYPROPERTIES('2nH6K3Kx6K2$IPbJToHzev',$,$,$,(#1364),#1368);
#1370=IFCCARTESIANPOINT((222.83163427503314,-200.9472316429019));
#1371=IFCCARTESIANPOINT((227.17068120802287,-194.36634646635503));
#1372=IFCCARTESIANPOINT((231.66561854351312,-187.56433332618326));
#1373=IFCCARTESIANPOINT((218.14385061641224,-182.83918804582208));
#1374=IFCCARTESIANPOINT((215.1661564039532,-191.64403615519404));
#1375=IFCCARTESIANPOINT((213.6246730274288,-196.2017075167969));
#1376=IFCPOLYLINE((#1370,#1371,#1372,#1373,#1374,#1375,#1370));
#1377=IFCARBITRARYCLOSEDPROFILEDEF(.AREA.,$,#1376);
#1378=IFCEXTRUDEDAREASOLID(#1377,#8,#6,21.);
#1379=IFCSHAPEREPRESENTATION(#11,'Body','SweptSolid',(#1378));
#1380=IFCPRODUCTDEFINITIONSHAPE($,$,(#1379));
#1381=IFCLOCALPLACEMENT(#13,#8);
#1382=IFCBUILDINGELEMENTPROXY('0DZiR7uSXX6mOwR$HTg4Cy',$,'Building 55545754',$,$,#1381,#1380,$,.ELEMENT.);
#1383=IFCPROPERTYSINGLEVALUE('osm_id',$,IFCLABEL('way/55545754'),$);
#1384=IFCPROPERTYSINGLEVALUE('height_source',$,IFCLABEL('tag:levels'),$);
#1385=IFCPROPERTYSINGLEVALUE('height_m',$,IFCREAL(21.),$);
#1386=IFCPROPERTYSET('1GmKMt$aLSyMyMsKDx0LP3',$,'Pset_SiteContext',$,(#1383,#1384,#1385));
#1387=IFCRELDEFINESBYPROPERTIES('0Imxzp2TRheogZcpqx9C1s',$,$,$,(#1382),#1386);
#1388=IFCCARTESIANPOINT((225.62649502139539,-178.58578368462622));
#1389=IFCCARTESIANPOINT((225.9064364763908,-176.6532143941149));
#1390=IFCCARTESIANPOINT((226.7166317582596,-176.28175434004515));
#1391=IFCCARTESIANPOINT((227.86541843111627,-176.68032869324088));
#1392=IFCCARTESIANPOINT((228.18944203783758,-176.53841604478657));
#1393=IFCCARTESIANPOINT((228.68320741434582,-177.17627914901823));
#1394=IFCCARTESIANPOINT((228.21258643700276,-179.0961719127372));
#1395=IFCCARTESIANPOINT((235.9734808682697,-181.20558352582157));
#1396=IFCCARTESIANPOINT((238.49967647553422,-177.36761458124965));
#1397=IFCCARTESIANPOINT((241.54601748869754,-172.733260310255));
#1398=IFCCARTESIANPOINT((230.4139487190405,-170.1070607220754));
#1399=IFCCARTESIANPOINT((229.40730800724123,-173.86847374308854));
#1400=IFCCARTESIANPOINT((227.67778198688757,-173.5985965197906));
#1401=IFCCARTESIANPOINT((228.59003691666294,-169.71409475803375));
#1402=IFCCARTESIANPOINT((222.93940903048497,-167.97773982491344));
#1403=IFCCARTESIANPOINT((219.841335449717,-177.14856359921396));
#1404=IFCPOLYLINE((#1388,#1389,#1390,#1391,#1392,#1393,#1394,#1395,#1396,#1397,#1398,#1399,#1400,#1401,#1402,#1403,#1388));
#1405=IFCARBITRARYCLOSEDPROFILEDEF(.AREA.,$,#1404);
#1406=IFCEXTRUDEDAREASOLID(#1405,#8,#6,21.);
#1407=IFCSHAPEREPRESENTATION(#11,'Body','SweptSolid',(#1406));
#1408=IFCPRODUCTDEFINITIONSHAPE($,$,(#1407));
#1409=IFCLOCALPLACEMENT(#13,#8);
#1410=IFCBUILDINGELEMENTPROXY('32mD9_Wq4cf9asscLXZUFQ',$,'Building 55545755',$,$,#1409,#1408,$,.ELEMENT.);
#1411=IFCPROPERTYSINGLEVALUE('osm_id',$,IFCLABEL('way/55545755'),$);
#1412=IFCPROPERTYSINGLEVALUE('height_source',$,IFCLABEL('tag:levels'),$);
#1413=IFCPROPERTYSINGLEVALUE('height_m',$,IFCREAL(21.),$);
#1414=IFCPROPERTYSET('0TgIlpfQWKqr2vb0guUA2o',$,'Pset_SiteContext',$,(#1411,#1412,#1413));
#1415=IFCRELDEFINESBYPROPERTIES('0yyUmSCOfWYh2m$I169sA1',$,$,$,(#1410),#1414);
#1416=IFCCARTESIANPOINT((228.59003691666294,-169.71409475803375));
#1417=IFCCARTESIANPOINT((230.4139487190405,-170.1070607220754));
#1418=IFCCARTESIANPOINT((241.54601748869754,-172.733260310255));
#1419=IFCCARTESIANPOINT((245.09673776105046,-167.43582942988724));
#1420=IFCCARTESIANPOINT((248.40975318744313,-162.49229172896594));
#1421=IFCCARTESIANPOINT((240.61756165965926,-158.82586077600718));
#1422=IFCCARTESIANPOINT((239.5253461615648,-161.3856327459216));
#1423=IFCCARTESIANPOINT((238.26014842360746,-161.76450042705983));
#1424=IFCCARTESIANPOINT((235.1815699209692,-160.4605863923207));
#1425=IFCCARTESIANPOINT((236.52960990706924,-157.12451347149909));
#1426=IFCCARTESIANPOINT((235.61471330339555,-156.8390486203134));
#1427=IFCCARTESIANPOINT((232.77881436015014,-155.47039511986077));
#1428=IFCCARTESIANPOINT((231.82062045426574,-155.0956173306331));
#1429=IFCCARTESIANPOINT((227.98432159109507,-153.1294417567551));
#1430=IFCCARTESIANPOINT((226.1719961570343,-158.50777590740472));
#1431=IFCCARTESIANPOINT((224.7211199189769,-162.754835087806));
#1432=IFCCARTESIANPOINT((222.93940903048497,-167.97773982491344));
#1433=IFCPOLYLINE((#1416,#1417,#1418,#1419,#1420,#1421,#1422,#1423,#1424,#1425,#1426,#1427,#1428,#1429,#1430,#1431,#1432,#1416));
#1434=IFCARBITRARYCLOSEDPROFILEDEF(.AREA.,$,#1433);
#1435=IFCEXTRUDEDAREASOLID(#1434,#8,#6,21.);
#1436=IFCSHAPEREPRESENTATION(#11,'Body','SweptSolid',(#1435));
#1437=IFCPRODUCTDEFINITIONSHAPE($,$,(#1436));
#1438=IFCLOCALPLACEMENT(#13,#8);
#1439=IFCBUILDINGELEMENTPROXY('0x8OiuQ$c8Li5iZ4LdmDMz',$,'Building 55545757',$,$,#1438,#1437,$,.ELEMENT.);
#1440=IFCPROPERTYSINGLEVALUE('osm_id',$,IFCLABEL('way/55545757'),$);
#1441=IFCPROPERTYSINGLEVALUE('height_source',$,IFCLABEL('tag:levels'),$);
#1442=IFCPROPERTYSINGLEVALUE('height_m',$,IFCREAL(21.),$);
#1443=IFCPROPERTYSET('0q0iwdx1_d64zuCnyfrWdd',$,'Pset_SiteContext',$,(#1440,#1441,#1442));
#1444=IFCRELDEFINESBYPROPERTIES('1jc3ulQ$LwPu41zh8JNgjb',$,$,$,(#1439),#1443);
#1445=IFCCARTESIANPOINT((225.9084245058475,-97.3241506088525));
#1446=IFCCARTESIANPOINT((233.39913733885624,-96.56243718694896));
#1447=IFCCARTESIANPOINT((230.5060626103077,-103.0995376240462));
#1448=IFCCARTESIANPOINT((233.39918090379797,-104.64657794311643));
#1449=IFCCARTESIANPOINT((234.0371898750309,-102.89484808128327));
#1450=IFCCARTESIANPOINT((236.70993184274994,-98.17960488516837));
#1451=IFCCARTESIANPOINT((240.4302530081477,-99.96691135130823));
#1452=IFCCARTESIANPOINT((244.72259662335273,-102.69295255281031));
#1453=IFCCARTESIANPOINT((249.33358238718938,-95.14683767966926));
#1454=IFCCARTESIANPOINT((249.58649699832313,-94.72634688392282));
#1455=IFCCARTESIANPOINT((249.12379633344244,-88.48432736191899));
#1456=IFCCARTESIANPOINT((248.9230074340012,-86.11415770463645));
#1457=IFCCARTESIANPOINT((248.74157288018614,-85.86804000660777));
#1458=IFCCARTESIANPOINT((241.89012321771588,-86.52379239723086));
#1459=IFCCARTESIANPOINT((230.44908566062804,-87.6091025788337));
#1460=IFCCARTESIANPOINT((225.110464789439,-88.11038799956441));
#1461=IFCPOLYLINE((#1445,#1446,#1447,#1448,#1449,#1450,#1451,#1452,#1453,#1454,#1455,#1456,#1457,#1458,#1459,#1460,#1445));
#1462=IFCARBITRARYCLOSEDPROFILEDEF(.AREA.,$,#1461);
#1463=IFCEXTRUDEDAREASOLID(#1462,#8,#6,15.);
#1464=IFCSHAPEREPRESENTATION(#11,'Body','SweptSolid',(#1463));
#1465=IFCPRODUCTDEFINITIONSHAPE($,$,(#1464));
#1466=IFCLOCALPLACEMENT(#13,#8);
#1467=IFCBUILDINGELEMENTPROXY('0U0vbAsMRHbEm7DN$9Epd8',$,'Building 55545759',$,$,#1466,#1465,$,.ELEMENT.);
#1468=IFCPROPERTYSINGLEVALUE('osm_id',$,IFCLABEL('way/55545759'),$);
#1469=IFCPROPERTYSINGLEVALUE('height_source',$,IFCLABEL('tag:levels'),$);
#1470=IFCPROPERTYSINGLEVALUE('height_m',$,IFCREAL(15.),$);
#1471=IFCPROPERTYSET('01zJwwmiPbMeO8Kqkiixs2',$,'Pset_SiteContext',$,(#1468,#1469,#1470));
#1472=IFCRELDEFINESBYPROPERTIES('1NZKthHCWTviwjvxNirQ6C',$,$,$,(#1467),#1471);
#1473=IFCCARTESIANPOINT((161.21678520471323,-198.9982168423012));
#1474=IFCCARTESIANPOINT((159.36318220873363,-197.74875759799033));
#1475=IFCCARTESIANPOINT((160.6409387435997,-195.83546978700906));
#1476=IFCCARTESIANPOINT((162.49535955733154,-196.98485663160682));
#1477=IFCCARTESIANPOINT((164.20152646838687,-193.82964677363634));
#1478=IFCCARTESIANPOINT((165.08576390880626,-192.48025336582214));
#1479=IFCCARTESIANPOINT((164.0206892209826,-191.71539575234056));
#1480=IFCCARTESIANPOINT((161.84660738834646,-190.17420087661594));
#1481=IFCCARTESIANPOINT((160.38758850563318,-189.12812531925738));
#1482=IFCCARTESIANPOINT((156.73666380217765,-195.00291721336544));
#1483=IFCCARTESIANPOINT((155.9995352306869,-196.309032805264));
#1484=IFCCARTESIANPOINT((151.5986149907112,-203.26743431575596));
#1485=IFCCARTESIANPOINT((156.29464195715263,-205.98571977578104));
#1486=IFCCARTESIANPOINT((156.98117433406878,-206.38052829355001));
#1487=IFCPOLYLINE((#1473,#1474,#1475,#1476,#1477,#1478,#1479,#1480,#1481,#1482,#1483,#1484,#1485,#1486,#1473));
#1488=IFCARBITRARYCLOSEDPROFILEDEF(.AREA.,$,#1487);
#1489=IFCEXTRUDEDAREASOLID(#1488,#8,#6,18.);
#1490=IFCSHAPEREPRESENTATION(#11,'Body','SweptSolid',(#1489));
#1491=IFCPRODUCTDEFINITIONSHAPE($,$,(#1490));
#1492=IFCLOCALPLACEMENT(#13,#8);
#1493=IFCBUILDINGELEMENTPROXY('1Xhm4hTbEMsfnXy20KZHIK',$,'Building 55545760',$,$,#1492,#1491,$,.ELEMENT.);
#1494=IFCPROPERTYSINGLEVALUE('osm_id',$,IFCLABEL('way/55545760'),$);
#1495=IFCPROPERTYSINGLEVALUE('height_source',$,IFCLABEL('tag:levels'),$);
#1496=IFCPROPERTYSINGLEVALUE('height_m',$,IFCREAL(18.),$);
#1497=IFCPROPERTYSET('0F6S__TT6tJ9Xx8ZPvQlG8',$,'Pset_SiteContext',$,(#1494,#1495,#1496));
#1498=IFCRELDEFINESBYPROPERTIES('1IcEbzu_aeAH94ZQe3ywYQ',$,$,$,(#1493),#1497);
#1499=IFCCARTESIANPOINT((123.80599997553509,22.21502655930817));
#1500=IFCCARTESIANPOINT((121.77962876402307,22.965519992634654));
#1501=IFCCARTESIANPOINT((120.63918531127274,19.894646895118058));
#1502=IFCCARTESIANPOINT((122.59979649272282,19.17805082630366));
#1503=IFCCARTESIANPOINT((122.66555745876394,19.14415308367461));
#1504=IFCPOLYLINE((#1499,#1500,#1501,#1502,#1503,#1499));
#1505=IFCARBITRARYCLOSEDPROFILEDEF(.AREA.,$,#1504);
#1506=IFCEXTRUDEDAREASOLID(#1505,#8,#6,9.);
#1507=IFCSHAPEREPRESENTATION(#11,'Body','SweptSolid',(#1506));
#1508=IFCPRODUCTDEFINITIONSHAPE($,$,(#1507));
#1509=IFCLOCALPLACEMENT(#13,#8);
#1510=IFCBUILDINGELEMENTPROXY('2ZwVowrVw$b6aQ54e4dVwW',$,'Entrée Rivoli',$,$,#1509,#1508,$,.ELEMENT.);
#1511=IFCPROPERTYSINGLEVALUE('osm_id',$,IFCLABEL('way/55545761'),$);
#1512=IFCPROPERTYSINGLEVALUE('height_source',$,IFCLABEL('fallback'),$);
#1513=IFCPROPERTYSINGLEVALUE('height_m',$,IFCREAL(9.),$);
#1514=IFCPROPERTYSET('3Fs4LZAvMkPswlktNCQE5G',$,'Pset_SiteContext',$,(#1511,#1512,#1513));
#1515=IFCRELDEFINESBYPROPERTIES('0h8wARv9_zF2rABNI1YTbk',$,$,$,(#1510),#1514);
#1516=IFCCARTESIANPOINT((155.9995352306869,-196.309032805264));
#1517=IFCCARTESIANPOINT((153.97762922290713,-195.00259632244706));
#1518=IFCCARTESIANPOINT((154.7364974427037,-193.73001830466092));
#1519=IFCCARTESIANPOINT((156.73666380217765,-195.00291721336544));
#1520=IFCCARTESIANPOINT((160.38758850563318,-189.12812531925738));
#1521=IFCCARTESIANPOINT((160.60291765024886,-188.8185299038887));
#1522=IFCCARTESIANPOINT((159.4204463805072,-188.05271156597883));
#1523=IFCCARTESIANPOINT((155.734533758834,-185.6429240014404));
#1524=IFCCARTESIANPOINT((146.87478882540017,-200.3598800636828));
#1525=IFCCARTESIANPOINT((148.37883272883482,-201.2840087423101));
#1526=IFCCARTESIANPOINT((151.5986149907112,-203.26743431575596));
#1527=IFCPOLYLINE((#1516,#1517,#1518,#1519,#1520,#1521,#1522,#1523,#1524,#1525,#1526,#1516));
#1528=IFCARBITRARYCLOSEDPROFILEDEF(.AREA.,$,#1527);
#1529=IFCEXTRUDEDAREASOLID(#1528,#8,#6,9.);
#1530=IFCSHAPEREPRESENTATION(#11,'Body','SweptSolid',(#1529));
#1531=IFCPRODUCTDEFINITIONSHAPE($,$,(#1530));
#1532=IFCLOCALPLACEMENT(#13,#8);
#1533=IFCBUILDINGELEMENTPROXY('1q7JUKvHb2Bdd0ZQhkI9Fv',$,'Building 55545763',$,$,#1532,#1531,$,.ELEMENT.);
#1534=IFCPROPERTYSINGLEVALUE('osm_id',$,IFCLABEL('way/55545763'),$);
#1535=IFCPROPERTYSINGLEVALUE('height_source',$,IFCLABEL('fallback'),$);
#1536=IFCPROPERTYSINGLEVALUE('height_m',$,IFCREAL(9.),$);
#1537=IFCPROPERTYSET('2V3fm5EXBr27rn17zL0nAZ',$,'Pset_SiteContext',$,(#1534,#1535,#1536));
#1538=IFCRELDEFINESBYPROPERTIES('1ygHfPo9QDam$EojPf8GFe',$,$,$,(#1533),#1537);
#1539=IFCCARTESIANPOINT((117.09304901806172,-174.02905073482543));
#1540=IFCCARTESIANPOINT((116.05117902217899,-173.11981585528702));
#1541=IFCCARTESIANPOINT((116.3201462959405,-172.53266453836113));
#1542=IFCCARTESIANPOINT((116.03480877855327,-172.43025067355484));
#1543=IFCCARTESIANPOINT((121.1206107463222,-164.27653391472995));
#1544=IFCCARTESIANPOINT((121.93681619339623,-163.17122692242265));
#1545=IFCCARTESIANPOINT((116.97875586664304,-161.09571973234415));
#1546=IFCCARTESIANPOINT((112.38837480929215,-168.7864537909627));
#1547=IFCCARTESIANPOINT((107.6416220216779,-176.7539003416896));
#1548=IFCCARTESIANPOINT((108.0724324680632,-177.01318335160613));
#1549=IFCCARTESIANPOINT((113.13961985369679,-180.10149799194187));
#1550=IFCPOLYLINE((#1539,#1540,#1541,#1542,#1543,#1544,#1545,#1546,#1547,#1548,#1549,#1539));
#1551=IFCARBITRARYCLOSEDPROFILEDEF(.AREA.,$,#1550);
#1552=IFCEXTRUDEDAREASOLID(#1551,#8,#6,21.);
#1553=IFCSHAPEREPRESENTATION(#11,'Body','SweptSolid',(#1552));
#1554=IFCPRODUCTDEFINITIONSHAPE($,$,(#1553));
#1555=IFCLOCALPLACEMENT(#13,#8);
#1556=IFCBUILDINGELEMENTPROXY('1_UEB7yPgrQCaa1xXEholi',$,'Building 55545765',$,$,#1555,#1554,$,.ELEMENT.);
#1557=IFCPROPERTYSINGLEVALUE('osm_id',$,IFCLABEL('way/55545765'),$);
#1558=IFCPROPERTYSINGLEVALUE('height_source',$,IFCLABEL('tag:levels'),$);
#1559=IFCPROPERTYSINGLEVALUE('height_m',$,IFCREAL(21.),$);
#1560=IFCPROPERTYSET('1DRhCLcjB05jkte0d_U5aR',$,'Pset_SiteContext',$,(#1557,#1558,#1559));
#1561=IFCRELDEFINESBYPROPERTIES('1ZT$8TENNEhW2C6Nd_O2p4',$,$,$,(#1556),#1560);
#1562=IFCCARTESIANPOINT((173.8398466014769,-200.55810991115868));
#1563=IFCCARTESIANPOINT((172.80375524086412,-199.83797030709684));
#1564=IFCCARTESIANPOINT((168.42605064902455,-196.7775848088786));
#1565=IFCCARTESIANPOINT((165.17194293031935,-194.504771634005));
#1566=IFCCARTESIANPOINT((164.20152646838687,-193.82964677363634));
#1567=IFCCARTESIANPOINT((162.49535955733154,-196.98485663160682));
#1568=IFCCARTESIANPOINT((161.21678520471323,-198.9982168423012));
#1569=IFCCARTESIANPOINT((156.98117433406878,-206.38052829355001));
#1570=IFCCARTESIANPOINT((158.47072845639195,-207.28229609318078));
#1571=IFCCARTESIANPOINT((166.8603942139307,-212.36594180669636));
#1572=IFCPOLYLINE((#1562,#1563,#1564,#1565,#1566,#1567,#1568,#1569,#1570,#1571,#1562));
#1573=IFCARBITRARYCLOSEDPROFILEDEF(.AREA.,$,#1572);
#1574=IFCEXTRUDEDAREASOLID(#1573,#8,#6,21.);
#1575=IFCSHAPEREPRESENTATION(#11,'Body','SweptSolid',(#1574));
#1576=IFCPRODUCTDEFINITIONSHAPE($,$,(#1575));
#1577=IFCLOCALPLACEMENT(#13,#8);
#1578=IFCBUILDINGELEMENTPROXY('0B_rpRLg5cue_Q9MpvZ0lV',$,'Building 55545766',$,$,#1577,#1576,$,.ELEMENT.);
#1579=IFCPROPERTYSINGLEVALUE('osm_id',$,IFCLABEL('way/55545766'),$);
#1580=IFCPROPERTYSINGLEVALUE('height_source',$,IFCLABEL('tag:levels'),$);
#1581=IFCPROPERTYSINGLEVALUE('height_m',$,IFCREAL(21.),$);
#1582=IFCPROPERTYSET('0TWMs1CDnVskwFw_M9FxdH',$,'Pset_SiteContext',$,(#1579,#1580,#1581));
#1583=IFCRELDEFINESBYPROPERTIES('2rWca$iSUqKSf4Rj6_gP3z',$,$,$,(#1578),#1582);
#1584=IFCCARTESIANPOINT((276.73890810401645,-106.97956153657287));
#1585=IFCCARTESIANPOINT((283.59126186417416,-108.91470301616937));
#1586=IFCCARTESIANPOINT((284.67537832527887,-107.34452352114022));
#1587=IFCCARTESIANPOINT((285.95262046309654,-105.4868022641167));
#1588=IFCCARTESIANPOINT((280.2914369653445,-104.15073096286505));
#1589=IFCCARTESIANPOINT((277.40798477618955,-104.11609422788024));
#1590=IFCCARTESIANPOINT((277.32546115887817,-104.33781840000302));
#1591=IFCPOLYLINE((#1584,#1585,#1586,#1587,#1588,#1589,#1590,#1584));
#1592=IFCARBITRARYCLOSEDPROFILEDEF(.AREA.,$,#1591);
#1593=IFCEXTRUDEDAREASOLID(#1592,#8,#6,18.);
#1594=IFCSHAPEREPRESENTATION(#11,'Body','SweptSolid',(#1593));
#1595=IFCPRODUCTDEFINITIONSHAPE($,$,(#1594));
#1596=IFCLOCALPLACEMENT(#13,#8);
#1597=IFCBUILDINGELEMENTPROXY('1Z5Gw5iOZPYRXpvqrHlAtU',$,'Building 55620124',$,$,#1596,#1595,$,.ELEMENT.);
#1598=IFCPROPERTYSINGLEVALUE('osm_id',$,IFCLABEL('way/55620124'),$);
#1599=IFCPROPERTYSINGLEVALUE('height_source',$,IFCLABEL('tag:levels'),$);
#1600=IFCPROPERTYSINGLEVALUE('height_m',$,IFCREAL(18.),$);
#1601=IFCPROPERTYSET('2$DdB1UJBHwToujaq5Hyoa',$,'Pset_SiteContext',$,(#1598,#1599,#1600));
#1602=IFCRELDEFINESBYPROPERTIES('37ye$RiUoMzH_bqK9kcaHi',$,$,$,(#1597),#1601);
#1603=IFCCARTESIANPOINT((282.2033134709345,-91.05600512772799));
#1604=IFCCARTESIANPOINT((280.2913763555698,-90.66233715135604));
#1605=IFCCARTESIANPOINT((273.15651168418117,-89.18080132547766));
#1606=IFCCARTESIANPOINT((261.14357747882605,-86.61419192608446));
#1607=IFCCARTESIANPOINT((259.8333535587881,-88.91643347311765));
#1608=IFCCARTESIANPOINT((254.507564147003,-98.63621731102467));
#1609=IFCCARTESIANPOINT((262.35348206874914,-102.90354283712804));
#1610=IFCCARTESIANPOINT((266.2923105714144,-95.89680399931967));
#1611=IFCCARTESIANPOINT((266.8267505217809,-96.0457221455872));
#1612=IFCCARTESIANPOINT((266.7323539208155,-96.82334246858954));
#1613=IFCCARTESIANPOINT((277.43321305827703,-99.22356060426682));
#1614=IFCCARTESIANPOINT((277.7003553103423,-97.95807509869337));
#1615=IFCCARTESIANPOINT((280.84241390647367,-98.67313238605857));
#1616=IFCCARTESIANPOINT((281.0061911721714,-98.3853516401723));
#1617=IFCPOLYLINE((#1603,#1604,#1605,#1606,#1607,#1608,#1609,#1610,#1611,#1612,#1613,#1614,#1615,#1616,#1603));
#1618=IFCARBITRARYCLOSEDPROFILEDEF(.AREA.,$,#1617);
#1619=IFCEXTRUDEDAREASOLID(#1618,#8,#6,15.);
#1620=IFCSHAPEREPRESENTATION(#11,'Body','SweptSolid',(#1619));
#1621=IFCPRODUCTDEFINITIONSHAPE($,$,(#1620));
#1622=IFCLOCALPLACEMENT(#13,#8);
#1623=IFCBUILDINGELEMENTPROXY('3dktch4Uo393XnNw5TdRPa',$,'Building 55620133',$,$,#1622,#1621,$,.ELEMENT.);
#1624=IFCPROPERTYSINGLEVALUE('osm_id',$,IFCLABEL('way/55620133'),$);
#1625=IFCPROPERTYSINGLEVALUE('height_source',$,IFCLABEL('tag:levels'),$);
#1626=IFCPROPERTYSINGLEVALUE('height_m',$,IFCREAL(15.),$);
#1627=IFCPROPERTYSET('2VrG3MtP$dF4gF9XKqTtxW',$,'Pset_SiteContext',$,(#1624,#1625,#1626));
#1628=IFCRELDEFINESBYPROPERTIES('38UUiACQpZamICaoWv7gIk',$,$,$,(#1623),#1627);
#1629=IFCCARTESIANPOINT((248.0411872996483,-135.72378467675298));
#1630=IFCCARTESIANPOINT((252.76953484036494,-138.97601052187383));
#1631=IFCCARTESIANPOINT((260.5041659028502,-144.29881518892944));
#1632=IFCCARTESIANPOINT((263.8480465604225,-139.16648215986788));
#1633=IFCCARTESIANPOINT((267.39999617252033,-133.7133684847504));
#1634=IFCCARTESIANPOINT((257.37778328941204,-127.2710413299501));
#1635=IFCCARTESIANPOINT((255.10107009694912,-125.71792336460203));
#1636=IFCCARTESIANPOINT((253.99583768367302,-127.17672627139837));
#1637=IFCCARTESIANPOINT((256.3067879525479,-129.03036023676395));
#1638=IFCCARTESIANPOINT((256.8788244500756,-129.06838741060346));
#1639=IFCCARTESIANPOINT((257.3570185195422,-128.91661120392382));
#1640=IFCCARTESIANPOINT((257.5901787549956,-129.11867114622146));
#1641=IFCCARTESIANPOINT((256.2515929238871,-131.29836130142212));
#1642=IFCCARTESIANPOINT((252.65181907918304,-129.12285424023867));
#1643=IFCPOLYLINE((#1629,#1630,#1631,#1632,#1633,#1634,#1635,#1636,#1637,#1638,#1639,#1640,#1641,#1642,#1629));
#1644=IFCARBITRARYCLOSEDPROFILEDEF(.AREA.,$,#1643);
#1645=IFCEXTRUDEDAREASOLID(#1644,#8,#6,9.);
#1646=IFCSHAPEREPRESENTATION(#11,'Body','SweptSolid',(#1645));
#1647=IFCPRODUCTDEFINITIONSHAPE($,$,(#1646));
#1648=IFCLOCALPLACEMENT(#13,#8);
#1649=IFCBUILDINGELEMENTPROXY('23RuvL8f8n0hJSa98bDYcE',$,'Building 55620141',$,$,#1648,#1647,$,.ELEMENT.);
#1650=IFCPROPERTYSINGLEVALUE('osm_id',$,IFCLABEL('way/55620141'),$);
#1651=IFCPROPERTYSINGLEVALUE('height_source',$,IFCLABEL('fallback'),$);
#1652=IFCPROPERTYSINGLEVALUE('height_m',$,IFCREAL(9.),$);
#1653=IFCPROPERTYSET('0HlBg0UyV9T84Lk0FIx9ko',$,'Pset_SiteContext',$,(#1650,#1651,#1652));
#1654=IFCRELDEFINESBYPROPERTIES('3vDIcyCdA7K6NuKwuiIAjK',$,$,$,(#1649),#1653);
#1655=IFCCARTESIANPOINT((272.54352370498236,-125.64894797001034));
#1656=IFCCARTESIANPOINT((275.8858414121205,-120.70563226472586));
#1657=IFCCARTESIANPOINT((276.40570862439927,-119.94260205049068));
#1658=IFCCARTESIANPOINT((267.1090632871492,-115.4077050127089));
#1659=IFCCARTESIANPOINT((268.18847861874383,-113.5150143140927));
#1660=IFCCARTESIANPOINT((267.49834159901366,-111.76356614846736));
#1661=IFCCARTESIANPOINT((265.42498900857754,-110.46786779910326));
#1662=IFCCARTESIANPOINT((262.38205562054645,-114.69082949403673));
#1663=IFCCARTESIANPOINT((266.78085126099177,-117.86251680366695));
#1664=IFCCARTESIANPOINT((265.2189781581983,-120.42958275601268));
#1665=IFCCARTESIANPOINT((263.8094947144855,-120.50704271625727));
#1666=IFCPOLYLINE((#1655,#1656,#1657,#1658,#1659,#1660,#1661,#1662,#1663,#1664,#1665,#1655));
#1667=IFCARBITRARYCLOSEDPROFILEDEF(.AREA.,$,#1666);
#1668=IFCEXTRUDEDAREASOLID(#1667,#8,#6,21.);
#1669=IFCSHAPEREPRESENTATION(#11,'Body','SweptSolid',(#1668));
#1670=IFCPRODUCTDEFINITIONSHAPE($,$,(#1669));
#1671=IFCLOCALPLACEMENT(#13,#8);
#1672=IFCBUILDINGELEMENTPROXY('25Q9O7mdxJvWMB9P4iNWLQ',$,'Building 55620154',$,$,#1671,#1670,$,.ELEMENT.);
#1673=IFCPROPERTYSINGLEVALUE('osm_id',$,IFCLABEL('way/55620154'),$);
#1674=IFCPROPERTYSINGLEVALUE('height_source',$,IFCLABEL('tag:levels'),$);
#1675=IFCPROPERTYSINGLEVALUE('height_m',$,IFCREAL(21.),$);
#1676=IFCPROPERTYSET('3i$b5A_OhIdmV5xp8nwgcn',$,'Pset_SiteContext',$,(#1673,#1674,#1675));
#1677=IFCRELDEFINESBYPROPERTIES('3en_MrYuQPvDnY1qn3vYpU',$,$,$,(#1672),#1676);
#1678=IFCCARTESIANPOINT((285.95262046309654,-105.4868022641167));
#1679=IFCCARTESIANPOINT((291.22807749256026,-97.43455940205604));
#1680=IFCCARTESIANPOINT((292.35748250351753,-95.70906955003738));
#1681=IFCCARTESIANPOINT((291.2272026549326,-93.04220653604716));
#1682=IFCCARTESIANPOINT((283.3825239717262,-91.32137860823423));
#1683=IFCCARTESIANPOINT((282.2033134709345,-91.05600512772799));
#1684=IFCCARTESIANPOINT((281.0061911721714,-98.3853516401723));
#1685=IFCCARTESIANPOINT((283.5488625721773,-98.81752259563655));
#1686=IFCCARTESIANPOINT((282.8059788594255,-99.93457043077797));
#1687=IFCCARTESIANPOINT((282.26392885961104,-99.81895129475743));
#1688=IFCCARTESIANPOINT((281.5522980786627,-100.70273673161864));
#1689=IFCCARTESIANPOINT((281.8103637112072,-101.44987210724503));
#1690=IFCCARTESIANPOINT((280.6012580964016,-101.25097370706499));
#1691=IFCCARTESIANPOINT((280.2914369653445,-104.15073096286505));
#1692=IFCPOLYLINE((#1678,#1679,#1680,#1681,#1682,#1683,#1684,#1685,#1686,#1687,#1688,#1689,#1690,#1691,#1678));
#1693=IFCARBITRARYCLOSEDPROFILEDEF(.AREA.,$,#1692);
#1694=IFCEXTRUDEDAREASOLID(#1693,#8,#6,18.);
#1695=IFCSHAPEREPRESENTATION(#11,'Body','SweptSolid',(#1694));
#1696=IFCPRODUCTDEFINITIONSHAPE($,$,(#1695));
#1697=IFCLOCALPLACEMENT(#13,#8);
#1698=IFCBUILDINGELEMENTPROXY('15kdeLhaRRWW5q2ywC3CBh',$,'Building 55620161',$,$,#1697,#1696,$,.ELEMENT.);
#1699=IFCPROPERTYSINGLEVALUE('osm_id',$,IFCLABEL('way/55620161'),$);
#1700=IFCPROPERTYSINGLEVALUE('height_source',$,IFCLABEL('tag:levels'),$);
#1701=IFCPROPERTYSINGLEVALUE('height_m',$,IFCREAL(18.),$);
#1702=IFCPROPERTYSET('3J0c390sGvBVRR$vZjdasc',$,'Pset_SiteContext',$,(#1699,#1700,#1701));
#1703=IFCRELDEFINESBYPROPERTIES('1W0zLPeiXTijEQaiSixqr4',$,$,$,(#1698),#1702);
#1704=IFCCARTESIANPOINT((253.8425409437623,-122.58297297079116));
#1705=IFCCARTESIANPOINT((251.51356221048627,-121.1406256314367));
#1706=IFCCARTESIANPOINT((250.48776949790772,-122.7557542398572));
#1707=IFCCARTESIANPOINT((252.78685508610215,-124.26457719691098));
#1708=IFCPOLYLINE((#1704,#1705,#1706,#1707,#1704));
#1709=IFCARBITRARYCLOSEDPROFILEDEF(.AREA.,$,#1708);
#1710=IFCEXTRUDEDAREASOLID(#1709,#8,#6,9.);
#1711=IFCSHAPEREPRESENTATION(#11,'Body','SweptSolid',(#1710));
#1712=IFCPRODUCTDEFINITIONSHAPE($,$,(#1711));
#1713=IFCLOCALPLACEMENT(#13,#8);
#1714=IFCBUILDINGELEMENTPROXY('1b8Mr_JiYk9SBmj24ppP61',$,'Building 55620164',$,$,#1713,#1712,$,.ELEMENT.);
#1715=IFCPROPERTYSINGLEVALUE('osm_id',$,IFCLABEL('way/55620164'),$);
#1716=IFCPROPERTYSINGLEVALUE('height_source',$,IFCLABEL('fallback'),$);
#1717=IFCPROPERTYSINGLEVALUE('height_m',$,IFCREAL(9.),$);
#1718=IFCPROPERTYSET('0mgfgju1YKyHI93jgjrtuz',$,'Pset_SiteContext',$,(#1715,#1716,#1717));
#1719=IFCRELDEFINESBYPROPERTIES('0CuzjKvdDw5I1Y2M8Osv81',$,$,$,(#1714),#1718);
#1720=IFCCARTESIANPOINT((233.60036937484983,-131.23580905143172));
#1721=IFCCARTESIANPOINT((245.40314119914547,-139.78324320260435));
#1722=IFCCARTESIANPOINT((246.95623895991594,-137.3940290203318));
#1723=IFCCARTESIANPOINT((248.0411872996483,-135.72378467675298));
#1724=IFCCARTESIANPOINT((252.65181907918304,-129.12285424023867));
#1725=IFCCARTESIANPOINT((253.99583768367302,-127.17672627139837));
#1726=IFCCARTESIANPOINT((251.87329917645548,-125.61374524235725));
#1727=IFCCARTESIANPOINT((250.68430840049405,-124.74781318288296));
#1728=IFCCARTESIANPOINT((242.50767470314167,-118.74307512491941));
#1729=IFCPOLYLINE((#1720,#1721,#1722,#1723,#1724,#1725,#1726,#1727,#1728,#1720));
#1730=IFCARBITRARYCLOSEDPROFILEDEF(.AREA.,$,#1729);
#1731=IFCEXTRUDEDAREASOLID(#1730,#8,#6,18.);
#1732=IFCSHAPEREPRESENTATION(#11,'Body','SweptSolid',(#1731));
#1733=IFCPRODUCTDEFINITIONSHAPE($,$,(#1732));
#1734=IFCLOCALPLACEMENT(#13,#8);
#1735=IFCBUILDINGELEMENTPROXY('1Iemcb8pq79Yi6_S30UM_w',$,'Building 55620206',$,$,#1734,#1733,$,.ELEMENT.);
#1736=IFCPROPERTYSINGLEVALUE('osm_id',$,IFCLABEL('way/55620206'),$);
#1737=IFCPROPERTYSINGLEVALUE('height_source',$,IFCLABEL('tag:levels'),$);
#1738=IFCPROPERTYSINGLEVALUE('height_m',$,IFCREAL(18.),$);
#1739=IFCPROPERTYSET('3wUNJL912tLlzk$d00wpN3',$,'Pset_SiteContext',$,(#1736,#1737,#1738));
#1740=IFCRELDEFINESBYPROPERTIES('1oadmWEal8C9H_NLNeAKeL',$,$,$,(#1735),#1739);
#1741=IFCCARTESIANPOINT((267.39999617252033,-133.7133684847504));
#1742=IFCCARTESIANPOINT((269.9271483964985,-129.75307402852923));
#1743=IFCCARTESIANPOINT((272.54352370498236,-125.64894797001034));
#1744=IFCCARTESIANPOINT((263.8094947144855,-120.50704271625727));
#1745=IFCCARTESIANPOINT((262.26867671799846,-119.59376321081072));
#1746=IFCCARTESIANPOINT((261.87481146818027,-120.20214213710278));
#1747=IFCCARTESIANPOINT((257.37778328941204,-127.2710413299501));
#1748=IFCPOLYLINE((#1741,#1742,#1743,#1744,#1745,#1746,#1747,#1741));
#1749=IFCARBITRARYCLOSEDPROFILEDEF(.AREA.,$,#1748);
#1750=IFCEXTRUDEDAREASOLID(#1749,#8,#6,21.);
#1751=IFCSHAPEREPRESENTATION(#11,'Body','SweptSolid',(#1750));
#1752=IFCPRODUCTDEFINITIONSHAPE($,$,(#1751));
#1753=IFCLOCALPLACEMENT(#13,#8);
#1754=IFCBUILDINGELEMENTPROXY('3hnGNJd6MEXcHFxz468ipi',$,'Building 55620210',$,$,#1753,#1752,$,.ELEMENT.);
#1755=IFCPROPERTYSINGLEVALUE('osm_id',$,IFCLABEL('way/55620210'),$);
#1756=IFCPROPERTYSINGLEVALUE('height_source',$,IFCLABEL('tag:levels'),$);
#1757=IFCPROPERTYSINGLEVALUE('height_m',$,IFCREAL(21.),$);
#1758=IFCPROPERTYSET('2G1leuTKMAij6IlYa6k1kJ',$,'Pset_SiteContext',$,(#1755,#1756,#1757));
#1759=IFCRELDEFINESBYPROPERTIES('1rOUHnNbz0qv6pb4kPvNXM',$,$,$,(#1754),#1758);
#1760=IFCCARTESIANPOINT((-106.05312242766377,215.65165510680526));
#1761=IFCCARTESIANPOINT((-100.08998441847507,232.3491904148832));
#1762=IFCCARTESIANPOINT((-95.80583175993524,239.3862243425101));
#1763=IFCCARTESIANPOINT((-99.73539955809247,241.56467094644904));
#1764=IFCCARTESIANPOINT((-103.0076677192701,243.37075911741704));
#1765=IFCCARTESIANPOINT((-109.38088741968386,228.55586026236415));
#1766=IFCCARTESIANPOINT((-108.35683886741754,228.169362783432));
#1767=IFCCARTESIANPOINT((-107.71460232068785,228.64223724417388));
#1768=IFCCARTESIANPOINT((-106.7227577563608,228.80087986029685));
#1769=IFCCARTESIANPOINT((-105.71998815739062,228.50351700279862));
#1770=IFCCARTESIANPOINT((-105.48018077842426,229.11313953250647));
#1771=IFCCARTESIANPOINT((-103.97363786888309,228.51139742787927));
#1772=IFCCARTESIANPOINT((-106.35943846520968,223.0155456373468));
#1773=IFCCARTESIANPOINT((-107.32497617288027,223.37932181265205));
#1774=IFCCARTESIANPOINT((-107.8387159339618,222.47171470150352));
#1775=IFCCARTESIANPOINT((-109.05343207123224,222.87089985702187));
#1776=IFCCARTESIANPOINT((-109.56111177138519,225.3770515639335));
#1777=IFCCARTESIANPOINT((-110.5628759029787,225.7967256801203));
#1778=IFCCARTESIANPOINT((-113.16527164820582,218.94603048171848));
#1779=IFCPOLYLINE((#1760,#1761,#1762,#1763,#1764,#1765,#1766,#1767,#1768,#1769,#1770,#1771,#1772,#1773,#1774,#1775,#1776,#1777,#1778,#1760));
#1780=IFCARBITRARYCLOSEDPROFILEDEF(.AREA.,$,#1779);
#1781=IFCEXTRUDEDAREASOLID(#1780,#8,#6,15.);
#1782=IFCSHAPEREPRESENTATION(#11,'Body','SweptSolid',(#1781));
#1783=IFCPRODUCTDEFINITIONSHAPE($,$,(#1782));
#1784=IFCLOCALPLACEMENT(#13,#8);
#1785=IFCBUILDINGELEMENTPROXY('2Lbx2UHQNflFEUZlkrRIDX',$,'Building 55697091',$,$,#1784,#1783,$,.ELEMENT.);
#1786=IFCPROPERTYSINGLEVALUE('osm_id',$,IFCLABEL('way/55697091'),$);
#1787=IFCPROPERTYSINGLEVALUE('height_source',$,IFCLABEL('tag:levels'),$);
#1788=IFCPROPERTYSINGLEVALUE('height_m',$,IFCREAL(15.),$);
#1789=IFCPROPERTYSET('3n9OM_S5kIu$aG1TSvwifu',$,'Pset_SiteContext',$,(#1786,#1787,#1788));
#1790=IFCRELDEFINESBYPROPERTIES('0$r2D1vNl3GRWa5HTPKm1J',$,$,$,(#1785),#1789);
#1791=IFCCARTESIANPOINT((-154.9674497267697,171.54112792853266));
#1792=IFCCARTESIANPOINT((-154.33970911824144,172.92594766058028));
#1793=IFCCARTESIANPOINT((-151.5918795336038,179.60862694401294));
#1794=IFCCARTESIANPOINT((-151.3964528334327,180.17413308564574));
#1795=IFCCARTESIANPOINT((-157.1199958922807,181.9114672858268));
#1796=IFCCARTESIANPOINT((-159.00100189156365,182.482945734635));
#1797=IFCCARTESIANPOINT((-166.03454889159184,184.63138884305954));
#1798=IFCCARTESIANPOINT((-170.30271580838598,173.31311819516122));
#1799=IFCCARTESIANPOINT((-167.27704432525206,165.61548002250493));
#1800=IFCCARTESIANPOINT((-165.00432556506712,164.4958993429318));
#1801=IFCCARTESIANPOINT((-159.35549522412475,161.70278294105083));
#1802=IFCPOLYLINE((#1791,#1792,#1793,#1794,#1795,#1796,#1797,#1798,#1799,#1800,#1801,#1791));
#1803=IFCARBITRARYCLOSEDPROFILEDEF(.AREA.,$,#1802);
#1804=IFCEXTRUDEDAREASOLID(#1803,#8,#6,21.);
#1805=IFCSHAPEREPRESENTATION(#11,'Body','SweptSolid',(#1804));
#1806=IFCPRODUCTDEFINITIONSHAPE($,$,(#1805));
#1807=IFCLOCALPLACEMENT(#13,#8);
#1808=IFCBUILDINGELEMENTPROXY('2LtxdiJEwSzcTusBWyyhXJ',$,'Building 55697095',$,$,#1807,#1806,$,.ELEMENT.);
#1809=IFCPROPERTYSINGLEVALUE('osm_id',$,IFCLABEL('way/55697095'),$);
#1810=IFCPROPERTYSINGLEVALUE('height_source',$,IFCLABEL('tag:levels'),$);
#1811=IFCPROPERTYSINGLEVALUE('height_m',$,IFCREAL(21.),$);
#1812=IFCPROPERTYSET('0SD3b7mBF5kMcBjRU6vhnk',$,'Pset_SiteContext',$,(#1809,#1810,#1811));
#1813=IFCRELDEFINESBYPROPERTIES('1CuX9OztDTTdkto5C9k9Yl',$,$,$,(#1808),#1812);
#1814=IFCCARTESIANPOINT((-59.27907178783789,202.9575111605227));
#1815=IFCCARTESIANPOINT((-56.162211488117464,200.98592667467892));
#1816=IFCCARTESIANPOINT((-57.898311750614084,198.65388963744044));
#1817=IFCCARTESIANPOINT((-58.46087640407495,198.94762802589685));
#1818=IFCCARTESIANPOINT((-61.76314562908374,194.42671856470406));
#1819=IFCCARTESIANPOINT((-59.96281025360804,192.966342844069));
#1820=IFCCARTESIANPOINT((-63.663530575693585,187.2811190066859));
#1821=IFCCARTESIANPOINT((-61.01098833815195,185.05758921988308));
#1822=IFCCARTESIANPOINT((-59.89438082452398,184.3256234843284));
#1823=IFCCARTESIANPOINT((-55.60357545723673,192.17438188102096));
#1824=IFCCARTESIANPOINT((-58.382670174585655,194.1765510039404));
#1825=IFCCARTESIANPOINT((-55.6809923282126,197.9351228689775));
#1826=IFCCARTESIANPOINT((-52.91565900074784,196.04426694195718));
#1827=IFCCARTESIANPOINT((-47.60300946177449,205.91957977972925));
#1828=IFCCARTESIANPOINT((-49.2972176411422,206.90092472173274));
#1829=IFCCARTESIANPOINT((-55.3291554878233,210.3976349858567));
#1830=IFCPOLYLINE((#1814,#1815,#1816,#1817,#1818,#1819,#1820,#1821,#1822,#1823,#1824,#1825,#1826,#1827,#1828,#1829,#1814));
#1831=IFCARBITRARYCLOSEDPROFILEDEF(.AREA.,$,#1830);
#1832=IFCEXTRUDEDAREASOLID(#1831,#8,#6,9.);
#1833=IFCSHAPEREPRESENTATION(#11,'Body','SweptSolid',(#1832));
#1834=IFCPRODUCTDEFINITIONSHAPE($,$,(#1833));
#1835=IFCLOCALPLACEMENT(#13,#8);
#1836=IFCBUILDINGELEMENTPROXY('0NLNuGltmF8E4k_EGX0CiO',$,'Building 55697098',$,$,#1835,#1834,$,.ELEMENT.);
#1837=IFCPROPERTYSINGLEVALUE('osm_id',$,IFCLABEL('way/55697098'),$);
#1838=IFCPROPERTYSINGLEVALUE('height_source',$,IFCLABEL('fallback'),$);
#1839=IFCPROPERTYSINGLEVALUE('height_m',$,IFCREAL(9.),$);
#1840=IFCPROPERTYSET('03iTzNQqM_dt6mThQ3Ir$a',$,'Pset_SiteContext',$,(#1837,#1838,#1839));
#1841=IFCRELDEFINESBYPROPERTIES('0FPNmjNzy$6Ze4j66ewKlP',$,$,$,(#1836),#1840);
#1842=IFCCARTESIANPOINT((-34.67491046548821,181.74997135158628));
#1843=IFCCARTESIANPOINT((-33.82784715888556,181.25374148134142));
#1844=IFCCARTESIANPOINT((-28.919749939115718,191.01007275655866));
#1845=IFCCARTESIANPOINT((-29.789096721913666,191.47312521282583));
#1846=IFCPOLYLINE((#1842,#1843,#1844,#1845,#1842));
#1847=IFCARBITRARYCLOSEDPROFILEDEF(.AREA.,$,#1846);
#1848=IFCEXTRUDEDAREASOLID(#1847,#8,#6,9.);
#1849=IFCSHAPEREPRESENTATION(#11,'Body','SweptSolid',(#1848));
#1850=IFCPRODUCTDEFINITIONSHAPE($,$,(#1849));
#1851=IFCLOCALPLACEMENT(#13,#8);
#1852=IFCBUILDINGELEMENTPROXY('2XWDPdmE6e_w4AmQ6K6dc9',$,'Building 55697099',$,$,#1851,#1850,$,.ELEMENT.);
#1853=IFCPROPERTYSINGLEVALUE('osm_id',$,IFCLABEL('way/55697099'),$);
#1854=IFCPROPERTYSINGLEVALUE('height_source',$,IFCLABEL('fallback'),$);
#1855=IFCPROPERTYSINGLEVALUE('height_m',$,IFCREAL(9.),$);
#1856=IFCPROPERTYSET('3_IfrVfJxQywj299xnwATn',$,'Pset_SiteContext',$,(#1853,#1854,#1855));
#1857=IFCRELDEFINESBYPROPERTIES('2gmH2y1tPbNgm1b5Rfpg4r',$,$,$,(#1852),#1856);
#1858=IFCCARTESIANPOINT((-52.91565900074784,196.04426694195718));
#1859=IFCCARTESIANPOINT((-55.6809923282126,197.9351228689775));
#1860=IFCCARTESIANPOINT((-58.382670174585655,194.1765510039404));
#1861=IFCCARTESIANPOINT((-55.60357545723673,192.17438188102096));
#1862=IFCCARTESIANPOINT((-34.75698571326211,181.58384682796896));
#1863=IFCCARTESIANPOINT((-34.67491046548821,181.74997135158628));
#1864=IFCCARTESIANPOINT((-29.789096721913666,191.47312521282583));
#1865=IFCCARTESIANPOINT((-27.789951215614565,195.4598752176389));
#1866=IFCCARTESIANPOINT((-34.6427310067229,199.07450084760785));
#1867=IFCCARTESIANPOINT((-47.60300946177449,205.91957977972925));
#1868=IFCPOLYLINE((#1858,#1859,#1860,#1861,#1862,#1863,#1864,#1865,#1866,#1867,#1858));
#1869=IFCARBITRARYCLOSEDPROFILEDEF(.AREA.,$,#1868);
#1870=IFCEXTRUDEDAREASOLID(#1869,#8,#6,12.);
#1871=IFCSHAPEREPRESENTATION(#11,'Body','SweptSolid',(#1870));
#1872=IFCPRODUCTDEFINITIONSHAPE($,$,(#1871));
#1873=IFCLOCALPLACEMENT(#13,#8);
#1874=IFCBUILDINGELEMENTPROXY('3ecboNChJCBOaP8L7qLlPC',$,'Building 55697101',$,$,#1873,#1872,$,.ELEMENT.);
#1875=IFCPROPERTYSINGLEVALUE('osm_id',$,IFCLABEL('way/55697101'),$);
#1876=IFCPROPERTYSINGLEVALUE('height_source',$,IFCLABEL('tag:levels'),$);
#1877=IFCPROPERTYSINGLEVALUE('height_m',$,IFCREAL(12.),$);
#1878=IFCPROPERTYSET('0MVpnEYGEbtjvlF7fzukr4',$,'Pset_SiteContext',$,(#1875,#1876,#1877));
#1879=IFCRELDEFINESBYPROPERTIES('3lPUzqYIBZQSv3mAQuejHs',$,$,$,(#1874),#1878);
#1880=IFCCARTESIANPOINT((-137.2892856518738,228.00703334715217));
#1881=IFCCARTESIANPOINT((-134.24676656990778,226.81441068742424));
#1882=IFCCARTESIANPOINT((-134.6558552311035,225.24987089447677));
#1883=IFCCARTESIANPOINT((-132.98799521639012,224.6356740919873));
#1884=IFCCARTESIANPOINT((-133.97878032864537,221.93057067412883));
#1885=IFCCARTESIANPOINT((-125.6695507268887,218.7708808053285));
#1886=IFCCARTESIANPOINT((-122.5294669844443,226.76249716244638));
#1887=IFCCARTESIANPOINT((-119.60832808702253,235.7900670710951));
#1888=IFCCARTESIANPOINT((-124.1041970953811,237.80638960003853));
#1889=IFCCARTESIANPOINT((-124.51156406931113,237.34270479809493));
#1890=IFCCARTESIANPOINT((-127.88992702122778,238.7382434643805));
#1891=IFCCARTESIANPOINT((-143.58497630560305,244.9166053244844));
#1892=IFCCARTESIANPOINT((-147.42616405605804,234.65118969418108));
#1893=IFCCARTESIANPOINT((-148.27380252163857,232.40082623437047));
#1894=IFCPOLYLINE((#1880,#1881,#1882,#1883,#1884,#1885,#1886,#1887,#1888,#1889,#1890,#1891,#1892,#1893,#1880));
#1895=IFCARBITRARYCLOSEDPROFILEDEF(.AREA.,$,#1894);
#1896=IFCEXTRUDEDAREASOLID(#1895,#8,#6,9.);
#1897=IFCSHAPEREPRESENTATION(#11,'Body','SweptSolid',(#1896));
#1898=IFCPRODUCTDEFINITIONSHAPE($,$,(#1897));
#1899=IFCLOCALPLACEMENT(#13,#8);
#1900=IFCBUILDINGELEMENTPROXY('2ECgD8m1Zh$kehHuanQP08',$,'Building 55697103',$,$,#1899,#1898,$,.ELEMENT.);
#1901=IFCPROPERTYSINGLEVALUE('osm_id',$,IFCLABEL('way/55697103'),$);
#1902=IFCPROPERTYSINGLEVALUE('height_source',$,IFCLABEL('fallback'),$);
#1903=IFCPROPERTYSINGLEVALUE('height_m',$,IFCREAL(9.),$);
#1904=IFCPROPERTYSET('2ihJJT00OEq$tjYwTlnCKb',$,'Pset_SiteContext',$,(#1901,#1902,#1903));
#1905=IFCRELDEFINESBYPROPERTIES('30ysrciEF6KGwoZoKOxfuK',$,$,$,(#1900),#1904);
#1906=IFCCARTESIANPOINT((-117.38488245289773,234.92666723113507));
#1907=IFCCARTESIANPOINT((-111.33945257402956,232.18593329004943));
#1908=IFCCARTESIANPOINT((-108.62527504982427,239.24698885716498));
#1909=IFCCARTESIANPOINT((-106.20345705433283,245.5542968865484));
#1910=IFCCARTESIANPOINT((-105.90367576153949,246.31910491921008));
#1911=IFCCARTESIANPOINT((-105.83609012304805,246.50758747104555));
#1912=IFCCARTESIANPOINT((-108.86834177921992,248.05594779085368));
#1913=IFCCARTESIANPOINT((-111.54264255706221,249.41232774872333));
#1914=IFCCARTESIANPOINT((-111.56520163419191,249.34579386841506));
#1915=IFCCARTESIANPOINT((-111.77483863686211,248.83600247558206));
#1916=IFCCARTESIANPOINT((-113.10794988449197,245.54435560200363));
#1917=IFCCARTESIANPOINT((-114.05150077841245,243.22805643826723));
#1918=IFCPOLYLINE((#1906,#1907,#1908,#1909,#1910,#1911,#1912,#1913,#1914,#1915,#1916,#1917,#1906));
#1919=IFCARBITRARYCLOSEDPROFILEDEF(.AREA.,$,#1918);
#1920=IFCEXTRUDEDAREASOLID(#1919,#8,#6,15.);
#1921=IFCSHAPEREPRESENTATION(#11,'Body','SweptSolid',(#1920));
#1922=IFCPRODUCTDEFINITIONSHAPE($,$,(#1921));
#1923=IFCLOCALPLACEMENT(#13,#8);
#1924=IFCBUILDINGELEMENTPROXY('2icoij0kNJI4cwJXSQHJAV',$,'Building 55697105',$,$,#1923,#1922,$,.ELEMENT.);
#1925=IFCPROPERTYSINGLEVALUE('osm_id',$,IFCLABEL('way/55697105'),$);
#1926=IFCPROPERTYSINGLEVALUE('height_source',$,IFCLABEL('tag:levels'),$);
#1927=IFCPROPERTYSINGLEVALUE('height_m',$,IFCREAL(15.),$);
#1928=IFCPROPERTYSET('1Y0z0N1TtevbjF32uxD7I0',$,'Pset_SiteContext',$,(#1925,#1926,#1927));
#1929=IFCRELDEFINESBYPROPERTIES('2uNJnJgnOYvzUKgEgmx6r9',$,$,$,(#1924),#1928);
#1930=IFCCARTESIANPOINT((-149.1326700214995,191.34211545903236));
#1931=IFCCARTESIANPOINT((-147.05815155699383,195.5617224285379));
#1932=IFCCARTESIANPOINT((-144.92641369521152,195.14386293571442));
#1933=IFCCARTESIANPOINT((-144.62067708245013,196.6314129056409));
#1934=IFCCARTESIANPOINT((-142.84429812070448,204.74543862231076));
#1935=IFCCARTESIANPOINT((-150.3515928197885,206.38624650985003));
#1936=IFCCARTESIANPOINT((-155.41267241770402,207.4842932317406));
#1937=IFCCARTESIANPOINT((-158.045936995768,205.80462458450347));
#1938=IFCCARTESIANPOINT((-161.36756637261715,197.15844903048128));
#1939=IFCCARTESIANPOINT((-162.03482816531323,195.42923837993294));
#1940=IFCPOLYLINE((#1930,#1931,#1932,#1933,#1934,#1935,#1936,#1937,#1938,#1939,#1930));
#1941=IFCARBITRARYCLOSEDPROFILEDEF(.AREA.,$,#1940);
#1942=IFCEXTRUDEDAREASOLID(#1941,#8,#6,18.);
#1943=IFCSHAPEREPRESENTATION(#11,'Body','SweptSolid',(#1942));
#1944=IFCPRODUCTDEFINITIONSHAPE($,$,(#1943));
#1945=IFCLOCALPLACEMENT(#13,#8);
#1946=IFCBUILDINGELEMENTPROXY('3qXxJnU_1G0YfIW2VMmr70',$,'Building 55697106',$,$,#1945,#1944,$,.ELEMENT.);
#1947=IFCPROPERTYSINGLEVALUE('osm_id',$,IFCLABEL('way/55697106'),$);
#1948=IFCPROPERTYSINGLEVALUE('height_source',$,IFCLABEL('tag:levels'),$);
#1949=IFCPROPERTYSINGLEVALUE('height_m',$,IFCREAL(18.),$);
#1950=IFCPROPERTYSET('3q12ou08yHqg47iiuT2oNH',$,'Pset_SiteContext',$,(#1947,#1948,#1949));
#1951=IFCRELDEFINESBYPROPERTIES('2t22Bv605Vwhn3NPzZ4DNI',$,$,$,(#1946),#1950);
#1952=IFCCARTESIANPOINT((-100.08998441847507,232.3491904148832));
#1953=IFCCARTESIANPOINT((-106.05312242766377,215.65165510680526));
#1954=IFCCARTESIANPOINT((-99.40714168723207,212.77255737874657));
#1955=IFCCARTESIANPOINT((-93.09687268605921,225.2861639680341));
#1956=IFCCARTESIANPOINT((-91.24300331540871,224.09221548307687));
#1957=IFCCARTESIANPOINT((-86.66741821018513,231.77181411534548));
#1958=IFCCARTESIANPOINT((-90.71927774231881,235.14108866080642));
#1959=IFCCARTESIANPOINT((-95.80583175993524,239.3862243425101));
#1960=IFCPOLYLINE((#1952,#1953,#1954,#1955,#1956,#1957,#1958,#1959,#1952));
#1961=IFCARBITRARYCLOSEDPROFILEDEF(.AREA.,$,#1960);
#1962=IFCEXTRUDEDAREASOLID(#1961,#8,#6,9.);
#1963=IFCSHAPEREPRESENTATION(#11,'Body','SweptSolid',(#1962));
#1964=IFCPRODUCTDEFINITIONSHAPE($,$,(#1963));
#1965=IFCLOCALPLACEMENT(#13,#8);
#1966=IFCBUILDINGELEMENTPROXY('3Ku7t43b1QUIc3LwdPN9WH',$,'Building 55697107',$,$,#1965,#1964,$,.ELEMENT.);
#1967=IFCPROPERTYSINGLEVALUE('osm_id',$,IFCLABEL('way/55697107'),$);
#1968=IFCPROPERTYSINGLEVALUE('height_source',$,IFCLABEL('fallback'),$);
#1969=IFCPROPERTYSINGLEVALUE('height_m',$,IFCREAL(9.),$);
#1970=IFCPROPERTYSET('3oFt87WNVxBYyFcd9$6f3a',$,'Pset_SiteContext',$,(#1967,#1968,#1969));
#1971=IFCRELDEFINESBYPROPERTIES('16Cl63I6V7M7E_MbWoK3r_',$,$,$,(#1966),#1970);
#1972=IFCCARTESIANPOINT((-120.37197897105943,218.77178454771638));
#1973=IFCCARTESIANPOINT((-117.86447561287787,224.7892647087574));
#1974=IFCCARTESIANPOINT((-122.5294669844443,226.76249716244638));
#1975=IFCCARTESIANPOINT((-125.6695507268887,218.7708808053285));
#1976=IFCCARTESIANPOINT((-133.97878032864537,221.93057067412883));
#1977=IFCCARTESIANPOINT((-135.72147675207816,213.44930751714855));
#1978=IFCCARTESIANPOINT((-130.41855689371005,212.31592864356935));
#1979=IFCCARTESIANPOINT((-125.76742645562626,211.33247494511306));
#1980=IFCCARTESIANPOINT((-122.89452700328548,212.70994989108294));
#1981=IFCPOLYLINE((#1972,#1973,#1974,#1975,#1976,#1977,#1978,#1979,#1980,#1972));
#1982=IFCARBITRARYCLOSEDPROFILEDEF(.AREA.,$,#1981);
#1983=IFCEXTRUDEDAREASOLID(#1982,#8,#6,21.);
#1984=IFCSHAPEREPRESENTATION(#11,'Body','SweptSolid',(#1983));
#1985=IFCPRODUCTDEFINITIONSHAPE($,$,(#1984));
#1986=IFCLOCALPLACEMENT(#13,#8);
#1987=IFCBUILDINGELEMENTPROXY('3S3L7mk_XaYjbZ_VD6XcEJ',$,'Building 55697110',$,$,#1986,#1985,$,.ELEMENT.);
#1988=IFCPROPERTYSINGLEVALUE('osm_id',$,IFCLABEL('way/55697110'),$);
#1989=IFCPROPERTYSINGLEVALUE('height_source',$,IFCLABEL('tag:levels'),$);
#1990=IFCPROPERTYSINGLEVALUE('height_m',$,IFCREAL(21.),$);
#1991=IFCPROPERTYSET('1tbkBkOdROs9NdUKjWwR5u',$,'Pset_SiteContext',$,(#1988,#1989,#1990));
#1992=IFCRELDEFINESBYPROPERTIES('0YpFluzVeAphcsOX1_ppLp',$,$,$,(#1987),#1991);
#1993=IFCCARTESIANPOINT((-55.60357545723673,192.17438188102096));
#1994=IFCCARTESIANPOINT((-59.89438082452398,184.3256234843284));
#1995=IFCCARTESIANPOINT((-61.01098833815195,185.05758921988308));
#1996=IFCCARTESIANPOINT((-62.40131837269291,181.9443208258599));
#1997=IFCCARTESIANPOINT((-60.27240120305214,181.18179910629988));
#1998=IFCCARTESIANPOINT((-54.236812976538204,179.01944185327739));
#1999=IFCCARTESIANPOINT((-40.01513948326465,171.19656166713685));
#2000=IFCCARTESIANPOINT((-39.179801762569696,172.84656643588096));
#2001=IFCCARTESIANPOINT((-34.75698571326211,181.58384682796896));
#2002=IFCPOLYLINE((#1993,#1994,#1995,#1996,#1997,#1998,#1999,#2000,#2001,#1993));
#2003=IFCARBITRARYCLOSEDPROFILEDEF(.AREA.,$,#2002);
#2004=IFCEXTRUDEDAREASOLID(#2003,#8,#6,9.);
#2005=IFCSHAPEREPRESENTATION(#11,'Body','SweptSolid',(#2004));
#2006=IFCPRODUCTDEFINITIONSHAPE($,$,(#2005));
#2007=IFCLOCALPLACEMENT(#13,#8);
#2008=IFCBUILDINGELEMENTPROXY('1NJEEq8FkfFyYrI$EYOsmq',$,'Building 55697114',$,$,#2007,#2006,$,.ELEMENT.);
#2009=IFCPROPERTYSINGLEVALUE('osm_id',$,IFCLABEL('way/55697114'),$);
#2010=IFCPROPERTYSINGLEVALUE('height_source',$,IFCLABEL('fallback'),$);
#2011=IFCPROPERTYSINGLEVALUE('height_m',$,IFCREAL(9.),$);
#2012=IFCPROPERTYSET('1OHmndvhKUjZQpLdtAq_d2',$,'Pset_SiteContext',$,(#2009,#2010,#2011));
#2013=IFCRELDEFINESBYPROPERTIES('2WHAEBD9828AW6874Dx0cG',$,$,$,(#2008),#2012);
#2014=IFCCARTESIANPOINT((-133.97878032864537,221.93057067412883));
#2015=IFCCARTESIANPOINT((-132.98799521639012,224.6356740919873));
#2016=IFCCARTESIANPOINT((-134.6558552311035,225.24987089447677));
#2017=IFCCARTESIANPOINT((-135.00747474073432,225.31948329228908));
#2018=IFCCARTESIANPOINT((-135.96799843700137,222.72533018887043));
#2019=IFCCARTESIANPOINT((-140.32959579199087,224.11784600745887));
#2020=IFCCARTESIANPOINT((-139.44481759273913,226.42350435070693));
#2021=IFCCARTESIANPOINT((-138.09849856083747,225.96763043757528));
#2022=IFCCARTESIANPOINT((-137.2892856518738,228.00703334715217));
#2023=IFCCARTESIANPOINT((-148.27380252163857,232.40082623437047));
#2024=IFCCARTESIANPOINT((-150.60065884166397,226.0482748961076));
#2025=IFCCARTESIANPOINT((-152.98015937022865,219.54047951381654));
#2026=IFCCARTESIANPOINT((-151.44735187781043,216.78124880045652));
#2027=IFCCARTESIANPOINT((-144.9138596089324,215.3930907100439));
#2028=IFCCARTESIANPOINT((-135.72147675207816,213.44930751714855));
#2029=IFCPOLYLINE((#2014,#2015,#2016,#2017,#2018,#2019,#2020,#2021,#2022,#2023,#2024,#2025,#2026,#2027,#2028,#2014));
#2030=IFCARBITRARYCLOSEDPROFILEDEF(.AREA.,$,#2029);
#2031=IFCEXTRUDEDAREASOLID(#2030,#8,#6,21.);
#2032=IFCSHAPEREPRESENTATION(#11,'Body','SweptSolid',(#2031));
#2033=IFCPRODUCTDEFINITIONSHAPE($,$,(#2032));
#2034=IFCLOCALPLACEMENT(#13,#8);
#2035=IFCBUILDINGELEMENTPROXY('0Tlm6Qplyz8hrvrVwlIHYE',$,'Building 55697116',$,$,#2034,#2033,$,.ELEMENT.);
#2036=IFCPROPERTYSINGLEVALUE('osm_id',$,IFCLABEL('way/55697116'),$);
#2037=IFCPROPERTYSINGLEVALUE('height_source',$,IFCLABEL('tag:levels'),$);
#2038=IFCPROPERTYSINGLEVALUE('height_m',$,IFCREAL(21.),$);
#2039=IFCPROPERTYSET('3IWMLcvFFbKrvyFYcuHBP7',$,'Pset_SiteContext',$,(#2036,#2037,#2038));
#2040=IFCRELDEFINESBYPROPERTIES('10Omk_O6tsGtH28yCSaala',$,$,$,(#2035),#2039);
#2041=IFCCARTESIANPOINT((-117.38488245289773,234.92666723113507));
#2042=IFCCARTESIANPOINT((-119.60832808702253,235.7900670710951));
#2043=IFCCARTESIANPOINT((-122.5294669844443,226.76249716244638));
#2044=IFCCARTESIANPOINT((-117.86447561287787,224.7892647087574));
#2045=IFCCARTESIANPOINT((-114.6028514947975,223.4725314900279));
#2046=IFCCARTESIANPOINT((-113.18491434236057,227.26387526933104));
#2047=IFCCARTESIANPOINT((-111.33945257402956,232.18593329004943));
#2048=IFCPOLYLINE((#2041,#2042,#2043,#2044,#2045,#2046,#2047,#2041));
#2049=IFCARBITRARYCLOSEDPROFILEDEF(.AREA.,$,#2048);
#2050=IFCEXTRUDEDAREASOLID(#2049,#8,#6,9.);
#2051=IFCSHAPEREPRESENTATION(#11,'Body','SweptSolid',(#2050));
#2052=IFCPRODUCTDEFINITIONSHAPE($,$,(#2051));
#2053=IFCLOCALPLACEMENT(#13,#8);
#2054=IFCBUILDINGELEMENTPROXY('0TxKoDbtwj$QaZuWYQpzOX',$,'Building 55697118',$,$,#2053,#2052,$,.ELEMENT.);
#2055=IFCPROPERTYSINGLEVALUE('osm_id',$,IFCLABEL('way/55697118'),$);
#2056=IFCPROPERTYSINGLEVALUE('height_source',$,IFCLABEL('fallback'),$);
#2057=IFCPROPERTYSINGLEVALUE('height_m',$,IFCREAL(9.),$);
#2058=IFCPROPERTYSET('06W_RgY4UWIaKsYS6eyFKU',$,'Pset_SiteContext',$,(#2055,#2056,#2057));
#2059=IFCRELDEFINESBYPROPERTIES('2WhmutSzGAO$eyLXnw_DmL',$,$,$,(#2054),#2058);
#2060=IFCCARTESIANPOINT((-127.88992702122778,238.7382434643805));
#2061=IFCCARTESIANPOINT((-124.76554354000837,243.0381823591888));
#2062=IFCCARTESIANPOINT((-122.09899383422453,247.8756441352889));
#2063=IFCCARTESIANPOINT((-130.84173265274148,252.74024115595967));
#2064=IFCCARTESIANPOINT((-135.5454116340261,255.35875726863742));
#2065=IFCCARTESIANPOINT((-140.38766795245465,253.61941650137305));
#2066=IFCCARTESIANPOINT((-143.58497630560305,244.9166053244844));
#2067=IFCPOLYLINE((#2060,#2061,#2062,#2063,#2064,#2065,#2066,#2060));
#2068=IFCARBITRARYCLOSEDPROFILEDEF(.AREA.,$,#2067);
#2069=IFCEXTRUDEDAREASOLID(#2068,#8,#6,21.);
#2070=IFCSHAPEREPRESENTATION(#11,'Body','SweptSolid',(#2069));
#2071=IFCPRODUCTDEFINITIONSHAPE($,$,(#2070));
#2072=IFCLOCALPLACEMENT(#13,#8);
#2073=IFCBUILDINGELEMENTPROXY('1C2FUW5jVKkU_LcdgV1b9J',$,'Building 55697121',$,$,#2072,#2071,$,.ELEMENT.);
#2074=IFCPROPERTYSINGLEVALUE('osm_id',$,IFCLABEL('way/55697121'),$);
#2075=IFCPROPERTYSINGLEVALUE('height_source',$,IFCLABEL('tag:levels'),$);
#2076=IFCPROPERTYSINGLEVALUE('height_m',$,IFCREAL(21.),$);
#2077=IFCPROPERTYSET('3ngtP9BtEwA0jnVqKusbjK',$,'Pset_SiteContext',$,(#2074,#2075,#2076));
#2078=IFCRELDEFINESBYPROPERTIES('05NmCRqnov18HucZ5xk9UT',$,$,$,(#2073),#2077);
#2079=IFCCARTESIANPOINT((-144.65633820637595,186.05668623000383));
#2080=IFCCARTESIANPOINT((-149.28070069337264,186.72857740242034));
#2081=IFCCARTESIANPOINT((-150.54560285701882,182.813665070571));
#2082=IFCCARTESIANPOINT((-148.75373704137746,182.1094842646271));
#2083=IFCCARTESIANPOINT((-148.71419968176633,181.56428405549377));
#2084=IFCCARTESIANPOINT((-148.38834026781842,181.03896721359342));
#2085=IFCCARTESIANPOINT((-147.9205174637027,180.8238390851766));
#2086=IFCCARTESIANPOINT((-148.96680904272944,178.50839217752218));
#2087=IFCCARTESIANPOINT((-139.69564078107942,174.5401346841827));
#2088=IFCCARTESIANPOINT((-138.17733785137534,178.0415279744193));
#2089=IFCCARTESIANPOINT((-136.48726900678594,181.90846497751772));
#2090=IFCPOLYLINE((#2079,#2080,#2081,#2082,#2083,#2084,#2085,#2086,#2087,#2088,#2089,#2079));
#2091=IFCARBITRARYCLOSEDPROFILEDEF(.AREA.,$,#2090);
#2092=IFCEXTRUDEDAREASOLID(#2091,#8,#6,18.);
#2093=IFCSHAPEREPRESENTATION(#11,'Body','SweptSolid',(#2092));
#2094=IFCPRODUCTDEFINITIONSHAPE($,$,(#2093));
#2095=IFCLOCALPLACEMENT(#13,#8);
#2096=IFCBUILDINGELEMENTPROXY('0AyKPcF6YcqRgtbu__I1Lv',$,'Building 55697122',$,$,#2095,#2094,$,.ELEMENT.);
#2097=IFCPROPERTYSINGLEVALUE('osm_id',$,IFCLABEL('way/55697122'),$);
#2098=IFCPROPERTYSINGLEVALUE('height_source',$,IFCLABEL('tag:levels'),$);
#2099=IFCPROPERTYSINGLEVALUE('height_m',$,IFCREAL(18.),$);
#2100=IFCPROPERTYSET('1as1t$s4msJXsj$wE9zpIL',$,'Pset_SiteContext',$,(#2097,#2098,#2099));
#2101=IFCRELDEFINESBYPROPERTIES('1ShbNp11dMJrro6mXDT7TC',$,$,$,(#2096),#2100);
#2102=IFCCARTESIANPOINT((-83.50166859966703,216.11121930275112));
#2103=IFCCARTESIANPOINT((-87.49216568353586,209.0940036782995));
#2104=IFCCARTESIANPOINT((-87.81425648170989,209.1856102719903));
#2105=IFCCARTESIANPOINT((-90.12947257445194,205.13475894462317));
#2106=IFCCARTESIANPOINT((-84.11346349783707,203.2727679722011));
#2107=IFCCARTESIANPOINT((-88.5003441524459,196.2365717496723));
#2108=IFCCARTESIANPOINT((-86.53485759044997,195.23074588831514));
#2109=IFCCARTESIANPOINT((-94.54353182367049,182.29742097575217));
#2110=IFCCARTESIANPOINT((-97.01298192585818,183.58538987208158));
#2111=IFCCARTESIANPOINT((-91.76211518014316,192.1823819708079));
#2112=IFCCARTESIANPOINT((-100.29987119405996,192.54168752022088));
#2113=IFCCARTESIANPOINT((-100.59243012184743,189.0858057262376));
#2114=IFCCARTESIANPOINT((-100.86910585174337,188.45424651633948));
#2115=IFCCARTESIANPOINT((-101.45310821884777,187.92529315780848));
#2116=IFCCARTESIANPOINT((-104.77386209159158,187.40772207267582));
#2117=IFCCARTESIANPOINT((-104.36688186286483,185.14703725092113));
#2118=IFCCARTESIANPOINT((-104.54084167513065,184.51463366672397));
#2119=IFCCARTESIANPOINT((-103.15725412336178,183.23558955546468));
#2120=IFCCARTESIANPOINT((-92.33545945491642,177.775712845847));
#2121=IFCCARTESIANPOINT((-90.82209669589065,179.78709332738072));
#2122=IFCCARTESIANPOINT((-89.30552680767141,178.61815842054784));
#2123=IFCCARTESIANPOINT((-80.55999908561353,192.82422225922346));
#2124=IFCCARTESIANPOINT((-83.73186923796311,194.35147611051798));
#2125=IFCCARTESIANPOINT((-80.31428257550579,201.2955625448376));
#2126=IFCCARTESIANPOINT((-77.90252630109899,200.13039351347834));
#2127=IFCCARTESIANPOINT((-74.51475424889941,207.0191291468218));
#2128=IFCCARTESIANPOINT((-77.21209774317686,208.2533630905673));
#2129=IFCCARTESIANPOINT((-77.60801425413229,208.28997631557286));
#2130=IFCCARTESIANPOINT((-81.26929029962048,202.04844406060874));
#2131=IFCCARTESIANPOINT((-83.70177630649414,203.36946343258023));
#2132=IFCCARTESIANPOINT((-79.96697359031532,210.52222142368555));
#2133=IFCCARTESIANPOINT((-82.76401463861112,212.12423390708864));
#2134=IFCCARTESIANPOINT((-81.0030648666434,214.80077635403723));
#2135=IFCCARTESIANPOINT((-76.99200840306003,211.8210409739986));
#2136=IFCCARTESIANPOINT((-76.80675946327392,212.04191657993942));
#2137=IFCCARTESIANPOINT((-75.59624193352647,211.13125754985958));
#2138=IFCCARTESIANPOINT((-69.6292523330776,219.37766974326223));
#2139=IFCCARTESIANPOINT((-72.41125272831414,221.02403336204588));
#2140=IFCCARTESIANPOINT((-76.71607992751524,224.8624119842425));
#2141=IFCCARTESIANPOINT((-77.39655191160273,224.20081008039415));
#2142=IFCPOLYLINE((#2102,#2103,#2104,#2105,#2106,#2107,#2108,#2109,#2110,#2111,#2112,#2113,#2114,#2115,#2116,#2117,#2118,#2119,#2120,#2121,#2122,#2123,#2124,#2125,#2126,#2127,#2128,#2129,#2130,#2131,#2132,#2133,#2134,#2135,#2136,#2137,#2138,#2139,#2140,#2141,#2102));
#2143=IFCARBITRARYCLOSEDPROFILEDEF(.AREA.,$,#2142);
#2144=IFCEXTRUDEDAREASOLID(#2143,#8,#6,9.);
#2145=IFCSHAPEREPRESENTATION(#11,'Body','SweptSolid',(#2144));
#2146=IFCPRODUCTDEFINITIONSHAPE($,$,(#2145));
#2147=IFCLOCALPLACEMENT(#13,#8);
#2148=IFCBUILDINGELEMENTPROXY('0asBb_Y_NKuXxkG5stuESy',$,'Building 55697123',$,$,#2147,#2146,$,.ELEMENT.);
#2149=IFCPROPERTYSINGLEVALUE('osm_id',$,IFCLABEL('way/55697123'),$);
#2150=IFCPROPERTYSINGLEVALUE('height_source',$,IFCLABEL('fallback'),$);
#2151=IFCPROPERTYSINGLEVALUE('height_m',$,IFCREAL(9.),$);
#2152=IFCPROPERTYSET('1KWErEi_dAEnvEJRCgm9t5',$,'Pset_SiteContext',$,(#2149,#2150,#2151));
#2153=IFCRELDEFINESBYPROPERTIES('3bA5FlDS4Ez1KBlhOjIGf$',$,$,$,(#2148),#2152);
#2154=IFCCARTESIANPOINT((-86.09080421098042,144.80950489640236));
#2155=IFCCARTESIANPOINT((-83.55402336933184,149.9260445078835));
#2156=IFCCARTESIANPOINT((-77.24636874417774,146.93855612911284));
#2157=IFCCARTESIANPOINT((-76.3524400953902,149.46654516737908));
#2158=IFCCARTESIANPOINT((-81.8520894217072,151.6689997278154));
#2159=IFCCARTESIANPOINT((-81.09643809648696,153.44197199959308));
#2160=IFCCARTESIANPOINT((-83.86616941925604,154.79912202432752));
#2161=IFCCARTESIANPOINT((-76.0001905024983,170.90280072111636));
#2162=IFCCARTESIANPOINT((-80.8156329226913,172.43243890535086));
#2163=IFCCARTESIANPOINT((-82.84329611784779,173.0162176657468));
#2164=IFCCARTESIANPOINT((-88.75022280681878,175.65570248290896));
#2165=IFCCARTESIANPOINT((-97.85475242417306,157.94983824063092));
#2166=IFCCARTESIANPOINT((-100.0174739419017,153.70870050229132));
#2167=IFCCARTESIANPOINT((-103.24151786824223,150.67723809741437));
#2168=IFCCARTESIANPOINT((-103.92245859734248,149.9600440170616));
#2169=IFCCARTESIANPOINT((-108.95098878641147,138.06974976416677));
#2170=IFCCARTESIANPOINT((-103.64374301256612,135.66869370639324));
#2171=IFCCARTESIANPOINT((-96.1433578642318,132.282182328403));
#2172=IFCPOLYLINE((#2154,#2155,#2156,#2157,#2158,#2159,#2160,#2161,#2162,#2163,#2164,#2165,#2166,#2167,#2168,#2169,#2170,#2171,#2154));
#2173=IFCARBITRARYCLOSEDPROFILEDEF(.AREA.,$,#2172);
#2174=IFCEXTRUDEDAREASOLID(#2173,#8,#6,21.);
#2175=IFCSHAPEREPRESENTATION(#11,'Body','SweptSolid',(#2174));
#2176=IFCPRODUCTDEFINITIONSHAPE($,$,(#2175));
#2177=IFCLOCALPLACEMENT(#13,#8);
#2178=IFCBUILDINGELEMENTPROXY('1i2R5uLjaCqBm7RxruVfqM',$,'Building 55697124',$,$,#2177,#2176,$,.ELEMENT.);
#2179=IFCPROPERTYSINGLEVALUE('osm_id',$,IFCLABEL('way/55697124'),$);
#2180=IFCPROPERTYSINGLEVALUE('height_source',$,IFCLABEL('tag:levels'),$);
#2181=IFCPROPERTYSINGLEVALUE('height_m',$,IFCREAL(21.),$);
#2182=IFCPROPERTYSET('3Om$WDRYnNY2jIQeQ_UDpE',$,'Pset_SiteContext',$,(#2179,#2180,#2181));
#2183=IFCRELDEFINESBYPROPERTIES('2L3htrMJw_vFp6SRuPSvSv',$,$,$,(#2178),#2182);
#2184=IFCCARTESIANPOINT((-143.6152101458283,165.45407565124333));
#2185=IFCCARTESIANPOINT((-139.69564078107942,174.5401346841827));
#2186=IFCCARTESIANPOINT((-148.96680904272944,178.50839217752218));
#2187=IFCCARTESIANPOINT((-151.5918795336038,179.60862694401294));
#2188=IFCCARTESIANPOINT((-154.33970911824144,172.92594766058028));
#2189=IFCCARTESIANPOINT((-151.7952505806461,171.83749509975314));
#2190=IFCCARTESIANPOINT((-152.5414794893004,170.32021162379533));
#2191=IFCCARTESIANPOINT((-154.9674497267697,171.54112792853266));
#2192=IFCCARTESIANPOINT((-159.35549522412475,161.70278294105083));
#2193=IFCCARTESIANPOINT((-154.7589668118162,159.42984861694276));
#2194=IFCCARTESIANPOINT((-149.72386632778216,156.95315042417496));
#2195=IFCCARTESIANPOINT((-146.83909718960058,157.9857988031581));
#2196=IFCPOLYLINE((#2184,#2185,#2186,#2187,#2188,#2189,#2190,#2191,#2192,#2193,#2194,#2195,#2184));
#2197=IFCARBITRARYCLOSEDPROFILEDEF(.AREA.,$,#2196);
#2198=IFCEXTRUDEDAREASOLID(#2197,#8,#6,21.);
#2199=IFCSHAPEREPRESENTATION(#11,'Body','SweptSolid',(#2198));
#2200=IFCPRODUCTDEFINITIONSHAPE($,$,(#2199));
#2201=IFCLOCALPLACEMENT(#13,#8);
#2202=IFCBUILDINGELEMENTPROXY('2BTdc2t0Lmzd8_UYHvCpCm',$,'Building 55697125',$,$,#2201,#2200,$,.ELEMENT.);
#2203=IFCPROPERTYSINGLEVALUE('osm_id',$,IFCLABEL('way/55697125'),$);
#2204=IFCPROPERTYSINGLEVALUE('height_source',$,IFCLABEL('tag:levels'),$);
#2205=IFCPROPERTYSINGLEVALUE('height_m',$,IFCREAL(21.),$);
#2206=IFCPROPERTYSET('0HAznEZ0PtGy56Ey$KUPUJ',$,'Pset_SiteContext',$,(#2203,#2204,#2205));
#2207=IFCRELDEFINESBYPROPERTIES('37bq6vmeydJZOCrfxb4iNt',$,$,$,(#2202),#2206);
#2208=IFCCARTESIANPOINT((-124.76554354000837,243.0381823591888));
#2209=IFCCARTESIANPOINT((-127.88992702122778,238.7382434643805));
#2210=IFCCARTESIANPOINT((-124.51156406931113,237.34270479809493));
#2211=IFCCARTESIANPOINT((-124.1041970953811,237.80638960003853));
#2212=IFCCARTESIANPOINT((-119.60832808702253,235.7900670710951));
#2213=IFCCARTESIANPOINT((-117.38488245289773,234.92666723113507));
#2214=IFCCARTESIANPOINT((-114.05150077841245,243.22805643826723));
#2215=IFCCARTESIANPOINT((-118.60103043995332,245.8564106328413));
#2216=IFCCARTESIANPOINT((-122.09899383422453,247.8756441352889));
#2217=IFCPOLYLINE((#2208,#2209,#2210,#2211,#2212,#2213,#2214,#2215,#2216,#2208));
#2218=IFCARBITRARYCLOSEDPROFILEDEF(.AREA.,$,#2217);
#2219=IFCEXTRUDEDAREASOLID(#2218,#8,#6,6.);
#2220=IFCSHAPEREPRESENTATION(#11,'Body','SweptSolid',(#2219));
#2221=IFCPRODUCTDEFINITIONSHAPE($,$,(#2220));
#2222=IFCLOCALPLACEMENT(#13,#8);
#2223=IFCBUILDINGELEMENTPROXY('0JT447vWW4Jfp0NH_t7zTx',$,'Building 55697126',$,$,#2222,#2221,$,.ELEMENT.);
#2224=IFCPROPERTYSINGLEVALUE('osm_id',$,IFCLABEL('way/55697126'),$);
#2225=IFCPROPERTYSINGLEVALUE('height_source',$,IFCLABEL('tag:levels'),$);
#2226=IFCPROPERTYSINGLEVALUE('height_m',$,IFCREAL(6.),$);
#2227=IFCPROPERTYSET('0rknnZH5T6bo3fV7Fp9gos',$,'Pset_SiteContext',$,(#2224,#2225,#2226));
#2228=IFCRELDEFINESBYPROPERTIES('00ggRyiBEiydtuF3HiCVHc',$,$,$,(#2223),#2227);
#2229=IFCCARTESIANPOINT((-186.5352154339198,130.29049373138696));
#2230=IFCCARTESIANPOINT((-188.48199335066602,130.89588280487806));
#2231=IFCCARTESIANPOINT((-189.63865890959278,130.32717585284263));
#2232=IFCCARTESIANPOINT((-191.41011596343014,125.49349558260292));
#2233=IFCCARTESIANPOINT((-190.89789231598843,124.43288674484938));
#2234=IFCCARTESIANPOINT((-188.91461078310385,123.80495645292103));
#2235=IFCPOLYLINE((#2229,#2230,#2231,#2232,#2233,#2234,#2229));
#2236=IFCARBITRARYCLOSEDPROFILEDEF(.AREA.,$,#2235);
#2237=IFCEXTRUDEDAREASOLID(#2236,#8,#6,3.);
#2238=IFCSHAPEREPRESENTATION(#11,'Body','SweptSolid',(#2237));
#2239=IFCPRODUCTDEFINITIONSHAPE($,$,(#2238));
#2240=IFCLOCALPLACEMENT(#13,#8);
#2241=IFCBUILDINGELEMENTPROXY('2y9G$aHb1mcjekN7Wppw2R',$,'Building 55697127',$,$,#2240,#2239,$,.ELEMENT.);
#2242=IFCPROPERTYSINGLEVALUE('osm_id',$,IFCLABEL('way/55697127'),$);
#2243=IFCPROPERTYSINGLEVALUE('height_source',$,IFCLABEL('tag:levels'),$);
#2244=IFCPROPERTYSINGLEVALUE('height_m',$,IFCREAL(3.),$);
#2245=IFCPROPERTYSET('36F0HzTVYNWr$gBcldazVl',$,'Pset_SiteContext',$,(#2242,#2243,#2244));
#2246=IFCRELDEFINESBYPROPERTIES('1rcegTJr1Yo0L5pWeihPtg',$,$,$,(#2241),#2245);
#2247=IFCCARTESIANPOINT((-75.59624193352647,211.13125754985958));
#2248=IFCCARTESIANPOINT((-77.21209774317686,208.2533630905673));
#2249=IFCCARTESIANPOINT((-74.51475424889941,207.0191291468218));
#2250=IFCCARTESIANPOINT((-77.90252630109899,200.13039351347834));
#2251=IFCCARTESIANPOINT((-80.31428257550579,201.2955625448376));
#2252=IFCCARTESIANPOINT((-83.73186923796311,194.35147611051798));
#2253=IFCCARTESIANPOINT((-80.55999908561353,192.82422225922346));
#2254=IFCCARTESIANPOINT((-89.30552680767141,178.61815842054784));
#2255=IFCCARTESIANPOINT((-90.82209669589065,179.78709332738072));
#2256=IFCCARTESIANPOINT((-92.33545945491642,177.775712845847));
#2257=IFCCARTESIANPOINT((-90.46836313605309,176.4037381755188));
#2258=IFCCARTESIANPOINT((-88.75022280681878,175.65570248290896));
#2259=IFCCARTESIANPOINT((-82.84329611784779,173.0162176657468));
#2260=IFCCARTESIANPOINT((-80.63170312938746,176.95672358386219));
#2261=IFCCARTESIANPOINT((-79.47539650113322,176.59138431493193));
#2262=IFCCARTESIANPOINT((-80.8156329226913,172.43243890535086));
#2263=IFCCARTESIANPOINT((-76.0001905024983,170.90280072111636));
#2264=IFCCARTESIANPOINT((-83.86616941925604,154.79912202432752));
#2265=IFCCARTESIANPOINT((-81.09643809648696,153.44197199959308));
#2266=IFCCARTESIANPOINT((-80.16396985785104,155.3024504110217));
#2267=IFCCARTESIANPOINT((-74.84610208042432,153.30164913088083));
#2268=IFCCARTESIANPOINT((-72.09671102534048,160.18450961541384));
#2269=IFCCARTESIANPOINT((-69.96678210876416,159.54429500736296));
#2270=IFCCARTESIANPOINT((-68.01149397192057,165.33281316421926));
#2271=IFCCARTESIANPOINT((-66.29088098276407,164.88500100094825));
#2272=IFCCARTESIANPOINT((-65.34048573533073,168.03524206578732));
#2273=IFCCARTESIANPOINT((-67.68181218684185,168.84399025235325));
#2274=IFCCARTESIANPOINT((-73.93386751192156,168.77304172236472));
#2275=IFCCARTESIANPOINT((-73.32678630319424,170.32483819220215));
#2276=IFCCARTESIANPOINT((-70.51970075210556,170.83552792295814));
#2277=IFCCARTESIANPOINT((-66.27579758549109,172.0794470468536));
#2278=IFCCARTESIANPOINT((-65.34680834284518,173.51740074157715));
#2279=IFCCARTESIANPOINT((-64.56985591514967,174.31164989806712));
#2280=IFCCARTESIANPOINT((-63.00580857961904,179.8142673894763));
#2281=IFCCARTESIANPOINT((-62.40131837269291,181.9443208258599));
#2282=IFCCARTESIANPOINT((-61.01098833815195,185.05758921988308));
#2283=IFCCARTESIANPOINT((-63.663530575693585,187.2811190066859));
#2284=IFCCARTESIANPOINT((-67.01575290574692,190.07751311268657));
#2285=IFCCARTESIANPOINT((-59.27907178783789,202.9575111605227));
#2286=IFCCARTESIANPOINT((-55.3291554878233,210.3976349858567));
#2287=IFCCARTESIANPOINT((-57.993500492419116,212.07638476975262));
#2288=IFCCARTESIANPOINT((-64.58515857369639,216.21153676509857));
#2289=IFCCARTESIANPOINT((-69.6292523330776,219.37766974326223));
#2290=IFCPOLYLINE((#2247,#2248,#2249,#2250,#2251,#2252,#2253,#2254,#2255,#2256,#2257,#2258,#2259,#2260,#2261,#2262,#2263,#2264,#2265,#2266,#2267,#2268,#2269,#2270,#2271,#2272,#2273,#2274,#2275,#2276,#2277,#2278,#2279,#2280,#2281,#2282,#2283,#2284,#2285,#2286,#2287,#2288,#2289,#2247));
#2291=IFCARBITRARYCLOSEDPROFILEDEF(.AREA.,$,#2290);
#2292=IFCEXTRUDEDAREASOLID(#2291,#8,#6,9.);
#2293=IFCSHAPEREPRESENTATION(#11,'Body','SweptSolid',(#2292));
#2294=IFCPRODUCTDEFINITIONSHAPE($,$,(#2293));
#2295=IFCLOCALPLACEMENT(#13,#8);
#2296=IFCBUILDINGELEMENTPROXY('0fHRP576ZFQwhHFpKNeSHJ',$,'Building 55697128',$,$,#2295,#2294,$,.ELEMENT.);
#2297=IFCPROPERTYSINGLEVALUE('osm_id',$,IFCLABEL('way/55697128'),$);
#2298=IFCPROPERTYSINGLEVALUE('height_source',$,IFCLABEL('fallback'),$);
#2299=IFCPROPERTYSINGLEVALUE('height_m',$,IFCREAL(9.),$);
#2300=IFCPROPERTYSET('3ElBf5z6Ytk8$YZHZBY5xD',$,'Pset_SiteContext',$,(#2297,#2298,#2299));
#2301=IFCRELDEFINESBYPROPERTIES('07W2pM1NFadrhmwWon71Mb',$,$,$,(#2296),#2300);
#2302=IFCCARTESIANPOINT((-109.93888663151301,196.39058863930404));
#2303=IFCCARTESIANPOINT((-110.19318666239269,195.80332540906966));
#2304=IFCCARTESIANPOINT((-100.29987119405996,192.54168752022088));
#2305=IFCCARTESIANPOINT((-91.76211518014316,192.1823819708079));
#2306=IFCCARTESIANPOINT((-91.0564947174862,192.3322601960972));
#2307=IFCCARTESIANPOINT((-88.5003441524459,196.2365717496723));
#2308=IFCCARTESIANPOINT((-84.11346349783707,203.2727679722011));
#2309=IFCCARTESIANPOINT((-90.12947257445194,205.13475894462317));
#2310=IFCCARTESIANPOINT((-97.60974282317329,207.3868705080822));
#2311=IFCCARTESIANPOINT((-97.6375362604158,207.57613723352551));
#2312=IFCCARTESIANPOINT((-101.30985464097466,208.91847707889974));
#2313=IFCCARTESIANPOINT((-100.20425265899394,211.31128461752087));
#2314=IFCCARTESIANPOINT((-103.16379576199688,212.781204293482));
#2315=IFCCARTESIANPOINT((-103.79748542211019,211.56322605442256));
#2316=IFCCARTESIANPOINT((-104.93821889930405,209.35974628850818));
#2317=IFCCARTESIANPOINT((-107.08666185103357,210.42268247622997));
#2318=IFCCARTESIANPOINT((-112.09229453420267,212.91022247169167));
#2319=IFCCARTESIANPOINT((-114.91912275890354,206.42833095788956));
#2320=IFCCARTESIANPOINT((-118.06757007574197,199.2040533516556));
#2321=IFCPOLYLINE((#2302,#2303,#2304,#2305,#2306,#2307,#2308,#2309,#2310,#2311,#2312,#2313,#2314,#2315,#2316,#2317,#2318,#2319,#2320,#2302));
#2322=IFCARBITRARYCLOSEDPROFILEDEF(.AREA.,$,#2321);
#2323=IFCEXTRUDEDAREASOLID(#2322,#8,#6,9.);
#2324=IFCSHAPEREPRESENTATION(#11,'Body','SweptSolid',(#2323));
#2325=IFCPRODUCTDEFINITIONSHAPE($,$,(#2324));
#2326=IFCLOCALPLACEMENT(#13,#8);
#2327=IFCBUILDINGELEMENTPROXY('1MsTKuCsdhJhvoOopFdHhi',$,'Building 55697129',$,$,#2326,#2325,$,.ELEMENT.);
#2328=IFCPROPERTYSINGLEVALUE('osm_id',$,IFCLABEL('way/55697129'),$);
#2329=IFCPROPERTYSINGLEVALUE('height_source',$,IFCLABEL('fallback'),$);
#2330=IFCPROPERTYSINGLEVALUE('height_m',$,IFCREAL(9.),$);
#2331=IFCPROPERTYSET('1bA5sxADIGayHIP0npjy1n',$,'Pset_SiteContext',$,(#2328,#2329,#2330));
#2332=IFCRELDEFINESBYPROPERTIES('1xrq1_G3n2d9v_bWrBjiCl',$,$,$,(#2327),#2331);
#2333=IFCCARTESIANPOINT((-149.28070069337264,186.72857740242034));
#2334=IFCCARTESIANPOINT((-144.65633820637595,186.05668623000383));
#2335=IFCCARTESIANPOINT((-136.48726900678594,181.90846497751772));
#2336=IFCCARTESIANPOINT((-134.39993064070586,186.79516429267824));
#2337=IFCCARTESIANPOINT((-130.68150410731323,195.51592914760113));
#2338=IFCCARTESIANPOINT((-128.9831935785478,199.49399995803833));
#2339=IFCCARTESIANPOINT((-130.2392277867766,202.00630953721702));
#2340=IFCCARTESIANPOINT((-136.58931684005074,203.39294174592942));
#2341=IFCCARTESIANPOINT((-142.84429812070448,204.74543862231076));
#2342=IFCCARTESIANPOINT((-144.62067708245013,196.6314129056409));
#2343=IFCCARTESIANPOINT((-140.9918329785578,195.356122831814));
#2344=IFCCARTESIANPOINT((-140.95421641529538,194.57742062676698));
#2345=IFCCARTESIANPOINT((-140.6577960748691,194.0412265136838));
#2346=IFCCARTESIANPOINT((-142.36612352752127,190.63035629410297));
#2347=IFCCARTESIANPOINT((-145.20551493682433,191.54331372864544));
#2348=IFCCARTESIANPOINT((-145.41820961714257,192.4457755861804));
#2349=IFCCARTESIANPOINT((-144.59909067698754,194.7964525250718));
#2350=IFCCARTESIANPOINT((-144.87770913471468,194.82098516076803));
#2351=IFCCARTESIANPOINT((-144.92641369521152,195.14386293571442));
#2352=IFCCARTESIANPOINT((-147.05815155699383,195.5617224285379));
#2353=IFCCARTESIANPOINT((-149.1326700214995,191.34211545903236));
#2354=IFCCARTESIANPOINT((-162.03482816531323,195.42923837993294));
#2355=IFCCARTESIANPOINT((-162.60570396936964,193.82155318837613));
#2356=IFCCARTESIANPOINT((-163.27424804249313,191.93667474389076));
#2357=IFCPOLYLINE((#2333,#2334,#2335,#2336,#2337,#2338,#2339,#2340,#2341,#2342,#2343,#2344,#2345,#2346,#2347,#2348,#2349,#2350,#2351,#2352,#2353,#2354,#2355,#2356,#2333));
#2358=IFCARBITRARYCLOSEDPROFILEDEF(.AREA.,$,#2357);
#2359=IFCEXTRUDEDAREASOLID(#2358,#8,#6,9.);
#2360=IFCSHAPEREPRESENTATION(#11,'Body','SweptSolid',(#2359));
#2361=IFCPRODUCTDEFINITIONSHAPE($,$,(#2360));
#2362=IFCLOCALPLACEMENT(#13,#8);
#2363=IFCBUILDINGELEMENTPROXY('1aa9rzlvnIAh_XYefv3gvZ',$,'Building 55697130',$,$,#2362,#2361,$,.ELEMENT.);
#2364=IFCPROPERTYSINGLEVALUE('osm_id',$,IFCLABEL('way/55697130'),$);
#2365=IFCPROPERTYSINGLEVALUE('height_source',$,IFCLABEL('fallback'),$);
#2366=IFCPROPERTYSINGLEVALUE('height_m',$,IFCREAL(9.),$);
#2367=IFCPROPERTYSET('22PxbCgio2FIrtBAz0ndql',$,'Pset_SiteContext',$,(#2364,#2365,#2366));
#2368=IFCRELDEFINESBYPROPERTIES('1iuNXK625FDwVrwRakyt6s',$,$,$,(#2363),#2367);
#2369=IFCCARTESIANPOINT((-159.00100189156365,182.482945734635));
#2370=IFCCARTESIANPOINT((-158.48294875654392,183.91314764227718));
#2371=IFCCARTESIANPOINT((-157.47440770163666,184.3162818243727));
#2372=IFCCARTESIANPOINT((-156.37680242420174,183.9514103392139));
#2373=IFCCARTESIANPOINT((-157.1199958922807,181.9114672858268));
#2374=IFCCARTESIANPOINT((-151.3964528334327,180.17413308564574));
#2375=IFCCARTESIANPOINT((-150.54560285701882,182.813665070571));
#2376=IFCCARTESIANPOINT((-149.28070069337264,186.72857740242034));
#2377=IFCCARTESIANPOINT((-163.27424804249313,191.93667474389076));
#2378=IFCCARTESIANPOINT((-163.7617641199613,190.6507804049179));
#2379=IFCCARTESIANPOINT((-166.03454889159184,184.63138884305954));
#2380=IFCPOLYLINE((#2369,#2370,#2371,#2372,#2373,#2374,#2375,#2376,#2377,#2378,#2379,#2369));
#2381=IFCARBITRARYCLOSEDPROFILEDEF(.AREA.,$,#2380);
#2382=IFCEXTRUDEDAREASOLID(#2381,#8,#6,21.);
#2383=IFCSHAPEREPRESENTATION(#11,'Body','SweptSolid',(#2382));
#2384=IFCPRODUCTDEFINITIONSHAPE($,$,(#2383));
#2385=IFCLOCALPLACEMENT(#13,#8);
#2386=IFCBUILDINGELEMENTPROXY('1Zl1cSCuBMMD2QhVC9KkU2',$,'Building 55697134',$,$,#2385,#2384,$,.ELEMENT.);
#2387=IFCPROPERTYSINGLEVALUE('osm_id',$,IFCLABEL('way/55697134'),$);
#2388=IFCPROPERTYSINGLEVALUE('height_source',$,IFCLABEL('tag:levels'),$);
#2389=IFCPROPERTYSINGLEVALUE('height_m',$,IFCREAL(21.),$);
#2390=IFCPROPERTYSET('0SQ7o6cvTr$$fuZ04BNChc',$,'Pset_SiteContext',$,(#2387,#2388,#2389));
#2391=IFCRELDEFINESBYPROPERTIES('23TMeL8I_SWYntgppaNiEq',$,$,$,(#2386),#2390);
#2392=IFCCARTESIANPOINT((-107.08666185103357,210.42268247622997));
#2393=IFCCARTESIANPOINT((-106.11440120323095,212.66090683173388));
#2394=IFCCARTESIANPOINT((-103.79748542211019,211.56322605442256));
#2395=IFCCARTESIANPOINT((-103.16379576199688,212.781204293482));
#2396=IFCCARTESIANPOINT((-100.20425265899394,211.31128461752087));
#2397=IFCCARTESIANPOINT((-99.40714168723207,212.77255737874657));
#2398=IFCCARTESIANPOINT((-106.05312242766377,215.65165510680526));
#2399=IFCCARTESIANPOINT((-113.16527164820582,218.94603048171848));
#2400=IFCCARTESIANPOINT((-113.81462104362436,216.71627143677324));
#2401=IFCCARTESIANPOINT((-114.55457367061172,214.1759005310014));
#2402=IFCCARTESIANPOINT((-114.39380295330193,214.09673905186355));
#2403=IFCCARTESIANPOINT((-114.18928542849608,213.9838581122458));
#2404=IFCCARTESIANPOINT((-113.48787341197021,213.62225298583508));
#2405=IFCCARTESIANPOINT((-112.09229453420267,212.91022247169167));
#2406=IFCPOLYLINE((#2392,#2393,#2394,#2395,#2396,#2397,#2398,#2399,#2400,#2401,#2402,#2403,#2404,#2405,#2392));
#2407=IFCARBITRARYCLOSEDPROFILEDEF(.AREA.,$,#2406);
#2408=IFCEXTRUDEDAREASOLID(#2407,#8,#6,18.);
#2409=IFCSHAPEREPRESENTATION(#11,'Body','SweptSolid',(#2408));
#2410=IFCPRODUCTDEFINITIONSHAPE($,$,(#2409));
#2411=IFCLOCALPLACEMENT(#13,#8);
#2412=IFCBUILDINGELEMENTPROXY('3L6xD8AkCMiw01Al$nJtjS',$,'Building 55697135',$,$,#2411,#2410,$,.ELEMENT.);
#2413=IFCPROPERTYSINGLEVALUE('osm_id',$,IFCLABEL('way/55697135'),$);
#2414=IFCPROPERTYSINGLEVALUE('height_source',$,IFCLABEL('tag:levels'),$);
#2415=IFCPROPERTYSINGLEVALUE('height_m',$,IFCREAL(18.),$);
#2416=IFCPROPERTYSET('3qaWBpBmxlca2GE3e7xZnC',$,'Pset_SiteContext',$,(#2413,#2414,#2415));
#2417=IFCRELDEFINESBYPROPERTIES('0Nrq25Dalbv213M3o66BeW',$,$,$,(#2412),#2416);
#2418=IFCCARTESIANPOINT((-54.236812976538204,179.01944185327739));
#2419=IFCCARTESIANPOINT((-60.27240120305214,181.18179910629988));
#2420=IFCCARTESIANPOINT((-61.03748043254018,179.1531437151134));
#2421=IFCCARTESIANPOINT((-63.00580857961904,179.8142673894763));
#2422=IFCCARTESIANPOINT((-64.56985591514967,174.31164989806712));
#2423=IFCCARTESIANPOINT((-63.391263008350506,173.97949044313282));
#2424=IFCCARTESIANPOINT((-55.55471583199687,171.32418156322092));
#2425=IFCCARTESIANPOINT((-54.25748359004501,174.7162133017555));
#2426=IFCCARTESIANPOINT((-53.46829420281574,174.32053497154266));
#2427=IFCCARTESIANPOINT((-52.75761885382235,174.1923790294677));
#2428=IFCCARTESIANPOINT((-51.931501709041186,174.71934864949435));
#2429=IFCCARTESIANPOINT((-48.19016450282652,172.84271909296513));
#2430=IFCCARTESIANPOINT((-48.66115630615968,171.77907758392394));
#2431=IFCCARTESIANPOINT((-46.93685948580969,170.8864452186972));
#2432=IFCCARTESIANPOINT((-48.21567039936781,167.95017623528838));
#2433=IFCCARTESIANPOINT((-42.76920867024455,165.52579222805798));
#2434=IFCCARTESIANPOINT((-42.06014913425315,166.9877953240648));
#2435=IFCCARTESIANPOINT((-40.01513948326465,171.19656166713685));
#2436=IFCPOLYLINE((#2418,#2419,#2420,#2421,#2422,#2423,#2424,#2425,#2426,#2427,#2428,#2429,#2430,#2431,#2432,#2433,#2434,#2435,#2418));
#2437=IFCARBITRARYCLOSEDPROFILEDEF(.AREA.,$,#2436);
#2438=IFCEXTRUDEDAREASOLID(#2437,#8,#6,9.);
#2439=IFCSHAPEREPRESENTATION(#11,'Body','SweptSolid',(#2438));
#2440=IFCPRODUCTDEFINITIONSHAPE($,$,(#2439));
#2441=IFCLOCALPLACEMENT(#13,#8);
#2442=IFCBUILDINGELEMENTPROXY('27xWOsXKu2tUdWOsgoeacZ',$,'Building 55697136',$,$,#2441,#2440,$,.ELEMENT.);
#2443=IFCPROPERTYSINGLEVALUE('osm_id',$,IFCLABEL('way/55697136'),$);
#2444=IFCPROPERTYSINGLEVALUE('height_source',$,IFCLABEL('fallback'),$);
#2445=IFCPROPERTYSINGLEVALUE('height_m',$,IFCREAL(9.),$);
#2446=IFCPROPERTYSET('0LdiYwmBDUyyGHc7y3I4Go',$,'Pset_SiteContext',$,(#2443,#2444,#2445));
#2447=IFCRELDEFINESBYPROPERTIES('0LxJiSFZJleAmfSZKgi1ew',$,$,$,(#2442),#2446);
#2448=IFCCARTESIANPOINT((-117.43747619516216,154.48578014411032));
#2449=IFCCARTESIANPOINT((-122.31474690465257,156.52747611608356));
#2450=IFCCARTESIANPOINT((-121.63272740715183,158.26768924109638));
#2451=IFCCARTESIANPOINT((-122.14873060095124,159.76199903991073));
#2452=IFCCARTESIANPOINT((-122.56492320506368,160.0100600225851));
#2453=IFCCARTESIANPOINT((-121.73488515522331,161.9047341486439));
#2454=IFCCARTESIANPOINT((-121.40545531443786,161.81306535657495));
#2455=IFCCARTESIANPOINT((-119.40697733708657,162.14134433865547));
#2456=IFCCARTESIANPOINT((-117.71819691779092,165.85261835809797));
#2457=IFCCARTESIANPOINT((-118.34738425898831,167.85937386006117));
#2458=IFCCARTESIANPOINT((-119.46563386614434,168.3912062374875));
#2459=IFCCARTESIANPOINT((-117.97173012327403,171.60368803329766));
#2460=IFCCARTESIANPOINT((-111.34147539222613,168.59126862790436));
#2461=IFCCARTESIANPOINT((-112.81713614042383,165.81231099087745));
#2462=IFCCARTESIANPOINT((-113.69820632482879,165.7417175490409));
#2463=IFCCARTESIANPOINT((-116.55143045727164,161.40618530847132));
#2464=IFCCARTESIANPOINT((-114.01244648231659,159.65060106199235));
#2465=IFCCARTESIANPOINT((-111.13133875024505,163.80798690766096));
#2466=IFCCARTESIANPOINT((-109.19336395384744,163.02477775979787));
#2467=IFCCARTESIANPOINT((-102.97517824277747,175.03873116336763));
#2468=IFCCARTESIANPOINT((-107.87042421952356,177.56983850710094));
#2469=IFCCARTESIANPOINT((-123.93787031865213,185.77502555120736));
#2470=IFCCARTESIANPOINT((-127.60971009067725,177.36523086484522));
#2471=IFCCARTESIANPOINT((-134.3776829332346,161.85306055750698));
#2472=IFCCARTESIANPOINT((-137.95252554677427,153.64263382460922));
#2473=IFCCARTESIANPOINT((-136.81065479828976,150.63086783792824));
#2474=IFCCARTESIANPOINT((-131.1961037759902,148.12717862706631));
#2475=IFCCARTESIANPOINT((-123.68813935725484,144.77392831258476));
#2476=IFCPOLYLINE((#2448,#2449,#2450,#2451,#2452,#2453,#2454,#2455,#2456,#2457,#2458,#2459,#2460,#2461,#2462,#2463,#2464,#2465,#2466,#2467,#2468,#2469,#2470,#2471,#2472,#2473,#2474,#2475,#2448));
#2477=IFCARBITRARYCLOSEDPROFILEDEF(.AREA.,$,#2476);
#2478=IFCEXTRUDEDAREASOLID(#2477,#8,#6,18.);
#2479=IFCSHAPEREPRESENTATION(#11,'Body','SweptSolid',(#2478));
#2480=IFCPRODUCTDEFINITIONSHAPE($,$,(#2479));
#2481=IFCLOCALPLACEMENT(#13,#8);
#2482=IFCBUILDINGELEMENTPROXY('3GWj1aQnf5dJSk3uYGRU2G',$,'Building 55697137',$,$,#2481,#2480,$,.ELEMENT.);
#2483=IFCPROPERTYSINGLEVALUE('osm_id',$,IFCLABEL('way/55697137'),$);
#2484=IFCPROPERTYSINGLEVALUE('height_source',$,IFCLABEL('tag:levels'),$);
#2485=IFCPROPERTYSINGLEVALUE('height_m',$,IFCREAL(18.),$);
#2486=IFCPROPERTYSET('11Ft4G0HhA9zLd9qlpxDuq',$,'Pset_SiteContext',$,(#2483,#2484,#2485));
#2487=IFCRELDEFINESBYPROPERTIES('1j_q7P_P7wCbnp39QuZpK6',$,$,$,(#2482),#2486);
#2488=IFCCARTESIANPOINT((-48.45118490396999,144.63370029069483));
#2489=IFCCARTESIANPOINT((-47.86569043295458,144.45097362902015));
#2490=IFCCARTESIANPOINT((-47.00124115834478,145.17778705712408));
#2491=IFCCARTESIANPOINT((-45.342430155258626,149.71219929866493));
#2492=IFCCARTESIANPOINT((-45.8872217197204,150.38386660534889));
#2493=IFCCARTESIANPOINT((-46.289474859368056,150.54284846782684));
#2494=IFCPOLYLINE((#2488,#2489,#2490,#2491,#2492,#2493,#2488));
#2495=IFCARBITRARYCLOSEDPROFILEDEF(.AREA.,$,#2494);
#2496=IFCEXTRUDEDAREASOLID(#2495,#8,#6,9.);
#2497=IFCSHAPEREPRESENTATION(#11,'Body','SweptSolid',(#2496));
#2498=IFCPRODUCTDEFINITIONSHAPE($,$,(#2497));
#2499=IFCLOCALPLACEMENT(#13,#8);
#2500=IFCBUILDINGELEMENTPROXY('0CwfrXRS19AP7mWiHoPsNP',$,'Building 55697138',$,$,#2499,#2498,$,.ELEMENT.);
#2501=IFCPROPERTYSINGLEVALUE('osm_id',$,IFCLABEL('way/55697138'),$);
#2502=IFCPROPERTYSINGLEVALUE('height_source',$,IFCLABEL('fallback'),$);
#2503=IFCPROPERTYSINGLEVALUE('height_m',$,IFCREAL(9.),$);
#2504=IFCPROPERTYSET('2DBJsYonoP67PPFUr2QLXb',$,'Pset_SiteContext',$,(#2501,#2502,#2503));
#2505=IFCRELDEFINESBYPROPERTIES('0RENMT2wFv7TE8NJhFYxyC',$,$,$,(#2500),#2504);
#2506=IFCCARTESIANPOINT((-91.24300331540871,224.09221548307687));
#2507=IFCCARTESIANPOINT((-93.09687268605921,225.2861639680341));
#2508=IFCCARTESIANPOINT((-99.40714168723207,212.77255737874657));
#2509=IFCCARTESIANPOINT((-100.20425265899394,211.31128461752087));
#2510=IFCCARTESIANPOINT((-101.30985464097466,208.91847707889974));
#2511=IFCCARTESIANPOINT((-97.6375362604158,207.57613723352551));
#2512=IFCCARTESIANPOINT((-97.60974282317329,207.3868705080822));
#2513=IFCCARTESIANPOINT((-90.12947257445194,205.13475894462317));
#2514=IFCCARTESIANPOINT((-87.81425648170989,209.1856102719903));
#2515=IFCCARTESIANPOINT((-87.49216568353586,209.0940036782995));
#2516=IFCCARTESIANPOINT((-83.50166859966703,216.11121930275112));
#2517=IFCCARTESIANPOINT((-77.39655191160273,224.20081008039415));
#2518=IFCCARTESIANPOINT((-82.02474263974,227.9751307424158));
#2519=IFCCARTESIANPOINT((-86.66741821018513,231.77181411534548));
#2520=IFCPOLYLINE((#2506,#2507,#2508,#2509,#2510,#2511,#2512,#2513,#2514,#2515,#2516,#2517,#2518,#2519,#2506));
#2521=IFCARBITRARYCLOSEDPROFILEDEF(.AREA.,$,#2520);
#2522=IFCEXTRUDEDAREASOLID(#2521,#8,#6,9.);
#2523=IFCSHAPEREPRESENTATION(#11,'Body','SweptSolid',(#2522));
#2524=IFCPRODUCTDEFINITIONSHAPE($,$,(#2523));
#2525=IFCLOCALPLACEMENT(#13,#8);
#2526=IFCBUILDINGELEMENTPROXY('0p5ov_lxbDEl3ETQSkSl0x',$,'Building 55697139',$,$,#2525,#2524,$,.ELEMENT.);
#2527=IFCPROPERTYSINGLEVALUE('osm_id',$,IFCLABEL('way/55697139'),$);
#2528=IFCPROPERTYSINGLEVALUE('height_source',$,IFCLABEL('fallback'),$);
#2529=IFCPROPERTYSINGLEVALUE('height_m',$,IFCREAL(9.),$);
#2530=IFCPROPERTYSET('03c75q1ASfZLsF$Cz2BG1p',$,'Pset_SiteContext',$,(#2527,#2528,#2529));
#2531=IFCRELDEFINESBYPROPERTIES('0d0q5GCueEzlumZmi3HmoE',$,$,$,(#2526),#2530);
#2532=IFCCARTESIANPOINT((-182.360841012327,234.44952700752765));
#2533=IFCCARTESIANPOINT((-182.2484075834509,234.7377184042707));
#2534=IFCCARTESIANPOINT((-183.83573760278523,235.32902644574642));
#2535=IFCCARTESIANPOINT((-184.59133944183122,235.346369641833));
#2536=IFCCARTESIANPOINT((-185.03320799279027,236.0394427869469));
#2537=IFCCARTESIANPOINT((-184.2692829290172,237.9235338307917));
#2538=IFCCARTESIANPOINT((-182.53521713253576,237.33101714588702));
#2539=IFCCARTESIANPOINT((-183.01356547267642,236.26744643878192));
#2540=IFCCARTESIANPOINT((-181.85791805712506,235.82425254955888));
#2541=IFCCARTESIANPOINT((-181.49879062129185,236.66640722751617));
#2542=IFCCARTESIANPOINT((-180.48615833290387,239.34908327367157));
#2543=IFCCARTESIANPOINT((-191.16568084759638,243.3512499993667));
#2544=IFCCARTESIANPOINT((-194.6958109550178,236.1190354730934));
#2545=IFCCARTESIANPOINT((-198.1736758146435,228.99759185221046));
#2546=IFCCARTESIANPOINT((-196.74975408939645,226.3838045084849));
#2547=IFCCARTESIANPOINT((-191.78416913724504,225.27538805268705));
#2548=IFCCARTESIANPOINT((-186.18146751786117,224.01716953143477));
#2549=IFCPOLYLINE((#2532,#2533,#2534,#2535,#2536,#2537,#2538,#2539,#2540,#2541,#2542,#2543,#2544,#2545,#2546,#2547,#2548,#2532));
#2550=IFCARBITRARYCLOSEDPROFILEDEF(.AREA.,$,#2549);
#2551=IFCEXTRUDEDAREASOLID(#2550,#8,#6,21.);
#2552=IFCSHAPEREPRESENTATION(#11,'Body','SweptSolid',(#2551));
#2553=IFCPRODUCTDEFINITIONSHAPE($,$,(#2552));
#2554=IFCLOCALPLACEMENT(#13,#8);
#2555=IFCBUILDINGELEMENTPROXY('04FvJ2qwFrTEbYhspTgqb6',$,'Building 55698708',$,$,#2554,#2553,$,.ELEMENT.);
#2556=IFCPROPERTYSINGLEVALUE('osm_id',$,IFCLABEL('way/55698708'),$);
#2557=IFCPROPERTYSINGLEVALUE('height_source',$,IFCLABEL('tag:levels'),$);
#2558=IFCPROPERTYSINGLEVALUE('height_m',$,IFCREAL(21.),$);
#2559=IFCPROPERTYSET('1aovxwZrCVabtz6G7Stnz1',$,'Pset_SiteContext',$,(#2556,#2557,#2558));
#2560=IFCRELDEFINESBYPROPERTIES('1hvMQKRPr1_ArsVgaRIyP3',$,$,$,(#2555),#2559);
#2561=IFCCARTESIANPOINT((-171.06249241228215,228.07374312076718));
#2562=IFCCARTESIANPOINT((-168.4298606531229,235.02424347121269));
#2563=IFCCARTESIANPOINT((-180.48615833290387,239.34908327367157));
#2564=IFCCARTESIANPOINT((-181.49879062129185,236.66640722751617));
#2565=IFCCARTESIANPOINT((-178.87953187944368,235.75524430535734));
#2566=IFCCARTESIANPOINT((-179.75625505798962,233.53848455566913));
#2567=IFCCARTESIANPOINT((-182.360841012327,234.44952700752765));
#2568=IFCCARTESIANPOINT((-186.18146751786117,224.01716953143477));
#2569=IFCCARTESIANPOINT((-181.0249374648556,222.92942942678928));
#2570=IFCCARTESIANPOINT((-175.54613364499528,221.7723207110539));
#2571=IFCCARTESIANPOINT((-172.82501209003385,223.42901837360114));
#2572=IFCPOLYLINE((#2561,#2562,#2563,#2564,#2565,#2566,#2567,#2568,#2569,#2570,#2571,#2561));
#2573=IFCARBITRARYCLOSEDPROFILEDEF(.AREA.,$,#2572);
#2574=IFCEXTRUDEDAREASOLID(#2573,#8,#6,9.);
#2575=IFCSHAPEREPRESENTATION(#11,'Body','SweptSolid',(#2574));
#2576=IFCPRODUCTDEFINITIONSHAPE($,$,(#2575));
#2577=IFCLOCALPLACEMENT(#13,#8);
#2578=IFCBUILDINGELEMENTPROXY('0A0BVXWVa3Jo0ZsOclkVbt',$,'Building 55698719',$,$,#2577,#2576,$,.ELEMENT.);
#2579=IFCPROPERTYSINGLEVALUE('osm_id',$,IFCLABEL('way/55698719'),$);
#2580=IFCPROPERTYSINGLEVALUE('height_source',$,IFCLABEL('fallback'),$);
#2581=IFCPROPERTYSINGLEVALUE('height_m',$,IFCREAL(9.),$);
#2582=IFCPROPERTYSET('0F8eLNvhcPDR4euyqszlLA',$,'Pset_SiteContext',$,(#2579,#2580,#2581));
#2583=IFCRELDEFINESBYPROPERTIES('2H_KBXrQDus$4vkFWL9m4n',$,$,$,(#2578),#2582);
#2584=IFCCARTESIANPOINT((-186.26954858319368,187.4890336142853));
#2585=IFCCARTESIANPOINT((-183.6810853483621,194.41764903534204));
#2586=IFCCARTESIANPOINT((-177.92632759490516,209.83803134039044));
#2587=IFCCARTESIANPOINT((-179.41620212001726,212.46347665134817));
#2588=IFCCARTESIANPOINT((-191.98518413922284,215.124576757662));
#2589=IFCCARTESIANPOINT((-201.85134564130567,217.21855947002769));
#2590=IFCCARTESIANPOINT((-204.61356782971416,215.9180508311838));
#2591=IFCCARTESIANPOINT((-215.47215135849547,193.74549817852676));
#2592=IFCCARTESIANPOINT((-213.66981393331662,188.97132890112698));
#2593=IFCCARTESIANPOINT((-205.42797827045433,184.75569086894393));
#2594=IFCCARTESIANPOINT((-195.60052727954462,179.73748959694058));
#2595=IFCCARTESIANPOINT((-187.9501958154142,182.98819909524173));
#2596=IFCPOLYLINE((#2584,#2585,#2586,#2587,#2588,#2589,#2590,#2591,#2592,#2593,#2594,#2595,#2584));
#2597=IFCARBITRARYCLOSEDPROFILEDEF(.AREA.,$,#2596);
#2598=IFCEXTRUDEDAREASOLID(#2597,#8,#6,18.);
#2599=IFCSHAPEREPRESENTATION(#11,'Body','SweptSolid',(#2598));
#2600=IFCPRODUCTDEFINITIONSHAPE($,$,(#2599));
#2601=IFCLOCALPLACEMENT(#13,#8);
#2602=IFCBUILDINGELEMENTPROXY('091TtA$vNYn3gfhsoSTEJR',$,'Building 55698740',$,$,#2601,#2600,$,.ELEMENT.);
#2603=IFCPROPERTYSINGLEVALUE('osm_id',$,IFCLABEL('way/55698740'),$);
#2604=IFCPROPERTYSINGLEVALUE('height_source',$,IFCLABEL('tag:levels'),$);
#2605=IFCPROPERTYSINGLEVALUE('height_m',$,IFCREAL(18.),$);
#2606=IFCPROPERTYSET('0DWf1xmogEG3sdtHI6lcuK',$,'Pset_SiteContext',$,(#2603,#2604,#2605));
#2607=IFCRELDEFINESBYPROPERTIES('0XJmrzaK$MIj28j8ZESlxu',$,$,$,(#2602),#2606);
#2608=IFCCARTESIANPOINT((-109.89221261278726,297.5368106337264));
#2609=IFCCARTESIANPOINT((-118.2440974903293,301.7421025726944));
#2610=IFCCARTESIANPOINT((-119.50440223247278,299.2727299174294));
#2611=IFCCARTESIANPOINT((-120.62235179415438,299.8379205316305));
#2612=IFCCARTESIANPOINT((-121.57126167009119,299.5454882821068));
#2613=IFCCARTESIANPOINT((-122.10012792632915,298.5824068104848));
#2614=IFCCARTESIANPOINT((-121.78535951685626,297.6012660898268));
#2615=IFCCARTESIANPOINT((-122.27637302631047,297.67202437855303));
#2616=IFCCARTESIANPOINT((-122.03103927348275,297.16961067542434));
#2617=IFCCARTESIANPOINT((-122.35173289675731,296.53841403033584));
#2618=IFCCARTESIANPOINT((-122.71699588000774,295.84086459781975));
#2619=IFCCARTESIANPOINT((-123.29017722641584,295.7343803923577));
#2620=IFCCARTESIANPOINT((-123.12380995985586,295.4438943872228));
#2621=IFCCARTESIANPOINT((-123.43515483324882,295.05725880060345));
#2622=IFCCARTESIANPOINT((-124.59785708563868,295.53385905269533));
#2623=IFCCARTESIANPOINT((-124.93459658767097,294.7359959902242));
#2624=IFCCARTESIANPOINT((-124.87608548847493,294.71327486634254));
#2625=IFCCARTESIANPOINT((-124.13754288642667,294.4069622140378));
#2626=IFCCARTESIANPOINT((-123.97218173777219,293.99416552111506));
#2627=IFCCARTESIANPOINT((-124.09185644879472,293.7171523543075));
#2628=IFCCARTESIANPOINT((-124.46639683656394,293.6757536903024));
#2629=IFCCARTESIANPOINT((-124.33653041545767,293.4078077180311));
#2630=IFCCARTESIANPOINT((-124.5007744882023,293.06444176565856));
#2631=IFCCARTESIANPOINT((-124.53067030932289,292.99796826485544));
#2632=IFCCARTESIANPOINT((-124.09211130579934,292.7942024283111));
#2633=IFCCARTESIANPOINT((-125.07014781737234,290.7450655596331));
#2634=IFCCARTESIANPOINT((-125.10756335000042,290.6564141139388));
#2635=IFCCARTESIANPOINT((-126.19023608847056,288.3746202401817));
#2636=IFCCARTESIANPOINT((-126.68721504125278,288.61222651973367));
#2637=IFCCARTESIANPOINT((-126.71711090975441,288.5457530329004));
#2638=IFCCARTESIANPOINT((-126.84403115243185,288.2799194427207));
#2639=IFCCARTESIANPOINT((-127.2698377771303,288.2500625960529));
#2640=IFCCARTESIANPOINT((-127.00167051760945,287.8475400097668));
#2641=IFCCARTESIANPOINT((-127.24056312977336,287.3491095909849));
#2642=IFCCARTESIANPOINT((-128.47562805225607,287.94862480740994));
#2643=IFCCARTESIANPOINT((-128.54138449544553,287.9825254743919));
#2644=IFCCARTESIANPOINT((-128.93709349620622,287.15178810060024));
#2645=IFCCARTESIANPOINT((-128.87133704591542,287.1178874280304));
#2646=IFCCARTESIANPOINT((-127.30006141599733,286.3599276524037));
#2647=IFCCARTESIANPOINT((-127.89038706943393,285.9533475516364));
#2648=IFCCARTESIANPOINT((-127.89459479914512,285.44186661578715));
#2649=IFCCARTESIANPOINT((-128.20831881661434,284.76613339874893));
#2650=IFCCARTESIANPOINT((-128.53708233556245,284.04604431428015));
#2651=IFCCARTESIANPOINT((-129.18427295831498,283.8623302206397));
#2652=IFCCARTESIANPOINT((-128.98140474257525,283.5493039852008));
#2653=IFCCARTESIANPOINT((-129.27761972276494,283.2181437863037));
#2654=IFCCARTESIANPOINT((-130.55533377127722,283.98480883426964));
#2655=IFCCARTESIANPOINT((-130.9204340708675,284.199090693146));
#2656=IFCCARTESIANPOINT((-131.10568282706663,283.97821669094265));
#2657=IFCCARTESIANPOINT((-131.52278083446436,284.1150870556012));
#2658=IFCCARTESIANPOINT((-131.9259187678108,283.273291121237));
#2659=IFCCARTESIANPOINT((-131.58227987599093,283.1259051859379));
#2660=IFCCARTESIANPOINT((-133.1080720772734,279.60232923924923));
#2661=IFCCARTESIANPOINT((-133.50261113769375,279.8057335568592));
#2662=IFCCARTESIANPOINT((-133.98727751953993,278.8645294448361));
#2663=IFCCARTESIANPOINT((-133.54890073090792,278.6385246142745));
#2664=IFCCARTESIANPOINT((-129.47942321607843,276.5256225243211));
#2665=IFCCARTESIANPOINT((-130.6274909079075,274.32220701593906));
#2666=IFCCARTESIANPOINT((-126.9087113274727,272.3901104768738));
#2667=IFCCARTESIANPOINT((-128.5203494762536,269.13411747291684));
#2668=IFCCARTESIANPOINT((-130.13198940921575,265.878125003539));
#2669=IFCCARTESIANPOINT((-126.31332463480067,263.60049033910036));
#2670=IFCCARTESIANPOINT((-126.44006244756747,263.3568950910121));
#2671=IFCCARTESIANPOINT((-125.0300065613119,262.62250217143446));
#2672=IFCCARTESIANPOINT((-124.85851629637182,262.95468852389604));
#2673=IFCCARTESIANPOINT((-123.58731044165324,262.2881575515494));
#2674=IFCCARTESIANPOINT((-121.35212873190176,261.0688225477934));
#2675=IFCCARTESIANPOINT((-121.48611172614619,260.83640669472516));
#2676=IFCCARTESIANPOINT((-120.39777622174006,260.2381000323221));
#2677=IFCCARTESIANPOINT((-120.2053732497152,260.4366756910458));
#2678=IFCCARTESIANPOINT((-115.49270873214118,258.0182562554255));
#2679=IFCCARTESIANPOINT((-111.921321816626,264.92770302388817));
#2680=IFCCARTESIANPOINT((-108.08541560848244,262.9612958878279));
#2681=IFCCARTESIANPOINT((-107.73663251358084,262.5469914833084));
#2682=IFCCARTESIANPOINT((-107.44252069026697,262.62241230066866));
#2683=IFCCARTESIANPOINT((-106.69736772112083,262.2270884262398));
#2684=IFCCARTESIANPOINT((-106.70708173105959,261.9380508828908));
#2685=IFCCARTESIANPOINT((-106.27421078935731,261.9344914564863));
#2686=IFCCARTESIANPOINT((-106.26522824494168,262.1345758084208));
#2687=IFCCARTESIANPOINT((-105.5783348159166,262.6849227072671));
#2688=IFCCARTESIANPOINT((-105.2640412163455,262.5377796702087));
#2689=IFCCARTESIANPOINT((-105.0550452611642,262.96973731089383));
#2690=IFCCARTESIANPOINT((-105.28157159860712,263.0827989568934));
#2691=IFCCARTESIANPOINT((-105.2152886793483,264.0052057132125));
#2692=IFCCARTESIANPOINT((-98.975538290455,260.80697009246796));
#2693=IFCCARTESIANPOINT((-100.05055023788009,260.34877261612564));
#2694=IFCCARTESIANPOINT((-100.35759870882612,260.4847358977422));
#2695=IFCCARTESIANPOINT((-100.5969472064171,259.93070874456316));
#2696=IFCCARTESIANPOINT((-100.37032923544757,259.8287664335221));
#2697=IFCCARTESIANPOINT((-100.26713368063793,258.99392544850707));
#2698=IFCCARTESIANPOINT((-100.21200461953413,258.5597960744053));
#2699=IFCCARTESIANPOINT((-100.42577742808498,258.43923475872725));
#2700=IFCCARTESIANPOINT((-100.21611846622545,258.0594343803823));
#2701=IFCCARTESIANPOINT((-99.92870338971261,258.2127499394119));
#2702=IFCCARTESIANPOINT((-99.03800174198113,257.67167171277106));
#2703=IFCCARTESIANPOINT((-99.01745400298387,257.4935843758285));
#2704=IFCCARTESIANPOINT((-98.34925659757573,257.5548102054745));
#2705=IFCCARTESIANPOINT((-98.37640983553138,257.82191105093807));
#2706=IFCCARTESIANPOINT((-97.58689287106972,258.36029526311904));
#2707=IFCCARTESIANPOINT((-97.3312018251745,258.2247543539852));
#2708=IFCCARTESIANPOINT((-97.08524807612412,258.6897681253031));
#2709=IFCCARTESIANPOINT((-97.26793676416855,258.7802292536944));
#2710=IFCCARTESIANPOINT((-97.27410893619526,259.814430735074));
#2711=IFCCARTESIANPOINT((-96.91691492858808,260.4230886949226));
#2712=IFCCARTESIANPOINT((-94.62412946927361,259.0698516983539));
#2713=IFCCARTESIANPOINT((-94.61100980790798,258.8807055391371));
#2714=IFCCARTESIANPOINT((-93.93922349135391,258.48598645906895));
#2715=IFCCARTESIANPOINT((-93.77635138807818,258.66256594937295));
#2716=IFCCARTESIANPOINT((-90.91972759889904,257.1712565673515));
#2717=IFCCARTESIANPOINT((-90.90715621702839,256.9153955252841));
#2718=IFCCARTESIANPOINT((-90.1619099972304,256.5311929443851));
#2719=IFCCARTESIANPOINT((-90.07249737775419,256.69725647289306));
#2720=IFCCARTESIANPOINT((-87.01117230416276,255.11530721746385));
#2721=IFCCARTESIANPOINT((-87.1304804389365,254.8827699702233));
#2722=IFCCARTESIANPOINT((-86.42182634188794,254.5099885482341));
#2723=IFCCARTESIANPOINT((-86.23033827578183,254.5973738413304));
#2724=IFCCARTESIANPOINT((-83.33739206450991,253.06129013374448));
#2725=IFCCARTESIANPOINT((-83.25915461592376,252.76040982361883));
#2726=IFCCARTESIANPOINT((-82.48401181900408,252.44268193468451));
#2727=IFCCARTESIANPOINT((-82.29243236128241,252.541186504066));
#2728=IFCCARTESIANPOINT((-80.78360869013704,252.21742902882397));
#2729=IFCCARTESIANPOINT((-79.70674275164492,252.00842084083706));
#2730=IFCCARTESIANPOINT((-75.3040824579075,251.1493680300191));
#2731=IFCCARTESIANPOINT((-74.91008763946593,250.8792528314516));
#2732=IFCCARTESIANPOINT((-74.45493133482523,250.90887236129493));
#2733=IFCCARTESIANPOINT((-74.19722931145225,251.01795374788344));
#2734=IFCCARTESIANPOINT((-74.09974931133911,251.27291041705757));
#2735=IFCCARTESIANPOINT((-69.28999290138017,253.52408881951123));
#2736=IFCCARTESIANPOINT((-66.81505104003008,254.6935834782198));
#2737=IFCCARTESIANPOINT((-66.69251786451787,254.42569916136563));
#2738=IFCCARTESIANPOINT((-66.12530003569555,254.69903644081205));
#2739=IFCCARTESIANPOINT((-65.79855245817453,255.1745076207444));
#2740=IFCCARTESIANPOINT((-65.8347797151655,255.23040475416929));
#2741=IFCCARTESIANPOINT((-65.9943623439176,255.4541138485074));
#2742=IFCCARTESIANPOINT((-62.59001481498126,261.686648895964));
#2743=IFCCARTESIANPOINT((-62.37697369384114,261.7182584134862));
#2744=IFCCARTESIANPOINT((-62.078477844945155,262.32740072067827));
#2745=IFCCARTESIANPOINT((-62.19139061705209,262.8732034275308));
#2746=IFCCARTESIANPOINT((-62.3670169521356,262.9302457347512));
#2747=IFCCARTESIANPOINT((-62.92061870638281,266.99355737213045));
#2748=IFCCARTESIANPOINT((-60.40851382701658,267.3287569861859));
#2749=IFCCARTESIANPOINT((-62.87409825169016,269.0837165210396));
#2750=IFCCARTESIANPOINT((-62.621724408934824,269.43748002126813));
#2751=IFCCARTESIANPOINT((-62.58461278688628,270.3823667122051));
#2752=IFCCARTESIANPOINT((-63.27493894076906,271.19979073666036));
#2753=IFCCARTESIANPOINT((-64.21304242906626,271.3298166077584));
#2754=IFCCARTESIANPOINT((-70.18793752545025,277.2946942653507));
#2755=IFCCARTESIANPOINT((-85.10070051020011,284.91205960605294));
#2756=IFCCARTESIANPOINT((-84.9440694944933,285.2221295014024));
#2757=IFCCARTESIANPOINT((-85.71123123797588,285.6176315592602));
#2758=IFCCARTESIANPOINT((-85.86795367626473,285.2964425319806));
#2759=IFCCARTESIANPOINT((-89.7185259165708,287.26295592729));
#2760=IFCCARTESIANPOINT((-89.52466250571888,287.6394390743226));
#2761=IFCCARTESIANPOINT((-93.47033562278375,289.64009645488113));
#2762=IFCCARTESIANPOINT((-93.64182331657503,289.3079091012478));
#2763=IFCPOLYLINE((#2608,#2609,#2610,#2611,#2612,#2613,#2614,#2615,#2616,#2617,#2618,#2619,#2620,#2621,#2622,#2623,#2624,#2625,#2626,#2627,#2628,#2629,#2630,#2631,#2632,#2633,#2634,#2635,#2636,#2637,#2638,#2639,#2640,#2641,#2642,#2643,#2644,#2645,#2646,#2647,#2648,#2649,#2650,#2651,#2652,#2653,#2654,#2655,#2656,#2657,#2658,#2659,#2660,#2661,#2662,#2663,#2664,#2665,#2666,#2667,#2668,#2669,#2670,#2671,#2672,#2673,#2674,#2675,#2676,#2677,#2678,#2679,#2680,#2681,#2682,#2683,#2684,#2685,#2686,#2687,#2688,#2689,#2690,#2691,#2692,#2693,#2694,#2695,#2696,#2697,#2698,#2699,#2700,#2701,#2702,#2703,#2704,#2705,#2706,#2707,#2708,#2709,#2710,#2711,#2712,#2713,#2714,#2715,#2716,#2717,#2718,#2719,#2720,#2721,#2722,#2723,#2724,#2725,#2726,#2727,#2728,#2729,#2730,#2731,#2732,#2733,#2734,#2735,#2736,#2737,#2738,#2739,#2740,#2741,#2742,#2743,#2744,#2745,#2746,#2747,#2748,#2749,#2750,#2751,#2752,#2753,#2754,#2755,#2756,#2757,#2758,#2759,#2760,#2761,#2762,#2608));
#2764=IFCARBITRARYCLOSEDPROFILEDEF(.AREA.,$,#2763);
#2765=IFCEXTRUDEDAREASOLID(#2764,#8,#6,9.);
#2766=IFCSHAPEREPRESENTATION(#11,'Body','SweptSolid',(#2765));
#2767=IFCPRODUCTDEFINITIONSHAPE($,$,(#2766));
#2768=IFCLOCALPLACEMENT(#13,#8);
#2769=IFCBUILDINGELEMENTPROXY('2PNTGy2wZfc$5HfBj1S3o6',$,'Église Saint-Merri',$,$,#2768,#2767,$,.ELEMENT.);
#2770=IFCPROPERTYSINGLEVALUE('osm_id',$,IFCLABEL('way/55742120'),$);
#2771=IFCPROPERTYSINGLEVALUE('height_source',$,IFCLABEL('fallback'),$);
#2772=IFCPROPERTYSINGLEVALUE('height_m',$,IFCREAL(9.),$);
#2773=IFCPROPERTYSET('0a4jqifFn5Ho9Wbv77nLiA',$,'Pset_SiteContext',$,(#2770,#2771,#2772));
#2774=IFCRELDEFINESBYPROPERTIES('02A8_yDIUvkTEKiDaE6BCE',$,$,$,(#2769),#2773);
#2775=IFCCARTESIANPOINT((-133.54890073090792,278.6385246142745));
#2776=IFCCARTESIANPOINT((-135.9095887184376,273.52055276185274));
#2777=IFCCARTESIANPOINT((-137.28416726563592,270.54060917533934));
#2778=IFCCARTESIANPOINT((-137.07798777066637,269.7382797561586));
#2779=IFCCARTESIANPOINT((-136.7347141552018,269.54641693644226));
#2780=IFCCARTESIANPOINT((-133.99558675161097,268.04493292048573));
#2781=IFCCARTESIANPOINT((-133.14836160745472,267.57092648837715));
#2782=IFCCARTESIANPOINT((-130.13198940921575,265.878125003539));
#2783=IFCCARTESIANPOINT((-128.5203494762536,269.13411747291684));
#2784=IFCCARTESIANPOINT((-126.9087113274727,272.3901104768738));
#2785=IFCCARTESIANPOINT((-130.6274909079075,274.32220701593906));
#2786=IFCCARTESIANPOINT((-129.47942321607843,276.5256225243211));
#2787=IFCPOLYLINE((#2775,#2776,#2777,#2778,#2779,#2780,#2781,#2782,#2783,#2784,#2785,#2786,#2775));
#2788=IFCARBITRARYCLOSEDPROFILEDEF(.AREA.,$,#2787);
#2789=IFCEXTRUDEDAREASOLID(#2788,#8,#6,12.);
#2790=IFCSHAPEREPRESENTATION(#11,'Body','SweptSolid',(#2789));
#2791=IFCPRODUCTDEFINITIONSHAPE($,$,(#2790));
#2792=IFCLOCALPLACEMENT(#13,#8);
#2793=IFCBUILDINGELEMENTPROXY('18RxSH3Z4WrTYIX5Tfkqmi',$,'Le Presbytère',$,$,#2792,#2791,$,.ELEMENT.);
#2794=IFCPROPERTYSINGLEVALUE('osm_id',$,IFCLABEL('way/55742124'),$);
#2795=IFCPROPERTYSINGLEVALUE('height_source',$,IFCLABEL('tag:levels'),$);
#2796=IFCPROPERTYSINGLEVALUE('height_m',$,IFCREAL(12.),$);
#2797=IFCPROPERTYSET('05umpj1bU79_8TglNxG_r6',$,'Pset_SiteContext',$,(#2794,#2795,#2796));
#2798=IFCRELDEFINESBYPROPERTIES('1eEcR0w9TXF1lmBlF5xe1M',$,$,$,(#2793),#2797);
#2799=IFCCARTESIANPOINT((-28.406061499146745,221.40764754917473));
#2800=IFCCARTESIANPOINT((-35.40224102092907,210.23399097658694));
#2801=IFCCARTESIANPOINT((-31.539298725430854,207.97829663474113));
#2802=IFCCARTESIANPOINT((-28.158122087130323,206.02679699286819));
#2803=IFCCARTESIANPOINT((-25.158382677589543,206.76944493036717));
#2804=IFCCARTESIANPOINT((-21.589902664651163,213.33425102382898));
#2805=IFCCARTESIANPOINT((-16.978484074934386,221.81424173898995));
#2806=IFCCARTESIANPOINT((-19.37255792156793,223.34619702585042));
#2807=IFCCARTESIANPOINT((-25.072878096136265,227.01807276625186));
#2808=IFCPOLYLINE((#2799,#2800,#2801,#2802,#2803,#2804,#2805,#2806,#2807,#2799));
#2809=IFCARBITRARYCLOSEDPROFILEDEF(.AREA.,$,#2808);
#2810=IFCEXTRUDEDAREASOLID(#2809,#8,#6,18.);
#2811=IFCSHAPEREPRESENTATION(#11,'Body','SweptSolid',(#2810));
#2812=IFCPRODUCTDEFINITIONSHAPE($,$,(#2811));
#2813=IFCLOCALPLACEMENT(#13,#8);
#2814=IFCBUILDINGELEMENTPROXY('0Ed4ZK_M_pTsHEjuzD6Xh9',$,'Building 55750690',$,$,#2813,#2812,$,.ELEMENT.);
#2815=IFCPROPERTYSINGLEVALUE('osm_id',$,IFCLABEL('way/55750690'),$);
#2816=IFCPROPERTYSINGLEVALUE('height_source',$,IFCLABEL('tag:levels'),$);
#2817=IFCPROPERTYSINGLEVALUE('height_m',$,IFCREAL(18.),$);
#2818=IFCPROPERTYSET('1CzpgnOrnJh4Nazy6ej7YD',$,'Pset_SiteContext',$,(#2815,#2816,#2817));
#2819=IFCRELDEFINESBYPROPERTIES('0m_nvbWBAdZ1pGM6nZfzGf',$,$,$,(#2814),#2818);
#2820=IFCCARTESIANPOINT((-35.37891361862421,226.47996720205992));
#2821=IFCCARTESIANPOINT((-30.19327392510604,222.67886783834547));
#2822=IFCCARTESIANPOINT((-28.406061499146745,221.40764754917473));
#2823=IFCCARTESIANPOINT((-25.072878096136265,227.01807276625186));
#2824=IFCCARTESIANPOINT((-19.37255792156793,223.34619702585042));
#2825=IFCCARTESIANPOINT((-18.870402931352146,224.63198343198746));
#2826=IFCCARTESIANPOINT((-16.816760295652784,229.89707895182073));
#2827=IFCCARTESIANPOINT((-17.44451501267031,232.08173090964556));
#2828=IFCCARTESIANPOINT((-18.022371599217877,234.0880550853908));
#2829=IFCCARTESIANPOINT((-22.169465219951235,237.48030288610607));
#2830=IFCCARTESIANPOINT((-24.68405860499479,239.52476516645402));
#2831=IFCPOLYLINE((#2820,#2821,#2822,#2823,#2824,#2825,#2826,#2827,#2828,#2829,#2830,#2820));
#2832=IFCARBITRARYCLOSEDPROFILEDEF(.AREA.,$,#2831);
#2833=IFCEXTRUDEDAREASOLID(#2832,#8,#6,9.);
#2834=IFCSHAPEREPRESENTATION(#11,'Body','SweptSolid',(#2833));
#2835=IFCPRODUCTDEFINITIONSHAPE($,$,(#2834));
#2836=IFCLOCALPLACEMENT(#13,#8);
#2837=IFCBUILDINGELEMENTPROXY('3bd4VKowPzirP4TANGhXa3',$,'Building 55750691',$,$,#2836,#2835,$,.ELEMENT.);
#2838=IFCPROPERTYSINGLEVALUE('osm_id',$,IFCLABEL('way/55750691'),$);
#2839=IFCPROPERTYSINGLEVALUE('height_source',$,IFCLABEL('fallback'),$);
#2840=IFCPROPERTYSINGLEVALUE('height_m',$,IFCREAL(9.),$);
#2841=IFCPROPERTYSET('072jUjtP7S1aGbvUXEvGZ$',$,'Pset_SiteContext',$,(#2838,#2839,#2840));
#2842=IFCRELDEFINESBYPROPERTIES('07WY53d9qrDlQWRPt3zAho',$,$,$,(#2837),#2841);
#2843=IFCCARTESIANPOINT((-77.85337580717169,233.78991571906954));
#2844=IFCCARTESIANPOINT((-78.1208826447837,233.3806778388098));
#2845=IFCCARTESIANPOINT((-75.88254652102478,231.64981961250305));
#2846=IFCCARTESIANPOINT((-73.85560679098126,230.08749782200903));
#2847=IFCCARTESIANPOINT((-68.97077829472255,237.0084164235741));
#2848=IFCCARTESIANPOINT((-69.91046833840664,237.83900975063443));
#2849=IFCCARTESIANPOINT((-68.65272992150858,239.99705583695322));
#2850=IFCCARTESIANPOINT((-70.85684758855496,241.42739297635853));
#2851=IFCCARTESIANPOINT((-70.55156118387822,241.96975957229733));
#2852=IFCCARTESIANPOINT((-71.92963209224399,243.0263532595709));
#2853=IFCPOLYLINE((#2843,#2844,#2845,#2846,#2847,#2848,#2849,#2850,#2851,#2852,#2843));
#2854=IFCARBITRARYCLOSEDPROFILEDEF(.AREA.,$,#2853);
#2855=IFCEXTRUDEDAREASOLID(#2854,#8,#6,12.);
#2856=IFCSHAPEREPRESENTATION(#11,'Body','SweptSolid',(#2855));
#2857=IFCPRODUCTDEFINITIONSHAPE($,$,(#2856));
#2858=IFCLOCALPLACEMENT(#13,#8);
#2859=IFCBUILDINGELEMENTPROXY('38s17kW_FYLUynOHUpdDo8',$,'Building 55750694',$,$,#2858,#2857,$,.ELEMENT.);
#2860=IFCPROPERTYSINGLEVALUE('osm_id',$,IFCLABEL('way/55750694'),$);
#2861=IFCPROPERTYSINGLEVALUE('height_source',$,IFCLABEL('tag:levels'),$);
#2862=IFCPROPERTYSINGLEVALUE('height_m',$,IFCREAL(12.),$);
#2863=IFCPROPERTYSET('20PGsutvTsHSYzMsFm3qMQ',$,'Pset_SiteContext',$,(#2860,#2861,#2862));
#2864=IFCRELDEFINESBYPROPERTIES('3EmWdLHZQqHBl_qk53_jqn',$,$,$,(#2859),#2863);
#2865=IFCCARTESIANPOINT((-16.851383243571036,269.48420121427625));
#2866=IFCCARTESIANPOINT((-21.143682354479097,265.0158718023449));
#2867=IFCCARTESIANPOINT((-26.897515533841215,256.8010174026713));
#2868=IFCCARTESIANPOINT((-21.468196231755428,252.29737074766308));
#2869=IFCCARTESIANPOINT((-15.477675326401368,247.33320771995932));
#2870=IFCCARTESIANPOINT((-15.031407237169333,247.1738665951416));
#2871=IFCCARTESIANPOINT((-14.52534955739975,247.14747359231114));
#2872=IFCCARTESIANPOINT((-12.07717165199574,247.73897645715624));
#2873=IFCCARTESIANPOINT((-10.804800497717224,248.10661139618605));
#2874=IFCCARTESIANPOINT((-10.43595242104493,248.3482222892344));
#2875=IFCCARTESIANPOINT((-10.117640851181932,248.69032700080425));
#2876=IFCCARTESIANPOINT((-9.87875681614969,249.18876209761947));
#2877=IFCCARTESIANPOINT((-5.375214365078136,261.517134482041));
#2878=IFCCARTESIANPOINT((-4.89480233262293,262.83646055404097));
#2879=IFCPOLYLINE((#2865,#2866,#2867,#2868,#2869,#2870,#2871,#2872,#2873,#2874,#2875,#2876,#2877,#2878,#2865));
#2880=IFCARBITRARYCLOSEDPROFILEDEF(.AREA.,$,#2879);
#2881=IFCEXTRUDEDAREASOLID(#2880,#8,#6,9.);
#2882=IFCSHAPEREPRESENTATION(#11,'Body','SweptSolid',(#2881));
#2883=IFCPRODUCTDEFINITIONSHAPE($,$,(#2882));
#2884=IFCLOCALPLACEMENT(#13,#8);
#2885=IFCBUILDINGELEMENTPROXY('2Nf0i6VF3PzvUn$EH1l9$0',$,'Building 55750695',$,$,#2884,#2883,$,.ELEMENT.);
#2886=IFCPROPERTYSINGLEVALUE('osm_id',$,IFCLABEL('way/55750695'),$);
#2887=IFCPROPERTYSINGLEVALUE('height_source',$,IFCLABEL('fallback'),$);
#2888=IFCPROPERTYSINGLEVALUE('height_m',$,IFCREAL(9.),$);
#2889=IFCPROPERTYSET('1sggTiZbhOCq7bcvRbALJ9',$,'Pset_SiteContext',$,(#2886,#2887,#2888));
#2890=IFCRELDEFINESBYPROPERTIES('2UyJ1NonIvg8eUGp_LDIHC',$,$,$,(#2885),#2889);
#2891=IFCCARTESIANPOINT((-82.29243236128241,252.541186504066));
#2892=IFCCARTESIANPOINT((-82.48401181900408,252.44268193468451));
#2893=IFCCARTESIANPOINT((-83.25915461592376,252.76040982361883));
#2894=IFCCARTESIANPOINT((-83.33739206450991,253.06129013374448));
#2895=IFCCARTESIANPOINT((-86.23033827578183,254.5973738413304));
#2896=IFCCARTESIANPOINT((-86.42182634188794,254.5099885482341));
#2897=IFCCARTESIANPOINT((-87.1304804389365,254.8827699702233));
#2898=IFCCARTESIANPOINT((-90.35998788825236,249.39384551346302));
#2899=IFCCARTESIANPOINT((-93.30084274802357,252.24247467983514));
#2900=IFCCARTESIANPOINT((-104.34223458217457,257.7486428162083));
#2901=IFCCARTESIANPOINT((-103.03690114116762,260.3399666259065));
#2902=IFCCARTESIANPOINT((-100.40616719145328,259.03954815119505));
#2903=IFCCARTESIANPOINT((-100.26713368063793,258.99392544850707));
#2904=IFCCARTESIANPOINT((-100.37032923544757,259.8287664335221));
#2905=IFCCARTESIANPOINT((-100.5969472064171,259.93070874456316));
#2906=IFCCARTESIANPOINT((-100.35759870882612,260.4847358977422));
#2907=IFCCARTESIANPOINT((-100.05055023788009,260.34877261612564));
#2908=IFCCARTESIANPOINT((-98.975538290455,260.80697009246796));
#2909=IFCCARTESIANPOINT((-105.2152886793483,264.0052057132125));
#2910=IFCCARTESIANPOINT((-105.28157159860712,263.0827989568934));
#2911=IFCCARTESIANPOINT((-105.0550452611642,262.96973731089383));
#2912=IFCCARTESIANPOINT((-105.2640412163455,262.5377796702087));
#2913=IFCCARTESIANPOINT((-105.5783348159166,262.6849227072671));
#2914=IFCCARTESIANPOINT((-106.26522824494168,262.1345758084208));
#2915=IFCCARTESIANPOINT((-106.27421078935731,261.9344914564863));
#2916=IFCCARTESIANPOINT((-106.70708173105959,261.9380508828908));
#2917=IFCCARTESIANPOINT((-106.69736772112083,262.2270884262398));
#2918=IFCCARTESIANPOINT((-107.44252069026697,262.62241230066866));
#2919=IFCCARTESIANPOINT((-107.73663251358084,262.5469914833084));
#2920=IFCCARTESIANPOINT((-108.08541560848244,262.9612958878279));
#2921=IFCCARTESIANPOINT((-111.921321816626,264.92770302388817));
#2922=IFCCARTESIANPOINT((-115.49270873214118,258.0182562554255));
#2923=IFCCARTESIANPOINT((-112.46329878689721,256.1251987470314));
#2924=IFCCARTESIANPOINT((-110.76929856557399,255.12159665301442));
#2925=IFCCARTESIANPOINT((-110.6653946012957,255.26530089695007));
#2926=IFCCARTESIANPOINT((-108.69323526101653,254.181572672911));
#2927=IFCCARTESIANPOINT((-106.82333332346752,253.15428548585624));
#2928=IFCCARTESIANPOINT((-106.92044901137706,252.94380595721304));
#2929=IFCCARTESIANPOINT((-92.78853298164904,244.94360924046487));
#2930=IFCCARTESIANPOINT((-86.31767297687475,239.50838852860034));
#2931=IFCCARTESIANPOINT((-86.0576854388928,239.89544806070626));
#2932=IFCCARTESIANPOINT((-82.18804621882737,245.60151144955307));
#2933=IFCCARTESIANPOINT((-83.14222382986918,246.4544658716768));
#2934=IFCCARTESIANPOINT((-80.99106229480822,249.29460042342544));
#2935=IFCCARTESIANPOINT((-81.22373847581912,249.5522703398019));
#2936=IFCCARTESIANPOINT((-82.4377456601942,250.9299953551963));
#2937=IFCCARTESIANPOINT((-80.78360869013704,252.21742902882397));
#2938=IFCPOLYLINE((#2891,#2892,#2893,#2894,#2895,#2896,#2897,#2898,#2899,#2900,#2901,#2902,#2903,#2904,#2905,#2906,#2907,#2908,#2909,#2910,#2911,#2912,#2913,#2914,#2915,#2916,#2917,#2918,#2919,#2920,#2921,#2922,#2923,#2924,#2925,#2926,#2927,#2928,#2929,#2930,#2931,#2932,#2933,#2934,#2935,#2936,#2937,#2891));
#2939=IFCARBITRARYCLOSEDPROFILEDEF(.AREA.,$,#2938);
#2940=IFCEXTRUDEDAREASOLID(#2939,#8,#6,9.);
#2941=IFCSHAPEREPRESENTATION(#11,'Body','SweptSolid',(#2940));
#2942=IFCPRODUCTDEFINITIONSHAPE($,$,(#2941));
#2943=IFCLOCALPLACEMENT(#13,#8);
#2944=IFCBUILDINGELEMENTPROXY('3EIx4SPxJNU4DtFIGjwFye',$,'Building 55750696',$,$,#2943,#2942,$,.ELEMENT.);
#2945=IFCPROPERTYSINGLEVALUE('osm_id',$,IFCLABEL('way/55750696'),$);
#2946=IFCPROPERTYSINGLEVALUE('height_source',$,IFCLABEL('fallback'),$);
#2947=IFCPROPERTYSINGLEVALUE('height_m',$,IFCREAL(9.),$);
#2948=IFCPROPERTYSET('3XMTndmsHHoMJe7bbAW1qz',$,'Pset_SiteContext',$,(#2945,#2946,#2947));
#2949=IFCRELDEFINESBYPROPERTIES('3Ht1wTKyFLslVoC7KgcImG',$,$,$,(#2944),#2948);
#2950=IFCCARTESIANPOINT((-30.536823477130383,244.28764829412103));
#2951=IFCCARTESIANPOINT((-34.88805512129329,247.83726008888334));
#2952=IFCCARTESIANPOINT((-44.31663247314282,236.20542800426483));
#2953=IFCCARTESIANPOINT((-41.754279945162125,234.61648082640022));
#2954=IFCCARTESIANPOINT((-43.881193495122716,231.15341879054904));
#2955=IFCCARTESIANPOINT((-39.969010637607425,228.64155632257462));
#2956=IFCCARTESIANPOINT((-36.695071388734505,227.0356486076489));
#2957=IFCCARTESIANPOINT((-35.37891361862421,226.47996720205992));
#2958=IFCCARTESIANPOINT((-24.68405860499479,239.52476516645402));
#2959=IFCPOLYLINE((#2950,#2951,#2952,#2953,#2954,#2955,#2956,#2957,#2958,#2950));
#2960=IFCARBITRARYCLOSEDPROFILEDEF(.AREA.,$,#2959);
#2961=IFCEXTRUDEDAREASOLID(#2960,#8,#6,21.);
#2962=IFCSHAPEREPRESENTATION(#11,'Body','SweptSolid',(#2961));
#2963=IFCPRODUCTDEFINITIONSHAPE($,$,(#2962));
#2964=IFCLOCALPLACEMENT(#13,#8);
#2965=IFCBUILDINGELEMENTPROXY('1HXNnYzXylFvXt7QC7Q$$I',$,'Building 55750697',$,$,#2964,#2963,$,.ELEMENT.);
#2966=IFCPROPERTYSINGLEVALUE('osm_id',$,IFCLABEL('way/55750697'),$);
#2967=IFCPROPERTYSINGLEVALUE('height_source',$,IFCLABEL('tag:levels'),$);
#2968=IFCPROPERTYSINGLEVALUE('height_m',$,IFCREAL(21.),$);
#2969=IFCPROPERTYSET('28MS_DfC$5WUWX26wb4e8Y',$,'Pset_SiteContext',$,(#2966,#2967,#2968));
#2970=IFCRELDEFINESBYPROPERTIES('3azL77R9uGRXzvbg01Hfsh',$,$,$,(#2965),#2969);
#2971=IFCCARTESIANPOINT((-62.92061870638281,266.99355737213045));
#2972=IFCCARTESIANPOINT((-62.3670169521356,262.9302457347512));
#2973=IFCCARTESIANPOINT((-62.19139061705209,262.8732034275308));
#2974=IFCCARTESIANPOINT((-62.078477844945155,262.32740072067827));
#2975=IFCCARTESIANPOINT((-61.33414388867095,261.8320103334263));
#2976=IFCCARTESIANPOINT((-65.8347797151655,255.23040475416929));
#2977=IFCCARTESIANPOINT((-65.79855245817453,255.1745076207444));
#2978=IFCCARTESIANPOINT((-66.12530003569555,254.69903644081205));
#2979=IFCCARTESIANPOINT((-67.76601010153536,252.3662177277729));
#2980=IFCCARTESIANPOINT((-69.28999290138017,253.52408881951123));
#2981=IFCCARTESIANPOINT((-74.09974931133911,251.27291041705757));
#2982=IFCCARTESIANPOINT((-74.19722931145225,251.01795374788344));
#2983=IFCCARTESIANPOINT((-74.45493133482523,250.90887236129493));
#2984=IFCCARTESIANPOINT((-74.91008763946593,250.8792528314516));
#2985=IFCCARTESIANPOINT((-75.3040824579075,251.1493680300191));
#2986=IFCCARTESIANPOINT((-79.70674275164492,252.00842084083706));
#2987=IFCCARTESIANPOINT((-81.22373847581912,249.5522703398019));
#2988=IFCCARTESIANPOINT((-80.99106229480822,249.29460042342544));
#2989=IFCCARTESIANPOINT((-83.14222382986918,246.4544658716768));
#2990=IFCCARTESIANPOINT((-82.18804621882737,245.60151144955307));
#2991=IFCCARTESIANPOINT((-86.0576854388928,239.89544806070626));
#2992=IFCCARTESIANPOINT((-82.11231504601892,236.96072785928845));
#2993=IFCCARTESIANPOINT((-77.85337580717169,233.78991571906954));
#2994=IFCCARTESIANPOINT((-71.92963209224399,243.0263532595709));
#2995=IFCCARTESIANPOINT((-56.37041859549936,266.7507107714191));
#2996=IFCCARTESIANPOINT((-57.68960911210161,267.8290574559942));
#2997=IFCCARTESIANPOINT((-60.40851382701658,267.3287569861859));
#2998=IFCPOLYLINE((#2971,#2972,#2973,#2974,#2975,#2976,#2977,#2978,#2979,#2980,#2981,#2982,#2983,#2984,#2985,#2986,#2987,#2988,#2989,#2990,#2991,#2992,#2993,#2994,#2995,#2996,#2997,#2971));
#2999=IFCARBITRARYCLOSEDPROFILEDEF(.AREA.,$,#2998);
#3000=IFCEXTRUDEDAREASOLID(#2999,#8,#6,9.);
#3001=IFCSHAPEREPRESENTATION(#11,'Body','SweptSolid',(#3000));
#3002=IFCPRODUCTDEFINITIONSHAPE($,$,(#3001));
#3003=IFCLOCALPLACEMENT(#13,#8);
#3004=IFCBUILDINGELEMENTPROXY('1nnEIbEXwNn7rq3Tx43hh$',$,'Building 55750698',$,$,#3003,#3002,$,.ELEMENT.);
#3005=IFCPROPERTYSINGLEVALUE('osm_id',$,IFCLABEL('way/55750698'),$);
#3006=IFCPROPERTYSINGLEVALUE('height_source',$,IFCLABEL('fallback'),$);
#3007=IFCPROPERTYSINGLEVALUE('height_m',$,IFCREAL(9.),$);
#3008=IFCPROPERTYSET('0HvMxmcmSeWrfu82siAKcs',$,'Pset_SiteContext',$,(#3005,#3006,#3007));
#3009=IFCRELDEFINESBYPROPERTIES('1nrC0CQv6i002NVBD7TKOJ',$,$,$,(#3004),#3008);
#3010=IFCCARTESIANPOINT((-68.40796538221184,240.3175218384713));
#3011=IFCCARTESIANPOINT((-68.65272992150858,239.99705583695322));
#3012=IFCCARTESIANPOINT((-69.91046833840664,237.83900975063443));
#3013=IFCCARTESIANPOINT((-68.97077829472255,237.0084164235741));
#3014=IFCCARTESIANPOINT((-73.85560679098126,230.08749782200903));
#3015=IFCCARTESIANPOINT((-71.33149688143749,228.30981359258294));
#3016=IFCCARTESIANPOINT((-69.16478935535997,226.79082466010004));
#3017=IFCCARTESIANPOINT((-69.1128833227558,226.85711756441742));
#3018=IFCCARTESIANPOINT((-69.03117313922849,226.97876507602632));
#3019=IFCCARTESIANPOINT((-68.94955431751441,227.0892934417352));
#3020=IFCCARTESIANPOINT((-68.875272338395,227.19988208916038));
#3021=IFCCARTESIANPOINT((-66.26237552706152,230.87022023182362));
#3022=IFCCARTESIANPOINT((-64.38423236459494,233.52356539480388));
#3023=IFCCARTESIANPOINT((-62.41722685471177,236.27626026887447));
#3024=IFCPOLYLINE((#3010,#3011,#3012,#3013,#3014,#3015,#3016,#3017,#3018,#3019,#3020,#3021,#3022,#3023,#3010));
#3025=IFCARBITRARYCLOSEDPROFILEDEF(.AREA.,$,#3024);
#3026=IFCEXTRUDEDAREASOLID(#3025,#8,#6,18.);
#3027=IFCSHAPEREPRESENTATION(#11,'Body','SweptSolid',(#3026));
#3028=IFCPRODUCTDEFINITIONSHAPE($,$,(#3027));
#3029=IFCLOCALPLACEMENT(#13,#8);
#3030=IFCBUILDINGELEMENTPROXY('3lN_mCRwLwDZlqq0V0HMgf',$,'Building 55750701',$,$,#3029,#3028,$,.ELEMENT.);
#3031=IFCPROPERTYSINGLEVALUE('osm_id',$,IFCLABEL('way/55750701'),$);
#3032=IFCPROPERTYSINGLEVALUE('height_source',$,IFCLABEL('tag:levels'),$);
#3033=IFCPROPERTYSINGLEVALUE('height_m',$,IFCREAL(18.),$);
#3034=IFCPROPERTYSET('0k17vErXrUU7$Y$z6wE7$q',$,'Pset_SiteContext',$,(#3031,#3032,#3033));
#3035=IFCRELDEFINESBYPROPERTIES('0KyPKf_DqWCWb6VPqQunPP',$,$,$,(#3030),#3034);
#3036=IFCCARTESIANPOINT((-41.432522738701664,291.67004520911723));
#3037=IFCCARTESIANPOINT((-49.12067393865436,277.5330678606406));
#3038=IFCCARTESIANPOINT((-48.48456385836471,274.5810697367415));
#3039=IFCCARTESIANPOINT((-47.230947646196,273.55886313226074));
#3040=IFCCARTESIANPOINT((-30.235179992974736,294.4359223404899));
#3041=IFCCARTESIANPOINT((-32.18085654650349,296.06428201310337));
#3042=IFCCARTESIANPOINT((-30.51971457747277,298.2079053306952));
#3043=IFCCARTESIANPOINT((-28.45637641858775,296.6119399610907));
#3044=IFCCARTESIANPOINT((-24.215121600194834,302.0147558329627));
#3045=IFCCARTESIANPOINT((-32.693861161358654,307.75551219377667));
#3046=IFCPOLYLINE((#3036,#3037,#3038,#3039,#3040,#3041,#3042,#3043,#3044,#3045,#3036));
#3047=IFCARBITRARYCLOSEDPROFILEDEF(.AREA.,$,#3046);
#3048=IFCEXTRUDEDAREASOLID(#3047,#8,#6,21.);
#3049=IFCSHAPEREPRESENTATION(#11,'Body','SweptSolid',(#3048));
#3050=IFCPRODUCTDEFINITIONSHAPE($,$,(#3049));
#3051=IFCLOCALPLACEMENT(#13,#8);
#3052=IFCBUILDINGELEMENTPROXY('0SmY2x2Qq_IXLVWkeSpCjo',$,'Building 55750704',$,$,#3051,#3050,$,.ELEMENT.);
#3053=IFCPROPERTYSINGLEVALUE('osm_id',$,IFCLABEL('way/55750704'),$);
#3054=IFCPROPERTYSINGLEVALUE('height_source',$,IFCLABEL('tag:levels'),$);
#3055=IFCPROPERTYSINGLEVALUE('height_m',$,IFCREAL(21.),$);
#3056=IFCPROPERTYSET('2OifwrBWsoWZIYiH1v3MIz',$,'Pset_SiteContext',$,(#3053,#3054,#3055));
#3057=IFCRELDEFINESBYPROPERTIES('2_jV6xaaD60UgVGIiFL25B',$,$,$,(#3052),#3056);
#3058=IFCCARTESIANPOINT((-47.790687478962354,227.73835674580187));
#3059=IFCCARTESIANPOINT((-48.64398375002202,228.36807885952294));
#3060=IFCCARTESIANPOINT((-50.388414339278825,225.9137886930257));
#3061=IFCCARTESIANPOINT((-44.16359973687213,221.78166503086686));
#3062=IFCCARTESIANPOINT((-39.969010637607425,228.64155632257462));
#3063=IFCCARTESIANPOINT((-43.881193495122716,231.15341879054904));
#3064=IFCCARTESIANPOINT((-41.754279945162125,234.61648082640022));
#3065=IFCCARTESIANPOINT((-44.31663247314282,236.20542800426483));
#3066=IFCCARTESIANPOINT((-53.565450639114715,241.9970148326829));
#3067=IFCCARTESIANPOINT((-58.7547200913541,234.6337880725041));
#3068=IFCCARTESIANPOINT((-62.875074574607424,228.77409079205245));
#3069=IFCCARTESIANPOINT((-62.36369202192873,225.82311696838588));
#3070=IFCCARTESIANPOINT((-60.515965968719684,224.77378748264164));
#3071=IFCCARTESIANPOINT((-56.908188663306646,222.72033009119332));
#3072=IFCCARTESIANPOINT((-53.527090884861536,227.90778954699636));
#3073=IFCCARTESIANPOINT((-53.278368994244374,227.81678746361285));
#3074=IFCCARTESIANPOINT((-49.29291751421988,233.33288258034736));
#3075=IFCCARTESIANPOINT((-47.46096101787407,232.15024794265628));
#3076=IFCCARTESIANPOINT((-47.01518072304316,232.82490067649633));
#3077=IFCCARTESIANPOINT((-45.19817121163942,231.6090298248455));
#3078=IFCPOLYLINE((#3058,#3059,#3060,#3061,#3062,#3063,#3064,#3065,#3066,#3067,#3068,#3069,#3070,#3071,#3072,#3073,#3074,#3075,#3076,#3077,#3058));
#3079=IFCARBITRARYCLOSEDPROFILEDEF(.AREA.,$,#3078);
#3080=IFCEXTRUDEDAREASOLID(#3079,#8,#6,21.);
#3081=IFCSHAPEREPRESENTATION(#11,'Body','SweptSolid',(#3080));
#3082=IFCPRODUCTDEFINITIONSHAPE($,$,(#3081));
#3083=IFCLOCALPLACEMENT(#13,#8);
#3084=IFCBUILDINGELEMENTPROXY('0Ajf93ZWWXJYZIHgk6w23W',$,'Building 55750705',$,$,#3083,#3082,$,.ELEMENT.);
#3085=IFCPROPERTYSINGLEVALUE('osm_id',$,IFCLABEL('way/55750705'),$);
#3086=IFCPROPERTYSINGLEVALUE('height_source',$,IFCLABEL('tag:levels'),$);
#3087=IFCPROPERTYSINGLEVALUE('height_m',$,IFCREAL(21.),$);
#3088=IFCPROPERTYSET('0EGeBfFSJEZkpJ3jTphmOF',$,'Pset_SiteContext',$,(#3085,#3086,#3087));
#3089=IFCRELDEFINESBYPROPERTIES('0uLLtKoFYYR2AAMsR2blIp',$,$,$,(#3084),#3088);
#3090=IFCCARTESIANPOINT((-13.241723293671384,292.69516986142844));
#3091=IFCCARTESIANPOINT((-17.68858638976235,287.2717941235751));
#3092=IFCCARTESIANPOINT((-12.135658875806257,282.6337016001344));
#3093=IFCCARTESIANPOINT((-24.29145333613269,267.6882460890338));
#3094=IFCCARTESIANPOINT((-30.10860119271092,272.3173989178613));
#3095=IFCCARTESIANPOINT((-36.3719072425738,264.6071315128356));
#3096=IFCCARTESIANPOINT((-31.918978275964037,260.9343641884625));
#3097=IFCCARTESIANPOINT((-26.897515533841215,256.8010174026713));
#3098=IFCCARTESIANPOINT((-21.143682354479097,265.0158718023449));
#3099=IFCCARTESIANPOINT((-16.851383243571036,269.48420121427625));
#3100=IFCCARTESIANPOINT((-3.8973259072517976,283.3556119306013));
#3101=IFCPOLYLINE((#3090,#3091,#3092,#3093,#3094,#3095,#3096,#3097,#3098,#3099,#3100,#3090));
#3102=IFCARBITRARYCLOSEDPROFILEDEF(.AREA.,$,#3101);
#3103=IFCEXTRUDEDAREASOLID(#3102,#8,#6,15.);
#3104=IFCSHAPEREPRESENTATION(#11,'Body','SweptSolid',(#3103));
#3105=IFCPRODUCTDEFINITIONSHAPE($,$,(#3104));
#3106=IFCLOCALPLACEMENT(#13,#8);
#3107=IFCBUILDINGELEMENTPROXY('0f$ENESjGmPMVgCATB74od',$,'Building 55750708',$,$,#3106,#3105,$,.ELEMENT.);
#3108=IFCPROPERTYSINGLEVALUE('osm_id',$,IFCLABEL('way/55750708'),$);
#3109=IFCPROPERTYSINGLEVALUE('height_source',$,IFCLABEL('tag:levels'),$);
#3110=IFCPROPERTYSINGLEVALUE('height_m',$,IFCREAL(15.),$);
#3111=IFCPROPERTYSET('2WQfd_Jv1DAXXunass_YIy',$,'Pset_SiteContext',$,(#3108,#3109,#3110));
#3112=IFCRELDEFINESBYPROPERTIES('0uGezxvlD78ewmorZdrSq7',$,$,$,(#3107),#3111);
#3113=IFCCARTESIANPOINT((-18.14230458869133,301.7202712809667));
#3114=IFCCARTESIANPOINT((-18.841815082007088,300.52506312634796));
#3115=IFCCARTESIANPOINT((-13.56249653256964,296.52304879389703));
#3116=IFCCARTESIANPOINT((-13.242909839842469,297.0208216207102));
#3117=IFCCARTESIANPOINT((-13.410140339285135,298.10082460194826));
#3118=IFCPOLYLINE((#3113,#3114,#3115,#3116,#3117,#3113));
#3119=IFCARBITRARYCLOSEDPROFILEDEF(.AREA.,$,#3118);
#3120=IFCEXTRUDEDAREASOLID(#3119,#8,#6,9.);
#3121=IFCSHAPEREPRESENTATION(#11,'Body','SweptSolid',(#3120));
#3122=IFCPRODUCTDEFINITIONSHAPE($,$,(#3121));
#3123=IFCLOCALPLACEMENT(#13,#8);
#3124=IFCBUILDINGELEMENTPROXY('31wc9MFtbM18i8v4i2snMV',$,'Building 55750716',$,$,#3123,#3122,$,.ELEMENT.);
#3125=IFCPROPERTYSINGLEVALUE('osm_id',$,IFCLABEL('way/55750716'),$);
#3126=IFCPROPERTYSINGLEVALUE('height_source',$,IFCLABEL('fallback'),$);
#3127=IFCPROPERTYSINGLEVALUE('height_m',$,IFCREAL(9.),$);
#3128=IFCPROPERTYSET('0T3PQcVXwOHnlet8IDWdnG',$,'Pset_SiteContext',$,(#3125,#3126,#3127));
#3129=IFCRELDEFINESBYPROPERTIES('2zZBSqjXR9vKys9rypsnbb',$,$,$,(#3124),#3128);
#3130=IFCCARTESIANPOINT((-50.388414339278825,225.9137886930257));
#3131=IFCCARTESIANPOINT((-53.278368994244374,227.81678746361285));
#3132=IFCCARTESIANPOINT((-53.527090884861536,227.90778954699636));
#3133=IFCCARTESIANPOINT((-56.908188663306646,222.72033009119332));
#3134=IFCCARTESIANPOINT((-52.77498690003995,220.3178426157683));
#3135=IFCCARTESIANPOINT((-47.08633766649291,217.01299214363098));
#3136=IFCCARTESIANPOINT((-44.16359973687213,221.78166503086686));
#3137=IFCPOLYLINE((#3130,#3131,#3132,#3133,#3134,#3135,#3136,#3130));
#3138=IFCARBITRARYCLOSEDPROFILEDEF(.AREA.,$,#3137);
#3139=IFCEXTRUDEDAREASOLID(#3138,#8,#6,15.);
#3140=IFCSHAPEREPRESENTATION(#11,'Body','SweptSolid',(#3139));
#3141=IFCPRODUCTDEFINITIONSHAPE($,$,(#3140));
#3142=IFCLOCALPLACEMENT(#13,#8);
#3143=IFCBUILDINGELEMENTPROXY('1fTK1GlL1y5cm_P1rTPlKh',$,'Building 55750717',$,$,#3142,#3141,$,.ELEMENT.);
#3144=IFCPROPERTYSINGLEVALUE('osm_id',$,IFCLABEL('way/55750717'),$);
#3145=IFCPROPERTYSINGLEVALUE('height_source',$,IFCLABEL('tag:levels'),$);
#3146=IFCPROPERTYSINGLEVALUE('height_m',$,IFCREAL(15.),$);
#3147=IFCPROPERTYSET('2i2IZl$muFXfgN4zPDwT2h',$,'Pset_SiteContext',$,(#3144,#3145,#3146));
#3148=IFCRELDEFINESBYPROPERTIES('1Z4X$rLjOCagqEo7dJ_iIf',$,$,$,(#3143),#3147);
#3149=IFCCARTESIANPOINT((-35.76994014962111,220.8565102238208));
#3150=IFCCARTESIANPOINT((-36.80020290007815,220.4868928939104));
#3151=IFCCARTESIANPOINT((-38.902532990672626,221.80518281739205));
#3152=IFCCARTESIANPOINT((-39.251995330676436,223.0312408870086));
#3153=IFCCARTESIANPOINT((-36.695071388734505,227.0356486076489));
#3154=IFCCARTESIANPOINT((-39.969010637607425,228.64155632257462));
#3155=IFCCARTESIANPOINT((-44.16359973687213,221.78166503086686));
#3156=IFCCARTESIANPOINT((-47.08633766649291,217.01299214363098));
#3157=IFCCARTESIANPOINT((-42.82161222479772,214.54271243326366));
#3158=IFCCARTESIANPOINT((-35.40224102092907,210.23399097658694));
#3159=IFCCARTESIANPOINT((-28.406061499146745,221.40764754917473));
#3160=IFCCARTESIANPOINT((-30.19327392510604,222.67886783834547));
#3161=IFCCARTESIANPOINT((-31.86706845148001,219.8903954848647));
#3162=IFCCARTESIANPOINT((-33.78499859687872,219.53918523993343));
#3163=IFCPOLYLINE((#3149,#3150,#3151,#3152,#3153,#3154,#3155,#3156,#3157,#3158,#3159,#3160,#3161,#3162,#3149));
#3164=IFCARBITRARYCLOSEDPROFILEDEF(.AREA.,$,#3163);
#3165=IFCEXTRUDEDAREASOLID(#3164,#8,#6,24.);
#3166=IFCSHAPEREPRESENTATION(#11,'Body','SweptSolid',(#3165));
#3167=IFCPRODUCTDEFINITIONSHAPE($,$,(#3166));
#3168=IFCLOCALPLACEMENT(#13,#8);
#3169=IFCBUILDINGELEMENTPROXY('3hlmF3aqIJ$rixTQu9jO8n',$,'Building 55750718',$,$,#3168,#3167,$,.ELEMENT.);
#3170=IFCPROPERTYSINGLEVALUE('osm_id',$,IFCLABEL('way/55750718'),$);
#3171=IFCPROPERTYSINGLEVALUE('height_source',$,IFCLABEL('tag:levels'),$);
#3172=IFCPROPERTYSINGLEVALUE('height_m',$,IFCREAL(24.),$);
#3173=IFCPROPERTYSET('0H6JVOPpjs1KD76SsqrFJI',$,'Pset_SiteContext',$,(#3170,#3171,#3172));
#3174=IFCRELDEFINESBYPROPERTIES('0S9nmVnkCTbnuYlMDVke_C',$,$,$,(#3169),#3173);
#3175=IFCCARTESIANPOINT((-16.851383243571036,269.48420121427625));
#3176=IFCCARTESIANPOINT((-4.89480233262293,262.83646055404097));
#3177=IFCCARTESIANPOINT((1.169343487243168,279.36647650413215));
#3178=IFCCARTESIANPOINT((1.9047674731118605,281.3620250793174));
#3179=IFCCARTESIANPOINT((-3.6100058960728347,283.4978131465614));
#3180=IFCCARTESIANPOINT((-3.8973259072517976,283.3556119306013));
#3181=IFCPOLYLINE((#3175,#3176,#3177,#3178,#3179,#3180,#3175));
#3182=IFCARBITRARYCLOSEDPROFILEDEF(.AREA.,$,#3181);
#3183=IFCEXTRUDEDAREASOLID(#3182,#8,#6,24.);
#3184=IFCSHAPEREPRESENTATION(#11,'Body','SweptSolid',(#3183));
#3185=IFCPRODUCTDEFINITIONSHAPE($,$,(#3184));
#3186=IFCLOCALPLACEMENT(#13,#8);
#3187=IFCBUILDINGELEMENTPROXY('2AxGjc0JDlWEUp9AsUczUh',$,'Building 55750728',$,$,#3186,#3185,$,.ELEMENT.);
#3188=IFCPROPERTYSINGLEVALUE('osm_id',$,IFCLABEL('way/55750728'),$);
#3189=IFCPROPERTYSINGLEVALUE('height_source',$,IFCLABEL('tag:levels'),$);
#3190=IFCPROPERTYSINGLEVALUE('height_m',$,IFCREAL(24.),$);
#3191=IFCPROPERTYSET('2hctldJHyhs90pJEtp_e2H',$,'Pset_SiteContext',$,(#3188,#3189,#3190));
#3192=IFCRELDEFINESBYPROPERTIES('2wozoevd4_RjFHW2YXbByk',$,$,$,(#3187),#3191);
#3193=IFCCARTESIANPOINT((-12.44379039783962,311.2477395553142));
#3194=IFCCARTESIANPOINT((-15.241277348948643,306.53361932374537));
#3195=IFCCARTESIANPOINT((-9.515789169003256,302.36114815436304));
#3196=IFCCARTESIANPOINT((-7.153411229723133,301.44105046708137));
#3197=IFCCARTESIANPOINT((-9.569860617513768,294.87789739016443));
#3198=IFCCARTESIANPOINT((-12.029443664010614,295.57639566715807));
#3199=IFCCARTESIANPOINT((-12.455522845033556,295.513172919862));
#3200=IFCCARTESIANPOINT((-13.8669353852747,293.4008547142148));
#3201=IFCCARTESIANPOINT((-13.241723293671384,292.69516986142844));
#3202=IFCCARTESIANPOINT((-3.8973259072517976,283.3556119306013));
#3203=IFCCARTESIANPOINT((-3.6100058960728347,283.4978131465614));
#3204=IFCCARTESIANPOINT((1.9047674731118605,281.3620250793174));
#3205=IFCCARTESIANPOINT((5.815066076000221,292.03841070923954));
#3206=IFCCARTESIANPOINT((9.905354385846294,303.19147918745875));
#3207=IFCPOLYLINE((#3193,#3194,#3195,#3196,#3197,#3198,#3199,#3200,#3201,#3202,#3203,#3204,#3205,#3206,#3193));
#3208=IFCARBITRARYCLOSEDPROFILEDEF(.AREA.,$,#3207);
#3209=IFCEXTRUDEDAREASOLID(#3208,#8,#6,9.);
#3210=IFCSHAPEREPRESENTATION(#11,'Body','SweptSolid',(#3209));
#3211=IFCPRODUCTDEFINITIONSHAPE($,$,(#3210));
#3212=IFCLOCALPLACEMENT(#13,#8);
#3213=IFCBUILDINGELEMENTPROXY('1RjlQKvEAz0s7MERB0IRw8',$,'Building 55750734',$,$,#3212,#3211,$,.ELEMENT.);
#3214=IFCPROPERTYSINGLEVALUE('osm_id',$,IFCLABEL('way/55750734'),$);
#3215=IFCPROPERTYSINGLEVALUE('height_source',$,IFCLABEL('fallback'),$);
#3216=IFCPROPERTYSINGLEVALUE('height_m',$,IFCREAL(9.),$);
#3217=IFCPROPERTYSET('0FL32KaOybsYakPehJGANp',$,'Pset_SiteContext',$,(#3214,#3215,#3216));
#3218=IFCRELDEFINESBYPROPERTIES('1vP26wYb7LXBpcDOiBuK8B',$,$,$,(#3213),#3217);
#3219=IFCCARTESIANPOINT((-28.45637641858775,296.6119399610907));
#3220=IFCCARTESIANPOINT((-30.235179992974736,294.4359223404899));
#3221=IFCCARTESIANPOINT((-47.230947646196,273.55886313226074));
#3222=IFCCARTESIANPOINT((-41.34218153753318,268.7178267398849));
#3223=IFCCARTESIANPOINT((-40.853903788141906,268.31350080203265));
#3224=IFCCARTESIANPOINT((-36.3719072425738,264.6071315128356));
#3225=IFCCARTESIANPOINT((-30.10860119271092,272.3173989178613));
#3226=IFCCARTESIANPOINT((-36.18721610691864,277.2711817929521));
#3227=IFCCARTESIANPOINT((-30.98412696120795,283.64464608673006));
#3228=IFCCARTESIANPOINT((-29.693917117197998,282.6110228821635));
#3229=IFCCARTESIANPOINT((-28.788447966100648,282.0809540366754));
#3230=IFCCARTESIANPOINT((-27.6906708489405,281.7383449524641));
#3231=IFCCARTESIANPOINT((-26.533195379772224,281.5175649225712));
#3232=IFCCARTESIANPOINT((-25.05080257181544,281.54987566545606));
#3233=IFCCARTESIANPOINT((-23.786961272824556,281.7730191061273));
#3234=IFCCARTESIANPOINT((-22.763316808617674,282.2316523781046));
#3235=IFCCARTESIANPOINT((-21.789295787224546,282.9019712796435));
#3236=IFCCARTESIANPOINT((-20.827393055078574,283.88374705798924));
#3237=IFCCARTESIANPOINT((-20.179876422625966,285.0015422804281));
#3238=IFCCARTESIANPOINT((-19.827199611696415,285.9549590693787));
#3239=IFCCARTESIANPOINT((-19.784857360529713,286.64404543396086));
#3240=IFCCARTESIANPOINT((-20.184820036403835,287.0810044705868));
#3241=IFCCARTESIANPOINT((-19.08793609892018,288.4175094999373));
#3242=IFCCARTESIANPOINT((-17.68858638976235,287.2717941235751));
#3243=IFCCARTESIANPOINT((-13.241723293671384,292.69516986142844));
#3244=IFCCARTESIANPOINT((-13.8669353852747,293.4008547142148));
#3245=IFCCARTESIANPOINT((-12.455522845033556,295.513172919862));
#3246=IFCCARTESIANPOINT((-13.56249653256964,296.52304879389703));
#3247=IFCCARTESIANPOINT((-18.841815082007088,300.52506312634796));
#3248=IFCCARTESIANPOINT((-18.14230458869133,301.7202712809667));
#3249=IFCCARTESIANPOINT((-16.50458457309287,304.5868846140802));
#3250=IFCCARTESIANPOINT((-29.989821042050608,312.70390931144357));
#3251=IFCCARTESIANPOINT((-31.636160301510245,309.6816916754469));
#3252=IFCCARTESIANPOINT((-32.693861161358654,307.75551219377667));
#3253=IFCCARTESIANPOINT((-24.215121600194834,302.0147558329627));
#3254=IFCPOLYLINE((#3219,#3220,#3221,#3222,#3223,#3224,#3225,#3226,#3227,#3228,#3229,#3230,#3231,#3232,#3233,#3234,#3235,#3236,#3237,#3238,#3239,#3240,#3241,#3242,#3243,#3244,#3245,#3246,#3247,#3248,#3249,#3250,#3251,#3252,#3253,#3219));
#3255=IFCARBITRARYCLOSEDPROFILEDEF(.AREA.,$,#3254);
#3256=IFCEXTRUDEDAREASOLID(#3255,#8,#6,18.);
#3257=IFCSHAPEREPRESENTATION(#11,'Body','SweptSolid',(#3256));
#3258=IFCPRODUCTDEFINITIONSHAPE($,$,(#3257));
#3259=IFCLOCALPLACEMENT(#13,#8);
#3260=IFCBUILDINGELEMENTPROXY('0I_qT_lU6vZrASxKcDTIM6',$,'Building 55750737',$,$,#3259,#3258,$,.ELEMENT.);
#3261=IFCPROPERTYSINGLEVALUE('osm_id',$,IFCLABEL('way/55750737'),$);
#3262=IFCPROPERTYSINGLEVALUE('height_source',$,IFCLABEL('tag:levels'),$);
#3263=IFCPROPERTYSINGLEVALUE('height_m',$,IFCREAL(18.),$);
#3264=IFCPROPERTYSET('2TkQNIvWJ5D0f9FU_HY7al',$,'Pset_SiteContext',$,(#3261,#3262,#3263));
#3265=IFCRELDEFINESBYPROPERTIES('02vcEmRd01PH63MJ6vKW5q',$,$,$,(#3260),#3264);
#3266=IFCCARTESIANPOINT((-45.325426419847645,253.63859307393432));
#3267=IFCCARTESIANPOINT((-49.371198742534034,247.92283169180155));
#3268=IFCCARTESIANPOINT((-53.565450639114715,241.9970148326829));
#3269=IFCCARTESIANPOINT((-44.31663247314282,236.20542800426483));
#3270=IFCCARTESIANPOINT((-34.88805512129329,247.83726008888334));
#3271=IFCCARTESIANPOINT((-40.01902440050617,252.0382320722565));
#3272=IFCCARTESIANPOINT((-42.41685541206971,254.00390431750566));
#3273=IFCPOLYLINE((#3266,#3267,#3268,#3269,#3270,#3271,#3272,#3266));
#3274=IFCARBITRARYCLOSEDPROFILEDEF(.AREA.,$,#3273);
#3275=IFCEXTRUDEDAREASOLID(#3274,#8,#6,21.);
#3276=IFCSHAPEREPRESENTATION(#11,'Body','SweptSolid',(#3275));
#3277=IFCPRODUCTDEFINITIONSHAPE($,$,(#3276));
#3278=IFCLOCALPLACEMENT(#13,#8);
#3279=IFCBUILDINGELEMENTPROXY('0emiyrz_8ST_XsQV69sIDU',$,'Building 55750744',$,$,#3278,#3277,$,.ELEMENT.);
#3280=IFCPROPERTYSINGLEVALUE('osm_id',$,IFCLABEL('way/55750744'),$);
#3281=IFCPROPERTYSINGLEVALUE('height_source',$,IFCLABEL('tag:levels'),$);
#3282=IFCPROPERTYSINGLEVALUE('height_m',$,IFCREAL(21.),$);
#3283=IFCPROPERTYSET('3xNiYqLanqQCC53Tgs64ln',$,'Pset_SiteContext',$,(#3280,#3281,#3282));
#3284=IFCRELDEFINESBYPROPERTIES('0huozUCo36bF7NJvTybyyS',$,$,$,(#3279),#3283);
#3285=IFCCARTESIANPOINT((108.14245227258652,288.7090150145814));
#3286=IFCCARTESIANPOINT((103.070017293212,279.4543031845242));
#3287=IFCCARTESIANPOINT((106.1708516337676,277.3161376295611));
#3288=IFCCARTESIANPOINT((111.43758883827832,287.0029376652092));
#3289=IFCCARTESIANPOINT((108.30358797300141,288.674336287193));
#3290=IFCPOLYLINE((#3285,#3286,#3287,#3288,#3289,#3285));
#3291=IFCARBITRARYCLOSEDPROFILEDEF(.AREA.,$,#3290);
#3292=IFCEXTRUDEDAREASOLID(#3291,#8,#6,18.);
#3293=IFCSHAPEREPRESENTATION(#11,'Body','SweptSolid',(#3292));
#3294=IFCPRODUCTDEFINITIONSHAPE($,$,(#3293));
#3295=IFCLOCALPLACEMENT(#13,#8);
#3296=IFCBUILDINGELEMENTPROXY('0AieL$OxB0PqhVulyFw4EQ',$,'Building 55757959',$,$,#3295,#3294,$,.ELEMENT.);
#3297=IFCPROPERTYSINGLEVALUE('osm_id',$,IFCLABEL('way/55757959'),$);
#3298=IFCPROPERTYSINGLEVALUE('height_source',$,IFCLABEL('tag:levels'),$);
#3299=IFCPROPERTYSINGLEVALUE('height_m',$,IFCREAL(18.),$);
#3300=IFCPROPERTYSET('2aAxw13UjGDfMArmbxN_id',$,'Pset_SiteContext',$,(#3297,#3298,#3299));
#3301=IFCRELDEFINESBYPROPERTIES('0BLQwQcsSvvUjfg9scn7bs',$,$,$,(#3296),#3300);
#3302=IFCCARTESIANPOINT((103.21060370246414,302.00430995132774));
#3303=IFCCARTESIANPOINT((94.01570337044541,285.7110992949456));
#3304=IFCCARTESIANPOINT((99.3490191049641,282.0201040888205));
#3305=IFCCARTESIANPOINT((100.07859955821186,281.51373533997685));
#3306=IFCCARTESIANPOINT((105.29759072163142,290.7450051708147));
#3307=IFCCARTESIANPOINT((108.66053414158523,297.32269689813256));
#3308=IFCCARTESIANPOINT((109.69608838227578,299.23796304967254));
#3309=IFCCARTESIANPOINT((109.54980849917047,299.29475994128734));
#3310=IFCCARTESIANPOINT((108.3579233706696,299.7937919963151));
#3311=IFCPOLYLINE((#3302,#3303,#3304,#3305,#3306,#3307,#3308,#3309,#3310,#3302));
#3312=IFCARBITRARYCLOSEDPROFILEDEF(.AREA.,$,#3311);
#3313=IFCEXTRUDEDAREASOLID(#3312,#8,#6,21.);
#3314=IFCSHAPEREPRESENTATION(#11,'Body','SweptSolid',(#3313));
#3315=IFCPRODUCTDEFINITIONSHAPE($,$,(#3314));
#3316=IFCLOCALPLACEMENT(#13,#8);
#3317=IFCBUILDINGELEMENTPROXY('29SbFsZJweDWM0dVxUJYlF',$,'Building 55757974',$,$,#3316,#3315,$,.ELEMENT.);
#3318=IFCPROPERTYSINGLEVALUE('osm_id',$,IFCLABEL('way/55757974'),$);
#3319=IFCPROPERTYSINGLEVALUE('height_source',$,IFCLABEL('tag:levels'),$);
#3320=IFCPROPERTYSINGLEVALUE('height_m',$,IFCREAL(21.),$);
#3321=IFCPROPERTYSET('2ZXZTERFJwmbl1Imudfequ',$,'Pset_SiteContext',$,(#3318,#3319,#3320));
#3322=IFCRELDEFINESBYPROPERTIES('1ON10pQ9FVTxX41p0GGOS8',$,$,$,(#3317),#3321);
#3323=IFCCARTESIANPOINT((108.66053414158523,297.32269689813256));
#3324=IFCCARTESIANPOINT((105.29759072163142,290.7450051708147));
#3325=IFCCARTESIANPOINT((100.07859955821186,281.51373533997685));
#3326=IFCCARTESIANPOINT((100.57467792567331,281.16495698317885));
#3327=IFCCARTESIANPOINT((103.070017293212,279.4543031845242));
#3328=IFCCARTESIANPOINT((108.14245227258652,288.7090150145814));
#3329=IFCCARTESIANPOINT((108.30358797300141,288.674336287193));
#3330=IFCCARTESIANPOINT((108.52678546193056,289.0505858436227));
#3331=IFCCARTESIANPOINT((106.92667933332268,289.87543685082346));
#3332=IFCCARTESIANPOINT((108.00643802585546,291.81258054077625));
#3333=IFCCARTESIANPOINT((109.51171200245153,291.0552254728973));
#3334=IFCCARTESIANPOINT((109.59305346547626,291.1323989480734));
#3335=IFCCARTESIANPOINT((111.87496163358446,295.61728030536324));
#3336=IFCPOLYLINE((#3323,#3324,#3325,#3326,#3327,#3328,#3329,#3330,#3331,#3332,#3333,#3334,#3335,#3323));
#3337=IFCARBITRARYCLOSEDPROFILEDEF(.AREA.,$,#3336);
#3338=IFCEXTRUDEDAREASOLID(#3337,#8,#6,18.);
#3339=IFCSHAPEREPRESENTATION(#11,'Body','SweptSolid',(#3338));
#3340=IFCPRODUCTDEFINITIONSHAPE($,$,(#3339));
#3341=IFCLOCALPLACEMENT(#13,#8);
#3342=IFCBUILDINGELEMENTPROXY('3BXOc2wAjHyKInZ6iUkEeo',$,'Building 55757983',$,$,#3341,#3340,$,.ELEMENT.);
#3343=IFCPROPERTYSINGLEVALUE('osm_id',$,IFCLABEL('way/55757983'),$);
#3344=IFCPROPERTYSINGLEVALUE('height_source',$,IFCLABEL('tag:levels'),$);
#3345=IFCPROPERTYSINGLEVALUE('height_m',$,IFCREAL(18.),$);
#3346=IFCPROPERTYSET('1tNKg7G6Ge69yuC6BtAt7q',$,'Pset_SiteContext',$,(#3343,#3344,#3345));
#3347=IFCRELDEFINESBYPROPERTIES('0rOTQNPtUsJFTBVXbg3VDF',$,$,$,(#3342),#3346);
#3348=IFCCARTESIANPOINT((106.1708516337676,277.3161376295611));
#3349=IFCCARTESIANPOINT((110.33648692630231,274.39086493477225));
#3350=IFCCARTESIANPOINT((110.89590247359592,274.60868388134986));
#3351=IFCCARTESIANPOINT((113.94582462788094,281.48917731270194));
#3352=IFCCARTESIANPOINT((115.28376914863475,284.49171936977655));
#3353=IFCCARTESIANPOINT((115.5913673347095,284.4224824178964));
#3354=IFCCARTESIANPOINT((115.65921833808534,284.6443250803277));
#3355=IFCCARTESIANPOINT((111.43758883827832,287.0029376652092));
#3356=IFCPOLYLINE((#3348,#3349,#3350,#3351,#3352,#3353,#3354,#3355,#3348));
#3357=IFCARBITRARYCLOSEDPROFILEDEF(.AREA.,$,#3356);
#3358=IFCEXTRUDEDAREASOLID(#3357,#8,#6,18.);
#3359=IFCSHAPEREPRESENTATION(#11,'Body','SweptSolid',(#3358));
#3360=IFCPRODUCTDEFINITIONSHAPE($,$,(#3359));
#3361=IFCLOCALPLACEMENT(#13,#8);
#3362=IFCBUILDINGELEMENTPROXY('3z4tepMGfxO$1f$M_iXScv',$,'Building 55758007',$,$,#3361,#3360,$,.ELEMENT.);
#3363=IFCPROPERTYSINGLEVALUE('osm_id',$,IFCLABEL('way/55758007'),$);
#3364=IFCPROPERTYSINGLEVALUE('height_source',$,IFCLABEL('tag:levels'),$);
#3365=IFCPROPERTYSINGLEVALUE('height_m',$,IFCREAL(18.),$);
#3366=IFCPROPERTYSET('3RN77YFW2DUTP_Zb6ivM31',$,'Pset_SiteContext',$,(#3363,#3364,#3365));
#3367=IFCRELDEFINESBYPROPERTIES('3AlJl8hmJ4SkEblLlncci3',$,$,$,(#3362),#3366);
#3368=IFCCARTESIANPOINT((64.61060493101832,226.92753330245614));
#3369=IFCCARTESIANPOINT((67.63491008826531,232.46270283684134));
#3370=IFCCARTESIANPOINT((70.83178232889622,238.46349608059973));
#3371=IFCCARTESIANPOINT((56.893665118608624,246.8620195677504));
#3372=IFCCARTESIANPOINT((53.20384891156573,240.69847485329956));
#3373=IFCCARTESIANPOINT((60.65401870338246,235.6668301485479));
#3374=IFCCARTESIANPOINT((54.928986503276974,225.5835187388584));
#3375=IFCCARTESIANPOINT((53.865735286381096,226.55966297257692));
#3376=IFCCARTESIANPOINT((52.62617632152978,224.82399788498878));
#3377=IFCCARTESIANPOINT((59.316345328697935,218.37523426674306));
#3378=IFCPOLYLINE((#3368,#3369,#3370,#3371,#3372,#3373,#3374,#3375,#3376,#3377,#3368));
#3379=IFCARBITRARYCLOSEDPROFILEDEF(.AREA.,$,#3378);
#3380=IFCEXTRUDEDAREASOLID(#3379,#8,#6,9.);
#3381=IFCSHAPEREPRESENTATION(#11,'Body','SweptSolid',(#3380));
#3382=IFCPRODUCTDEFINITIONSHAPE($,$,(#3381));
#3383=IFCLOCALPLACEMENT(#13,#8);
#3384=IFCBUILDINGELEMENTPROXY('1IVT5GNiVO$ALbcxBVnH8s',$,'Building 55760869',$,$,#3383,#3382,$,.ELEMENT.);
#3385=IFCPROPERTYSINGLEVALUE('osm_id',$,IFCLABEL('way/55760869'),$);
#3386=IFCPROPERTYSINGLEVALUE('height_source',$,IFCLABEL('fallback'),$);
#3387=IFCPROPERTYSINGLEVALUE('height_m',$,IFCREAL(9.),$);
#3388=IFCPROPERTYSET('2T4iPInGMBB2WV7H8cQDh9',$,'Pset_SiteContext',$,(#3385,#3386,#3387));
#3389=IFCRELDEFINESBYPROPERTIES('1it6JLQWcETuNX5jeCWdAW',$,$,$,(#3384),#3388);
#3390=IFCCARTESIANPOINT((80.33588552416768,238.7414810983464));
#3391=IFCCARTESIANPOINT((76.74447449634317,241.00599696021527));
#3392=IFCCARTESIANPOINT((73.17243524175137,242.94787942711264));
#3393=IFCCARTESIANPOINT((70.83178232889622,238.46349608059973));
#3394=IFCCARTESIANPOINT((67.63491008826531,232.46270283684134));
#3395=IFCCARTESIANPOINT((72.47800709796138,229.8320910334587));
#3396=IFCCARTESIANPOINT((72.93083710270002,230.47333543840796));
#3397=IFCCARTESIANPOINT((77.15135932411067,227.08055491838604));
#3398=IFCCARTESIANPOINT((77.46192526002415,226.47753673046827));
#3399=IFCCARTESIANPOINT((84.48167979274876,220.84897482208908));
#3400=IFCCARTESIANPOINT((86.65576704905834,225.60160456318408));
#3401=IFCCARTESIANPOINT((89.44257995439693,231.70584484934807));
#3402=IFCPOLYLINE((#3390,#3391,#3392,#3393,#3394,#3395,#3396,#3397,#3398,#3399,#3400,#3401,#3390));
#3403=IFCARBITRARYCLOSEDPROFILEDEF(.AREA.,$,#3402);
#3404=IFCEXTRUDEDAREASOLID(#3403,#8,#6,18.);
#3405=IFCSHAPEREPRESENTATION(#11,'Body','SweptSolid',(#3404));
#3406=IFCPRODUCTDEFINITIONSHAPE($,$,(#3405));
#3407=IFCLOCALPLACEMENT(#13,#8);
#3408=IFCBUILDINGELEMENTPROXY('39j1a8Yb5kuvWHze2JtOvZ',$,'Building 55760870',$,$,#3407,#3406,$,.ELEMENT.);
#3409=IFCPROPERTYSINGLEVALUE('osm_id',$,IFCLABEL('way/55760870'),$);
#3410=IFCPROPERTYSINGLEVALUE('height_source',$,IFCLABEL('tag:levels'),$);
#3411=IFCPROPERTYSINGLEVALUE('height_m',$,IFCREAL(18.),$);
#3412=IFCPROPERTYSET('0ECLuYH3AjNmOfjqEBkDPS',$,'Pset_SiteContext',$,(#3409,#3410,#3411));
#3413=IFCRELDEFINESBYPROPERTIES('2_16C7bKr$qJe6wBKPHmzp',$,$,$,(#3408),#3412);
#3414=IFCCARTESIANPOINT((100.11894968512934,264.9336360041052));
#3415=IFCCARTESIANPOINT((95.0975486820098,268.18839984573424));
#3416=IFCCARTESIANPOINT((93.15196398028638,264.4569250186905));
#3417=IFCCARTESIANPOINT((91.57283804833423,262.4682740792632));
#3418=IFCCARTESIANPOINT((86.54295716842171,253.93602315988392));
#3419=IFCCARTESIANPOINT((89.83528474881314,251.88524030987173));
#3420=IFCCARTESIANPOINT((88.42777600314002,249.35031009465456));
#3421=IFCCARTESIANPOINT((95.4934834750602,244.85561344306916));
#3422=IFCCARTESIANPOINT((101.46392826794181,258.03940794989467));
#3423=IFCCARTESIANPOINT((104.16148562461603,263.99982873816043));
#3424=IFCCARTESIANPOINT((103.3418769275304,266.9533114647493));
#3425=IFCCARTESIANPOINT((101.81731800211128,268.04442277457565));
#3426=IFCCARTESIANPOINT((101.54015863442328,268.2468500211835));
#3427=IFCPOLYLINE((#3414,#3415,#3416,#3417,#3418,#3419,#3420,#3421,#3422,#3423,#3424,#3425,#3426,#3414));
#3428=IFCARBITRARYCLOSEDPROFILEDEF(.AREA.,$,#3427);
#3429=IFCEXTRUDEDAREASOLID(#3428,#8,#6,18.);
#3430=IFCSHAPEREPRESENTATION(#11,'Body','SweptSolid',(#3429));
#3431=IFCPRODUCTDEFINITIONSHAPE($,$,(#3430));
#3432=IFCLOCALPLACEMENT(#13,#8);
#3433=IFCBUILDINGELEMENTPROXY('2rgf1mVeNoVQHrc0W$O04v',$,'Building 55760871',$,$,#3432,#3431,$,.ELEMENT.);
#3434=IFCPROPERTYSINGLEVALUE('osm_id',$,IFCLABEL('way/55760871'),$);
#3435=IFCPROPERTYSINGLEVALUE('height_source',$,IFCLABEL('tag:levels'),$);
#3436=IFCPROPERTYSINGLEVALUE('height_m',$,IFCREAL(18.),$);
#3437=IFCPROPERTYSET('1edgJkCGl889OFbWg8AjaS',$,'Pset_SiteContext',$,(#3434,#3435,#3436));
#3438=IFCRELDEFINESBYPROPERTIES('2wgHqbKZ_k9oKMsUaDJ1m5',$,$,$,(#3433),#3437);
#3439=IFCCARTESIANPOINT((25.435502650099806,233.95393446926028));
#3440=IFCCARTESIANPOINT((30.549087289720774,232.09946214873344));
#3441=IFCCARTESIANPOINT((35.272560873650946,239.0440305341035));
#3442=IFCCARTESIANPOINT((27.057023051194847,245.58317012991756));
#3443=IFCCARTESIANPOINT((27.836232535075396,246.65541089512408));
#3444=IFCCARTESIANPOINT((28.296403039596044,247.29659173823893));
#3445=IFCCARTESIANPOINT((24.69886595988646,249.70574912056327));
#3446=IFCCARTESIANPOINT((15.099891445133835,256.6454474935308));
#3447=IFCCARTESIANPOINT((14.209999916376546,257.28658052627));
#3448=IFCCARTESIANPOINT((12.75346292287577,253.25088419765234));
#3449=IFCCARTESIANPOINT((7.956155247054994,239.99083720240742));
#3450=IFCPOLYLINE((#3439,#3440,#3441,#3442,#3443,#3444,#3445,#3446,#3447,#3448,#3449,#3439));
#3451=IFCARBITRARYCLOSEDPROFILEDEF(.AREA.,$,#3450);
#3452=IFCEXTRUDEDAREASOLID(#3451,#8,#6,21.);
#3453=IFCSHAPEREPRESENTATION(#11,'Body','SweptSolid',(#3452));
#3454=IFCPRODUCTDEFINITIONSHAPE($,$,(#3453));
#3455=IFCLOCALPLACEMENT(#13,#8);
#3456=IFCBUILDINGELEMENTPROXY('2wKbs2jgJJmL3YjKwUxPZW',$,'Building 55760872',$,$,#3455,#3454,$,.ELEMENT.);
#3457=IFCPROPERTYSINGLEVALUE('osm_id',$,IFCLABEL('way/55760872'),$);
#3458=IFCPROPERTYSINGLEVALUE('height_source',$,IFCLABEL('tag:levels'),$);
#3459=IFCPROPERTYSINGLEVALUE('height_m',$,IFCREAL(21.),$);
#3460=IFCPROPERTYSET('3lx40OCd$zTefX6RkBR6Pi',$,'Pset_SiteContext',$,(#3457,#3458,#3459));
#3461=IFCRELDEFINESBYPROPERTIES('347dl2ZuwqvO3E0P5NaYgT',$,$,$,(#3456),#3460);
#3462=IFCCARTESIANPOINT((95.0975486820098,268.18839984573424));
#3463=IFCCARTESIANPOINT((100.11894968512934,264.9336360041052));
#3464=IFCCARTESIANPOINT((101.54015863442328,268.2468500211835));
#3465=IFCCARTESIANPOINT((97.60032485495321,270.9701219415292));
#3466=IFCCARTESIANPOINT((96.65916008548811,271.62278203479946));
#3467=IFCPOLYLINE((#3462,#3463,#3464,#3465,#3466,#3462));
#3468=IFCARBITRARYCLOSEDPROFILEDEF(.AREA.,$,#3467);
#3469=IFCEXTRUDEDAREASOLID(#3468,#8,#6,18.);
#3470=IFCSHAPEREPRESENTATION(#11,'Body','SweptSolid',(#3469));
#3471=IFCPRODUCTDEFINITIONSHAPE($,$,(#3470));
#3472=IFCLOCALPLACEMENT(#13,#8);
#3473=IFCBUILDINGELEMENTPROXY('02aeEPVTa_EOAfn7TRjQmH',$,'Building 55760874',$,$,#3472,#3471,$,.ELEMENT.);
#3474=IFCPROPERTYSINGLEVALUE('osm_id',$,IFCLABEL('way/55760874'),$);
#3475=IFCPROPERTYSINGLEVALUE('height_source',$,IFCLABEL('tag:levels'),$);
#3476=IFCPROPERTYSINGLEVALUE('height_m',$,IFCREAL(18.),$);
#3477=IFCPROPERTYSET('385TOSExLf0eghCyBREDiU',$,'Pset_SiteContext',$,(#3474,#3475,#3476));
#3478=IFCRELDEFINESBYPROPERTIES('3LVJpdyLd2Yei6psw5lXw2',$,$,$,(#3473),#3477);
#3479=IFCCARTESIANPOINT((-8.932411164860241,142.7636167202145));
#3480=IFCCARTESIANPOINT((-15.938008764758706,142.96566622145474));
#3481=IFCCARTESIANPOINT((-14.506447449908592,146.6346007315442));
#3482=IFCCARTESIANPOINT((-8.145608532940969,144.75874036364257));
#3483=IFCCARTESIANPOINT((-6.131096654688008,149.72392049245536));
#3484=IFCCARTESIANPOINT((-14.625555578735657,152.6847979966551));
#3485=IFCCARTESIANPOINT((-22.849087091279216,155.57674490939826));
#3486=IFCCARTESIANPOINT((-26.61702123458963,145.2772968877107));
#3487=IFCCARTESIANPOINT((-27.09735624899622,143.96909301821142));
#3488=IFCCARTESIANPOINT((-15.053085030638613,140.82338507845998));
#3489=IFCCARTESIANPOINT((-10.191387725062668,139.5603000363335));
#3490=IFCPOLYLINE((#3479,#3480,#3481,#3482,#3483,#3484,#3485,#3486,#3487,#3488,#3489,#3479));
#3491=IFCARBITRARYCLOSEDPROFILEDEF(.AREA.,$,#3490);
#3492=IFCEXTRUDEDAREASOLID(#3491,#8,#6,21.);
#3493=IFCSHAPEREPRESENTATION(#11,'Body','SweptSolid',(#3492));
#3494=IFCPRODUCTDEFINITIONSHAPE($,$,(#3493));
#3495=IFCLOCALPLACEMENT(#13,#8);
#3496=IFCBUILDINGELEMENTPROXY('1EvAUipgKlFnuRkCcG8rS4',$,'Building 55760875',$,$,#3495,#3494,$,.ELEMENT.);
#3497=IFCPROPERTYSINGLEVALUE('osm_id',$,IFCLABEL('way/55760875'),$);
#3498=IFCPROPERTYSINGLEVALUE('height_source',$,IFCLABEL('tag:levels'),$);
#3499=IFCPROPERTYSINGLEVALUE('height_m',$,IFCREAL(21.),$);
#3500=IFCPROPERTYSET('1qPyIAeGigSdIGVTA_KgXw',$,'Pset_SiteContext',$,(#3497,#3498,#3499));
#3501=IFCRELDEFINESBYPROPERTIES('3RPS8UIFNCayG5HpqO$7lh',$,$,$,(#3496),#3500);
#3502=IFCCARTESIANPOINT((56.992916904739104,291.2073633754626));
#3503=IFCCARTESIANPOINT((67.61123824911192,284.2037814985961));
#3504=IFCCARTESIANPOINT((68.26443474367261,285.12138173822314));
#3505=IFCCARTESIANPOINT((72.35485563194379,291.82653128914535));
#3506=IFCCARTESIANPOINT((67.0129538893234,295.36194356903434));
#3507=IFCCARTESIANPOINT((61.8534751891857,298.7735472647473));
#3508=IFCCARTESIANPOINT((59.14084754465148,294.5590922534466));
#3509=IFCPOLYLINE((#3502,#3503,#3504,#3505,#3506,#3507,#3508,#3502));
#3510=IFCARBITRARYCLOSEDPROFILEDEF(.AREA.,$,#3509);
#3511=IFCEXTRUDEDAREASOLID(#3510,#8,#6,15.);
#3512=IFCSHAPEREPRESENTATION(#11,'Body','SweptSolid',(#3511));
#3513=IFCPRODUCTDEFINITIONSHAPE($,$,(#3512));
#3514=IFCLOCALPLACEMENT(#13,#8);
#3515=IFCBUILDINGELEMENTPROXY('0qiBKSzfEvk3LVvV8txE2l',$,'Building 55760876',$,$,#3514,#3513,$,.ELEMENT.);
#3516=IFCPROPERTYSINGLEVALUE('osm_id',$,IFCLABEL('way/55760876'),$);
#3517=IFCPROPERTYSINGLEVALUE('height_source',$,IFCLABEL('tag:levels'),$);
#3518=IFCPROPERTYSINGLEVALUE('height_m',$,IFCREAL(15.),$);
#3519=IFCPROPERTYSET('3tLMpHBYtRiXSm__DaDMVz',$,'Pset_SiteContext',$,(#3516,#3517,#3518));
#3520=IFCRELDEFINESBYPROPERTIES('1y$F4hKv31ER9MYuz9Jhaz',$,$,$,(#3515),#3519);
#3521=IFCCARTESIANPOINT((53.75827525567729,175.84271206799895));
#3522=IFCCARTESIANPOINT((52.34034178266302,173.83051219768822));
#3523=IFCCARTESIANPOINT((51.71907394262962,174.12472085561603));
#3524=IFCCARTESIANPOINT((51.30456209508702,173.6833223439753));
#3525=IFCCARTESIANPOINT((49.87454763462301,174.67359252739698));
#3526=IFCCARTESIANPOINT((48.34537417581305,172.51774676237255));
#3527=IFCCARTESIANPOINT((44.63868700445164,166.9881827812642));
#3528=IFCCARTESIANPOINT((47.73623387143016,165.33929030038416));
#3529=IFCCARTESIANPOINT((55.31217956240289,161.3185215787962));
#3530=IFCCARTESIANPOINT((56.93396057910286,160.44900022353977));
#3531=IFCCARTESIANPOINT((57.47957864613272,161.66771700792015));
#3532=IFCCARTESIANPOINT((61.550995898782276,170.51914746779948));
#3533=IFCPOLYLINE((#3521,#3522,#3523,#3524,#3525,#3526,#3527,#3528,#3529,#3530,#3531,#3532,#3521));
#3534=IFCARBITRARYCLOSEDPROFILEDEF(.AREA.,$,#3533);
#3535=IFCEXTRUDEDAREASOLID(#3534,#8,#6,18.);
#3536=IFCSHAPEREPRESENTATION(#11,'Body','SweptSolid',(#3535));
#3537=IFCPRODUCTDEFINITIONSHAPE($,$,(#3536));
#3538=IFCLOCALPLACEMENT(#13,#8);
#3539=IFCBUILDINGELEMENTPROXY('2rpAk45Y8wY5qcdOCK1jOB',$,'duO',$,$,#3538,#3537,$,.ELEMENT.);
#3540=IFCPROPERTYSINGLEVALUE('osm_id',$,IFCLABEL('way/55760877'),$);
#3541=IFCPROPERTYSINGLEVALUE('height_source',$,IFCLABEL('tag:levels'),$);
#3542=IFCPROPERTYSINGLEVALUE('height_m',$,IFCREAL(18.),$);
#3543=IFCPROPERTYSET('0l$u10O_n1qoDF2zgy$zX0',$,'Pset_SiteContext',$,(#3540,#3541,#3542));
#3544=IFCRELDEFINESBYPROPERTIES('1rbXlcgabhHAEeNQCh74Gu',$,$,$,(#3539),#3543);
#3545=IFCCARTESIANPOINT((-0.5618354899343103,97.87067311815917));
#3546=IFCCARTESIANPOINT((-4.034831050084904,98.47740170918405));
#3547=IFCCARTESIANPOINT((3.4979002844775096,118.69827195908874));
#3548=IFCCARTESIANPOINT((4.4540789048187435,118.97954493016005));
#3549=IFCCARTESIANPOINT((6.811653063283302,124.6202272940427));
#3550=IFCCARTESIANPOINT((7.22215851501096,124.572380351834));
#3551=IFCCARTESIANPOINT((8.02158501651138,127.21235575899482));
#3552=IFCCARTESIANPOINT((9.084057384636253,131.50703683309257));
#3553=IFCCARTESIANPOINT((9.063658245140687,134.38725500181317));
#3554=IFCCARTESIANPOINT((9.095924697467126,134.74282673187554));
#3555=IFCCARTESIANPOINT((10.756883411901072,139.54411402530968));
#3556=IFCCARTESIANPOINT((8.833467516466044,140.31604340206832));
#3557=IFCCARTESIANPOINT((4.277416168828495,142.16595915332437));
#3558=IFCCARTESIANPOINT((1.0242423455929384,143.6271132323891));
#3559=IFCCARTESIANPOINT((-1.5880776289850473,137.3435689341277));
#3560=IFCCARTESIANPOINT((-10.191387725062668,139.5603000363335));
#3561=IFCCARTESIANPOINT((-15.053085030638613,140.82338507845998));
#3562=IFCCARTESIANPOINT((-25.64366577740293,102.95813623070717));
#3563=IFCCARTESIANPOINT((-19.01541992230341,100.57967507839203));
#3564=IFCCARTESIANPOINT((-13.389418093720451,98.5652827648446));
#3565=IFCCARTESIANPOINT((-1.8521717763505876,94.42297558486462));
#3566=IFCPOLYLINE((#3545,#3546,#3547,#3548,#3549,#3550,#3551,#3552,#3553,#3554,#3555,#3556,#3557,#3558,#3559,#3560,#3561,#3562,#3563,#3564,#3565,#3545));
#3567=IFCARBITRARYCLOSEDPROFILEDEF(.AREA.,$,#3566);
#3568=IFCEXTRUDEDAREASOLID(#3567,#8,#6,18.);
#3569=IFCSHAPEREPRESENTATION(#11,'Body','SweptSolid',(#3568));
#3570=IFCPRODUCTDEFINITIONSHAPE($,$,(#3569));
#3571=IFCLOCALPLACEMENT(#13,#8);
#3572=IFCBUILDINGELEMENTPROXY('2WRJGZdsxX_p4rdlpPQkrb',$,'Building 55760878',$,$,#3571,#3570,$,.ELEMENT.);
#3573=IFCPROPERTYSINGLEVALUE('osm_id',$,IFCLABEL('way/55760878'),$);
#3574=IFCPROPERTYSINGLEVALUE('height_source',$,IFCLABEL('tag:levels'),$);
#3575=IFCPROPERTYSINGLEVALUE('height_m',$,IFCREAL(18.),$);
#3576=IFCPROPERTYSET('0F4lKgpqhepQIYTyQ$p$ch',$,'Pset_SiteContext',$,(#3573,#3574,#3575));
#3577=IFCRELDEFINESBYPROPERTIES('3RrLi3pQ0H7PpvET2cTrrJ',$,$,$,(#3572),#3576);
#3578=IFCCARTESIANPOINT((77.46192526002415,226.47753673046827));
#3579=IFCCARTESIANPOINT((77.15135932411067,227.08055491838604));
#3580=IFCCARTESIANPOINT((72.93083710270002,230.47333543840796));
#3581=IFCCARTESIANPOINT((72.47800709796138,229.8320910334587));
#3582=IFCCARTESIANPOINT((67.63491008826531,232.46270283684134));
#3583=IFCCARTESIANPOINT((64.61060493101832,226.92753330245614));
#3584=IFCCARTESIANPOINT((59.316345328697935,218.37523426674306));
#3585=IFCCARTESIANPOINT((63.50251045625191,214.37113150022924));
#3586=IFCCARTESIANPOINT((67.1118999129394,220.56870010402054));
#3587=IFCCARTESIANPOINT((79.50481259985827,209.8365621296689));
#3588=IFCCARTESIANPOINT((84.02584520773962,219.84079766832292));
#3589=IFCCARTESIANPOINT((84.48167979274876,220.84897482208908));
#3590=IFCPOLYLINE((#3578,#3579,#3580,#3581,#3582,#3583,#3584,#3585,#3586,#3587,#3588,#3589,#3578));
#3591=IFCARBITRARYCLOSEDPROFILEDEF(.AREA.,$,#3590);
#3592=IFCEXTRUDEDAREASOLID(#3591,#8,#6,18.);
#3593=IFCSHAPEREPRESENTATION(#11,'Body','SweptSolid',(#3592));
#3594=IFCPRODUCTDEFINITIONSHAPE($,$,(#3593));
#3595=IFCLOCALPLACEMENT(#13,#8);
#3596=IFCBUILDINGELEMENTPROXY('0ZcdAEUJSWNxuTHg9zDRf4',$,'Building 55760879',$,$,#3595,#3594,$,.ELEMENT.);
#3597=IFCPROPERTYSINGLEVALUE('osm_id',$,IFCLABEL('way/55760879'),$);
#3598=IFCPROPERTYSINGLEVALUE('height_source',$,IFCLABEL('tag:levels'),$);
#3599=IFCPROPERTYSINGLEVALUE('height_m',$,IFCREAL(18.),$);
#3600=IFCPROPERTYSET('25TuaVvKHqvNIwPrOxZmVH',$,'Pset_SiteContext',$,(#3597,#3598,#3599));
#3601=IFCRELDEFINESBYPROPERTIES('3guYERqHuabdMj7vfYH$aw',$,$,$,(#3596),#3600);
#3602=IFCCARTESIANPOINT((41.68235109630041,244.94062926340848));
#3603=IFCCARTESIANPOINT((33.261110451072454,251.44808689132333));
#3604=IFCCARTESIANPOINT((29.649793377146125,246.8073391187936));
#3605=IFCCARTESIANPOINT((29.342103006201796,246.8654614649713));
#3606=IFCCARTESIANPOINT((28.548225180711597,247.5836442494765));
#3607=IFCCARTESIANPOINT((28.296403039596044,247.29659173823893));
#3608=IFCCARTESIANPOINT((27.836232535075396,246.65541089512408));
#3609=IFCCARTESIANPOINT((27.057023051194847,245.58317012991756));
#3610=IFCCARTESIANPOINT((35.272560873650946,239.0440305341035));
#3611=IFCCARTESIANPOINT((36.53490367415361,238.1885694283992));
#3612=IFCPOLYLINE((#3602,#3603,#3604,#3605,#3606,#3607,#3608,#3609,#3610,#3611,#3602));
#3613=IFCARBITRARYCLOSEDPROFILEDEF(.AREA.,$,#3612);
#3614=IFCEXTRUDEDAREASOLID(#3613,#8,#6,3.);
#3615=IFCSHAPEREPRESENTATION(#11,'Body','SweptSolid',(#3614));
#3616=IFCPRODUCTDEFINITIONSHAPE($,$,(#3615));
#3617=IFCLOCALPLACEMENT(#13,#8);
#3618=IFCBUILDINGELEMENTPROXY('0K6yIvbWi2dlJk9cFJHcH3',$,'Building 55760886',$,$,#3617,#3616,$,.ELEMENT.);
#3619=IFCPROPERTYSINGLEVALUE('osm_id',$,IFCLABEL('way/55760886'),$);
#3620=IFCPROPERTYSINGLEVALUE('height_source',$,IFCLABEL('tag:levels'),$);
#3621=IFCPROPERTYSINGLEVALUE('height_m',$,IFCREAL(3.),$);
#3622=IFCPROPERTYSET('0wNpioDs654MBdi6zARWok',$,'Pset_SiteContext',$,(#3619,#3620,#3621));
#3623=IFCRELDEFINESBYPROPERTIES('368ZGLzrWMzYlAzp1TvcQz',$,$,$,(#3618),#3622);
#3624=IFCCARTESIANPOINT((64.81624292605557,194.711516674608));
#3625=IFCCARTESIANPOINT((61.81788697442971,190.55500409193337));
#3626=IFCCARTESIANPOINT((55.131786441546865,195.7138222279027));
#3627=IFCCARTESIANPOINT((49.39216653641779,188.3327723974362));
#3628=IFCCARTESIANPOINT((56.1101695143152,183.48504349868745));
#3629=IFCCARTESIANPOINT((51.75165270396974,177.20466356631368));
#3630=IFCCARTESIANPOINT((53.75827525567729,175.84271206799895));
#3631=IFCCARTESIANPOINT((61.550995898782276,170.51914746779948));
#3632=IFCCARTESIANPOINT((62.08891074487474,171.6934483293444));
#3633=IFCCARTESIANPOINT((70.61280939308926,190.23831036128104));
#3634=IFCPOLYLINE((#3624,#3625,#3626,#3627,#3628,#3629,#3630,#3631,#3632,#3633,#3624));
#3635=IFCARBITRARYCLOSEDPROFILEDEF(.AREA.,$,#3634);
#3636=IFCEXTRUDEDAREASOLID(#3635,#8,#6,18.);
#3637=IFCSHAPEREPRESENTATION(#11,'Body','SweptSolid',(#3636));
#3638=IFCPRODUCTDEFINITIONSHAPE($,$,(#3637));
#3639=IFCLOCALPLACEMENT(#13,#8);
#3640=IFCBUILDINGELEMENTPROXY('05DepB8oniAj_50Ap2z8kr',$,'Building 55760888',$,$,#3639,#3638,$,.ELEMENT.);
#3641=IFCPROPERTYSINGLEVALUE('osm_id',$,IFCLABEL('way/55760888'),$);
#3642=IFCPROPERTYSINGLEVALUE('height_source',$,IFCLABEL('tag:levels'),$);
#3643=IFCPROPERTYSINGLEVALUE('height_m',$,IFCREAL(18.),$);
#3644=IFCPROPERTYSET('0nbWPhMnX1N7v_bPdnc6Mq',$,'Pset_SiteContext',$,(#3641,#3642,#3643));
#3645=IFCRELDEFINESBYPROPERTIES('2KiqqGF461T9BI6COm9Pt_',$,$,$,(#3640),#3644);
#3646=IFCCARTESIANPOINT((49.39216653641779,188.3327723974362));
#3647=IFCCARTESIANPOINT((55.131786441546865,195.7138222279027));
#3648=IFCCARTESIANPOINT((57.817440165323205,199.3168993005529));
#3649=IFCCARTESIANPOINT((53.72892525175121,203.59820270352066));
#3650=IFCCARTESIANPOINT((63.50251045625191,214.37113150022924));
#3651=IFCCARTESIANPOINT((59.316345328697935,218.37523426674306));
#3652=IFCCARTESIANPOINT((52.62617632152978,224.82399788498878));
#3653=IFCCARTESIANPOINT((50.202691731392406,227.24575697816908));
#3654=IFCCARTESIANPOINT((50.01954413251951,227.2806176962331));
#3655=IFCCARTESIANPOINT((40.897156101535074,213.60007995273918));
#3656=IFCCARTESIANPOINT((47.60208909388166,208.95260513480753));
#3657=IFCCARTESIANPOINT((34.07734787778463,189.91501604951918));
#3658=IFCCARTESIANPOINT((36.530144746997394,188.38260206766427));
#3659=IFCCARTESIANPOINT((36.57826586405281,187.09230010211468));
#3660=IFCCARTESIANPOINT((33.766086950781755,182.37828124687076));
#3661=IFCCARTESIANPOINT((32.493704341119155,182.01063671894372));
#3662=IFCCARTESIANPOINT((29.705140831065364,183.75708327256143));
#3663=IFCCARTESIANPOINT((23.960048566921614,174.8193191299215));
#3664=IFCCARTESIANPOINT((25.771851315977983,173.8592715524137));
#3665=IFCCARTESIANPOINT((30.36716508178506,171.4308158615604));
#3666=IFCCARTESIANPOINT((31.751886502373964,173.86583852674812));
#3667=IFCCARTESIANPOINT((36.1642357527744,171.49448700342327));
#3668=IFCCARTESIANPOINT((37.14318864198867,170.97494659014046));
#3669=IFCPOLYLINE((#3646,#3647,#3648,#3649,#3650,#3651,#3652,#3653,#3654,#3655,#3656,#3657,#3658,#3659,#3660,#3661,#3662,#3663,#3664,#3665,#3666,#3667,#3668,#3646));
#3670=IFCARBITRARYCLOSEDPROFILEDEF(.AREA.,$,#3669);
#3671=IFCEXTRUDEDAREASOLID(#3670,#8,#6,18.);
#3672=IFCSHAPEREPRESENTATION(#11,'Body','SweptSolid',(#3671));
#3673=IFCPRODUCTDEFINITIONSHAPE($,$,(#3672));
#3674=IFCLOCALPLACEMENT(#13,#8);
#3675=IFCBUILDINGELEMENTPROXY('2Ujou4rfrm51DrLvUXvntk',$,'Building 55760890',$,$,#3674,#3673,$,.ELEMENT.);
#3676=IFCPROPERTYSINGLEVALUE('osm_id',$,IFCLABEL('way/55760890'),$);
#3677=IFCPROPERTYSINGLEVALUE('height_source',$,IFCLABEL('tag:levels'),$);
#3678=IFCPROPERTYSINGLEVALUE('height_m',$,IFCREAL(18.),$);
#3679=IFCPROPERTYSET('1LToRVqsM1thaMQzMRmeAY',$,'Pset_SiteContext',$,(#3676,#3677,#3678));
#3680=IFCRELDEFINESBYPROPERTIES('0oEFvwLuexQo4XDVt30jYq',$,$,$,(#3675),#3679);
#3681=IFCCARTESIANPOINT((48.34537417581305,172.51774676237255));
#3682=IFCCARTESIANPOINT((45.856338587240316,174.10605194605887));
#3683=IFCCARTESIANPOINT((48.706882758648135,178.13032863195986));
#3684=IFCCARTESIANPOINT((51.2175635752501,176.4973676558584));
#3685=IFCCARTESIANPOINT((51.75165270396974,177.20466356631368));
#3686=IFCCARTESIANPOINT((56.1101695143152,183.48504349868745));
#3687=IFCCARTESIANPOINT((49.39216653641779,188.3327723974362));
#3688=IFCCARTESIANPOINT((37.14318864198867,170.97494659014046));
#3689=IFCCARTESIANPOINT((37.983287300914526,170.52326397877187));
#3690=IFCCARTESIANPOINT((44.63868700445164,166.9881827812642));
#3691=IFCPOLYLINE((#3681,#3682,#3683,#3684,#3685,#3686,#3687,#3688,#3689,#3690,#3681));
#3692=IFCARBITRARYCLOSEDPROFILEDEF(.AREA.,$,#3691);
#3693=IFCEXTRUDEDAREASOLID(#3692,#8,#6,18.);
#3694=IFCSHAPEREPRESENTATION(#11,'Body','SweptSolid',(#3693));
#3695=IFCPRODUCTDEFINITIONSHAPE($,$,(#3694));
#3696=IFCLOCALPLACEMENT(#13,#8);
#3697=IFCBUILDINGELEMENTPROXY('32ADnwk_Fk9e__eFBY_HUa',$,'Building 55760892',$,$,#3696,#3695,$,.ELEMENT.);
#3698=IFCPROPERTYSINGLEVALUE('osm_id',$,IFCLABEL('way/55760892'),$);
#3699=IFCPROPERTYSINGLEVALUE('height_source',$,IFCLABEL('tag:levels'),$);
#3700=IFCPROPERTYSINGLEVALUE('height_m',$,IFCREAL(18.),$);
#3701=IFCPROPERTYSET('0zQW7PPkkQfTjvW8X3SK_A',$,'Pset_SiteContext',$,(#3698,#3699,#3700));
#3702=IFCRELDEFINESBYPROPERTIES('2pGP4SPWxgVib5_KEkzKHK',$,$,$,(#3697),#3701);
#3703=IFCCARTESIANPOINT((53.20384891156573,240.69847485329956));
#3704=IFCCARTESIANPOINT((56.893665118608624,246.8620195677504));
#3705=IFCCARTESIANPOINT((60.292466075043194,251.53788520395756));
#3706=IFCCARTESIANPOINT((77.76120551140048,279.13891848921776));
#3707=IFCCARTESIANPOINT((81.85467594501097,285.32141408417374));
#3708=IFCCARTESIANPOINT((80.46063944115303,286.22242391947657));
#3709=IFCCARTESIANPOINT((79.07403120934032,287.13449315633625));
#3710=IFCCARTESIANPOINT((74.63655053125694,281.0548965027556));
#3711=IFCCARTESIANPOINT((68.26443474367261,285.12138173822314));
#3712=IFCCARTESIANPOINT((67.61123824911192,284.2037814985961));
#3713=IFCCARTESIANPOINT((56.992916904739104,291.2073633754626));
#3714=IFCCARTESIANPOINT((59.14084754465148,294.5590922534466));
#3715=IFCCARTESIANPOINT((57.338874343317,295.8192873764783));
#3716=IFCCARTESIANPOINT((53.60965880495496,298.2739865584299));
#3717=IFCCARTESIANPOINT((54.80636623071041,300.15456266049296));
#3718=IFCCARTESIANPOINT((40.565292119048536,309.16720838844776));
#3719=IFCCARTESIANPOINT((34.476446521352045,312.87557312846184));
#3720=IFCCARTESIANPOINT((30.028664596611634,299.27903955616057));
#3721=IFCCARTESIANPOINT((28.64852493314538,295.6096683777869));
#3722=IFCCARTESIANPOINT((19.18272408633493,270.4673564173281));
#3723=IFCCARTESIANPOINT((16.95199197146576,264.180668448098));
#3724=IFCCARTESIANPOINT((16.05315529939253,261.94182074349374));
#3725=IFCCARTESIANPOINT((14.209999916376546,257.28658052627));
#3726=IFCCARTESIANPOINT((15.099891445133835,256.6454474935308));
#3727=IFCCARTESIANPOINT((24.69886595988646,249.70574912056327));
#3728=IFCCARTESIANPOINT((28.396633946336806,255.04633865691721));
#3729=IFCCARTESIANPOINT((33.261110451072454,251.44808689132333));
#3730=IFCCARTESIANPOINT((41.68235109630041,244.94062926340848));
#3731=IFCCARTESIANPOINT((51.299104190664366,237.47819516249));
#3732=IFCPOLYLINE((#3703,#3704,#3705,#3706,#3707,#3708,#3709,#3710,#3711,#3712,#3713,#3714,#3715,#3716,#3717,#3718,#3719,#3720,#3721,#3722,#3723,#3724,#3725,#3726,#3727,#3728,#3729,#3730,#3731,#3703));
#3733=IFCARBITRARYCLOSEDPROFILEDEF(.AREA.,$,#3732);
#3734=IFCEXTRUDEDAREASOLID(#3733,#8,#6,15.);
#3735=IFCSHAPEREPRESENTATION(#11,'Body','SweptSolid',(#3734));
#3736=IFCPRODUCTDEFINITIONSHAPE($,$,(#3735));
#3737=IFCLOCALPLACEMENT(#13,#8);
#3738=IFCBUILDINGELEMENTPROXY('0n$cLy9c0WDu2fb5wCmRPj',$,'Building 55760894',$,$,#3737,#3736,$,.ELEMENT.);
#3739=IFCPROPERTYSINGLEVALUE('osm_id',$,IFCLABEL('way/55760894'),$);
#3740=IFCPROPERTYSINGLEVALUE('height_source',$,IFCLABEL('tag:levels'),$);
#3741=IFCPROPERTYSINGLEVALUE('height_m',$,IFCREAL(15.),$);
#3742=IFCPROPERTYSET('2TW1sezXa2kNr9zhY0xPEm',$,'Pset_SiteContext',$,(#3739,#3740,#3741));
#3743=IFCRELDEFINESBYPROPERTIES('2M5pjZTqRkIJpeSop1YgWR',$,$,$,(#3738),#3742);
#3744=IFCCARTESIANPOINT((15.200355375534855,132.91357513330877));
#3745=IFCCARTESIANPOINT((29.715847726445645,163.5855136020109));
#3746=IFCCARTESIANPOINT((24.17320240929257,166.8112499928102));
#3747=IFCCARTESIANPOINT((23.486814773757942,167.21719456184655));
#3748=IFCCARTESIANPOINT((23.419506013044156,167.06206804793328));
#3749=IFCCARTESIANPOINT((10.756883411901072,139.54411402530968));
#3750=IFCCARTESIANPOINT((9.095924697467126,134.74282673187554));
#3751=IFCPOLYLINE((#3744,#3745,#3746,#3747,#3748,#3749,#3750,#3744));
#3752=IFCARBITRARYCLOSEDPROFILEDEF(.AREA.,$,#3751);
#3753=IFCEXTRUDEDAREASOLID(#3752,#8,#6,12.);
#3754=IFCSHAPEREPRESENTATION(#11,'Body','SweptSolid',(#3753));
#3755=IFCPRODUCTDEFINITIONSHAPE($,$,(#3754));
#3756=IFCLOCALPLACEMENT(#13,#8);
#3757=IFCBUILDINGELEMENTPROXY('2F6IzzwM0mxnmd1cjYIJmU',$,'Building 55760896',$,$,#3756,#3755,$,.ELEMENT.);
#3758=IFCPROPERTYSINGLEVALUE('osm_id',$,IFCLABEL('way/55760896'),$);
#3759=IFCPROPERTYSINGLEVALUE('height_source',$,IFCLABEL('tag:levels'),$);
#3760=IFCPROPERTYSINGLEVALUE('height_m',$,IFCREAL(12.),$);
#3761=IFCPROPERTYSET('1nFV1vsC_s$_D5xbZLgYA3',$,'Pset_SiteContext',$,(#3758,#3759,#3760));
#3762=IFCRELDEFINESBYPROPERTIES('1TMuIX6WVgsHeAqudshpRT',$,$,$,(#3757),#3761);
#3763=IFCCARTESIANPOINT((44.67633190786,153.6773666627705));
#3764=IFCCARTESIANPOINT((38.836946070427075,143.08349947538227));
#3765=IFCCARTESIANPOINT((40.099766273167916,142.28363550640643));
#3766=IFCCARTESIANPOINT((36.55045453319326,136.26351274363697));
#3767=IFCCARTESIANPOINT((34.48038625775371,137.04775569215417));
#3768=IFCCARTESIANPOINT((31.125516907311976,130.5812468631193));
#3769=IFCCARTESIANPOINT((35.99671066948213,128.68428942747414));
#3770=IFCCARTESIANPOINT((36.74995868711267,130.1681791273877));
#3771=IFCCARTESIANPOINT((39.4026116769528,128.84540675301105));
#3772=IFCCARTESIANPOINT((45.516166521119885,138.86991191841662));
#3773=IFCCARTESIANPOINT((52.05364682234358,149.59150292910635));
#3774=IFCCARTESIANPOINT((48.00657182908617,151.7708098385483));
#3775=IFCCARTESIANPOINT((45.60771186253987,154.51484414748847));
#3776=IFCCARTESIANPOINT((45.22755848581437,154.68475839216262));
#3777=IFCPOLYLINE((#3763,#3764,#3765,#3766,#3767,#3768,#3769,#3770,#3771,#3772,#3773,#3774,#3775,#3776,#3763));
#3778=IFCARBITRARYCLOSEDPROFILEDEF(.AREA.,$,#3777);
#3779=IFCEXTRUDEDAREASOLID(#3778,#8,#6,18.);
#3780=IFCSHAPEREPRESENTATION(#11,'Body','SweptSolid',(#3779));
#3781=IFCPRODUCTDEFINITIONSHAPE($,$,(#3780));
#3782=IFCLOCALPLACEMENT(#13,#8);
#3783=IFCBUILDINGELEMENTPROXY('2CC5HyzgyFyQtT_4iAwECK',$,'Building 55760897',$,$,#3782,#3781,$,.ELEMENT.);
#3784=IFCPROPERTYSINGLEVALUE('osm_id',$,IFCLABEL('way/55760897'),$);
#3785=IFCPROPERTYSINGLEVALUE('height_source',$,IFCLABEL('tag:levels'),$);
#3786=IFCPROPERTYSINGLEVALUE('height_m',$,IFCREAL(18.),$);
#3787=IFCPROPERTYSET('2M46cQ2PSOLVMakhW_ujOB',$,'Pset_SiteContext',$,(#3784,#3785,#3786));
#3788=IFCRELDEFINESBYPROPERTIES('3G$xeiS5mCSAaNBeLz6RKR',$,$,$,(#3783),#3787);
#3789=IFCCARTESIANPOINT((5.597235492779873,154.57604796532542));
#3790=IFCCARTESIANPOINT((7.005219008191489,158.05614329781383));
#3791=IFCCARTESIANPOINT((12.129562462563626,170.9243026226759));
#3792=IFCCARTESIANPOINT((5.05798992223572,174.70747311692685));
#3793=IFCCARTESIANPOINT((4.0206189105520025,175.26085790991783));
#3794=IFCCARTESIANPOINT((-5.464697620482184,151.35307620838284));
#3795=IFCCARTESIANPOINT((-6.131096654688008,149.72392049245536));
#3796=IFCCARTESIANPOINT((-8.145608532940969,144.75874036364257));
#3797=IFCCARTESIANPOINT((-8.932411164860241,142.7636167202145));
#3798=IFCCARTESIANPOINT((-10.191387725062668,139.5603000363335));
#3799=IFCCARTESIANPOINT((-1.5880776289850473,137.3435689341277));
#3800=IFCCARTESIANPOINT((1.0242423455929384,143.6271132323891));
#3801=IFCPOLYLINE((#3789,#3790,#3791,#3792,#3793,#3794,#3795,#3796,#3797,#3798,#3799,#3800,#3789));
#3802=IFCARBITRARYCLOSEDPROFILEDEF(.AREA.,$,#3801);
#3803=IFCEXTRUDEDAREASOLID(#3802,#8,#6,15.);
#3804=IFCSHAPEREPRESENTATION(#11,'Body','SweptSolid',(#3803));
#3805=IFCPRODUCTDEFINITIONSHAPE($,$,(#3804));
#3806=IFCLOCALPLACEMENT(#13,#8);
#3807=IFCBUILDINGELEMENTPROXY('1$OFfggXmTDArEdMuM$dcA',$,'Building 55760900',$,$,#3806,#3805,$,.ELEMENT.);
#3808=IFCPROPERTYSINGLEVALUE('osm_id',$,IFCLABEL('way/55760900'),$);
#3809=IFCPROPERTYSINGLEVALUE('height_source',$,IFCLABEL('tag:levels'),$);
#3810=IFCPROPERTYSINGLEVALUE('height_m',$,IFCREAL(15.),$);
#3811=IFCPROPERTYSET('2u4wj$XnBbTWbbFN7iYLxo',$,'Pset_SiteContext',$,(#3808,#3809,#3810));
#3812=IFCRELDEFINESBYPROPERTIES('3JzWYRGYWFj2Fx9IF7Yu$a',$,$,$,(#3807),#3811);
#3813=IFCCARTESIANPOINT((-14.625555578735657,152.6847979966551));
#3814=IFCCARTESIANPOINT((-13.168719005770981,154.9635394467041));
#3815=IFCCARTESIANPOINT((-5.464697620482184,151.35307620838284));
#3816=IFCCARTESIANPOINT((4.0206189105520025,175.26085790991783));
#3817=IFCCARTESIANPOINT((2.56686893326696,176.04005663096905));
#3818=IFCCARTESIANPOINT((-10.852626841515303,183.26689505483955));
#3819=IFCCARTESIANPOINT((-13.08346237859223,182.3400113573298));
#3820=IFCCARTESIANPOINT((-13.466312946868129,181.28676351439208));
#3821=IFCCARTESIANPOINT((-15.357918335706927,176.09817817620933));
#3822=IFCCARTESIANPOINT((-16.06355712970253,174.15798835270107));
#3823=IFCCARTESIANPOINT((-22.849087091279216,155.57674490939826));
#3824=IFCPOLYLINE((#3813,#3814,#3815,#3816,#3817,#3818,#3819,#3820,#3821,#3822,#3823,#3813));
#3825=IFCARBITRARYCLOSEDPROFILEDEF(.AREA.,$,#3824);
#3826=IFCEXTRUDEDAREASOLID(#3825,#8,#6,24.);
#3827=IFCSHAPEREPRESENTATION(#11,'Body','SweptSolid',(#3826));
#3828=IFCPRODUCTDEFINITIONSHAPE($,$,(#3827));
#3829=IFCLOCALPLACEMENT(#13,#8);
#3830=IFCBUILDINGELEMENTPROXY('3NgXZt6ji9uXMBrCKOCmFt',$,'Building 55760901',$,$,#3829,#3828,$,.ELEMENT.);
#3831=IFCPROPERTYSINGLEVALUE('osm_id',$,IFCLABEL('way/55760901'),$);
#3832=IFCPROPERTYSINGLEVALUE('height_source',$,IFCLABEL('tag:levels'),$);
#3833=IFCPROPERTYSINGLEVALUE('height_m',$,IFCREAL(24.),$);
#3834=IFCPROPERTYSET('2nIE6pAPKb5eiMe4Cu5UDl',$,'Pset_SiteContext',$,(#3831,#3832,#3833));
#3835=IFCRELDEFINESBYPROPERTIES('0cO59R7c06AfpGefb39fNT',$,$,$,(#3830),#3834);
#3836=IFCCARTESIANPOINT((68.26443474367261,285.12138173822314));
#3837=IFCCARTESIANPOINT((74.63655053125694,281.0548965027556));
#3838=IFCCARTESIANPOINT((79.07403120934032,287.13449315633625));
#3839=IFCCARTESIANPOINT((72.35485563194379,291.82653128914535));
#3840=IFCPOLYLINE((#3836,#3837,#3838,#3839,#3836));
#3841=IFCARBITRARYCLOSEDPROFILEDEF(.AREA.,$,#3840);
#3842=IFCEXTRUDEDAREASOLID(#3841,#8,#6,12.);
#3843=IFCSHAPEREPRESENTATION(#11,'Body','SweptSolid',(#3842));
#3844=IFCPRODUCTDEFINITIONSHAPE($,$,(#3843));
#3845=IFCLOCALPLACEMENT(#13,#8);
#3846=IFCBUILDINGELEMENTPROXY('0bsgomFgW6DbZLUnuO3ZcF',$,'Building 55760902',$,$,#3845,#3844,$,.ELEMENT.);
#3847=IFCPROPERTYSINGLEVALUE('osm_id',$,IFCLABEL('way/55760902'),$);
#3848=IFCPROPERTYSINGLEVALUE('height_source',$,IFCLABEL('tag:levels'),$);
#3849=IFCPROPERTYSINGLEVALUE('height_m',$,IFCREAL(12.),$);
#3850=IFCPROPERTYSET('0r$p3EL0peFAn72Q54GXGt',$,'Pset_SiteContext',$,(#3847,#3848,#3849));
#3851=IFCRELDEFINESBYPROPERTIES('1VwSBVR2nF_pBnT9rxOzGx',$,$,$,(#3846),#3850);
#3852=IFCCARTESIANPOINT((14.515260652289726,192.5218046074733));
#3853=IFCCARTESIANPOINT((20.939172497484833,201.92102929670364));
#3854=IFCCARTESIANPOINT((24.538312054704875,206.86210721358657));
#3855=IFCCARTESIANPOINT((21.226524021592923,209.224443025887));
#3856=IFCCARTESIANPOINT((24.236066212761216,213.8478792225942));
#3857=IFCCARTESIANPOINT((21.91721266019158,214.71200673934072));
#3858=IFCCARTESIANPOINT((23.736084743984975,219.0894496133551));
#3859=IFCCARTESIANPOINT((26.851280107628554,217.80735681112856));
#3860=IFCCARTESIANPOINT((30.298883899464272,223.06103845126927));
#3861=IFCCARTESIANPOINT((26.56676305946894,226.06065201573074));
#3862=IFCCARTESIANPOINT((29.115664946031757,229.98731502331793));
#3863=IFCCARTESIANPOINT((24.61636697978247,231.59211357031018));
#3864=IFCCARTESIANPOINT((25.435502650099806,233.95393446926028));
#3865=IFCCARTESIANPOINT((7.956155247054994,239.99083720240742));
#3866=IFCCARTESIANPOINT((7.528105446952395,238.79339965060353));
#3867=IFCCARTESIANPOINT((6.979576620040461,239.00917736720294));
#3868=IFCCARTESIANPOINT((5.770800909376703,235.66088448092341));
#3869=IFCCARTESIANPOINT((4.216593546210788,231.34799473918974));
#3870=IFCCARTESIANPOINT((4.6256319272797555,231.12224120553583));
#3871=IFCCARTESIANPOINT((-3.769724266603589,207.69478050805628));
#3872=IFCCARTESIANPOINT((-5.601979100960307,202.5835432903841));
#3873=IFCCARTESIANPOINT((-6.092363359290175,202.73212570045143));
#3874=IFCCARTESIANPOINT((-6.745542974444106,200.9249426489696));
#3875=IFCCARTESIANPOINT((-6.270288512692787,200.72088486608118));
#3876=IFCCARTESIANPOINT((-7.1474067099625245,198.44850387703627));
#3877=IFCCARTESIANPOINT((-7.202194203506224,197.13680600654334));
#3878=IFCCARTESIANPOINT((-6.962685393518768,195.92277231719345));
#3879=IFCCARTESIANPOINT((-6.282507445546798,194.76072221249342));
#3880=IFCCARTESIANPOINT((-5.38048927730415,193.80812990758568));
#3881=IFCCARTESIANPOINT((-3.334190740599297,192.81278921756893));
#3882=IFCCARTESIANPOINT((-3.5496973185800016,192.48096064850688));
#3883=IFCCARTESIANPOINT((-1.570251019205898,191.38609008304775));
#3884=IFCCARTESIANPOINT((-1.3616252599749714,191.7735746409744));
#3885=IFCCARTESIANPOINT((6.023675314732827,187.77654402237386));
#3886=IFCCARTESIANPOINT((9.829504000023007,185.7103846045211));
#3887=IFCPOLYLINE((#3852,#3853,#3854,#3855,#3856,#3857,#3858,#3859,#3860,#3861,#3862,#3863,#3864,#3865,#3866,#3867,#3868,#3869,#3870,#3871,#3872,#3873,#3874,#3875,#3876,#3877,#3878,#3879,#3880,#3881,#3882,#3883,#3884,#3885,#3886,#3852));
#3888=IFCARBITRARYCLOSEDPROFILEDEF(.AREA.,$,#3887);
#3889=IFCEXTRUDEDAREASOLID(#3888,#8,#6,27.);
#3890=IFCSHAPEREPRESENTATION(#11,'Body','SweptSolid',(#3889));
#3891=IFCPRODUCTDEFINITIONSHAPE($,$,(#3890));
#3892=IFCLOCALPLACEMENT(#13,#8);
#3893=IFCBUILDINGELEMENTPROXY('0DaQH8BiuDEBh92t3IXWyS',$,'Mikros Image',$,$,#3892,#3891,$,.ELEMENT.);
#3894=IFCPROPERTYSINGLEVALUE('osm_id',$,IFCLABEL('way/55760903'),$);
#3895=IFCPROPERTYSINGLEVALUE('height_source',$,IFCLABEL('tag:levels'),$);
#3896=IFCPROPERTYSINGLEVALUE('height_m',$,IFCREAL(27.),$);
#3897=IFCPROPERTYSET('3cyJX5mk0MfXApjCxUNzAH',$,'Pset_SiteContext',$,(#3894,#3895,#3896));
#3898=IFCRELDEFINESBYPROPERTIES('36GzDF6gD8oJGnqtiEprVv',$,$,$,(#3893),#3897);
#3899=IFCCARTESIANPOINT((-13.466312946868129,181.28676351439208));
#3900=IFCCARTESIANPOINT((-14.834115156787448,181.80950380768627));
#3901=IFCCARTESIANPOINT((-16.733241029432975,176.5987408226356));
#3902=IFCCARTESIANPOINT((-15.357918335706927,176.09817817620933));
#3903=IFCPOLYLINE((#3899,#3900,#3901,#3902,#3899));
#3904=IFCARBITRARYCLOSEDPROFILEDEF(.AREA.,$,#3903);
#3905=IFCEXTRUDEDAREASOLID(#3904,#8,#6,9.);
#3906=IFCSHAPEREPRESENTATION(#11,'Body','SweptSolid',(#3905));
#3907=IFCPRODUCTDEFINITIONSHAPE($,$,(#3906));
#3908=IFCLOCALPLACEMENT(#13,#8);
#3909=IFCBUILDINGELEMENTPROXY('17X4AVX06oU28wXUmQFYNw',$,'Building 55760905',$,$,#3908,#3907,$,.ELEMENT.);
#3910=IFCPROPERTYSINGLEVALUE('osm_id',$,IFCLABEL('way/55760905'),$);
#3911=IFCPROPERTYSINGLEVALUE('height_source',$,IFCLABEL('fallback'),$);
#3912=IFCPROPERTYSINGLEVALUE('height_m',$,IFCREAL(9.),$);
#3913=IFCPROPERTYSET('1gCaG2Wy_2HUgU_LPltYnA',$,'Pset_SiteContext',$,(#3910,#3911,#3912));
#3914=IFCRELDEFINESBYPROPERTIES('1l0b__M9qB9SdJu$hVSvpl',$,$,$,(#3909),#3913);
#3915=IFCCARTESIANPOINT((23.419506013044156,167.06206804793328));
#3916=IFCCARTESIANPOINT((14.789222095045261,172.24799488391727));
#3917=IFCCARTESIANPOINT((13.219447393203154,173.19494087155908));
#3918=IFCCARTESIANPOINT((12.129562462563626,170.9243026226759));
#3919=IFCCARTESIANPOINT((7.005219008191489,158.05614329781383));
#3920=IFCCARTESIANPOINT((13.198438081657514,155.42552867159247));
#3921=IFCCARTESIANPOINT((11.549068453838117,152.03637096192688));
#3922=IFCCARTESIANPOINT((5.597235492779873,154.57604796532542));
#3923=IFCCARTESIANPOINT((1.0242423455929384,143.6271132323891));
#3924=IFCCARTESIANPOINT((4.277416168828495,142.16595915332437));
#3925=IFCCARTESIANPOINT((4.7952498875092715,143.57393692806363));
#3926=IFCCARTESIANPOINT((8.45847285236232,142.00934240594506));
#3927=IFCCARTESIANPOINT((8.833467516466044,140.31604340206832));
#3928=IFCCARTESIANPOINT((10.756883411901072,139.54411402530968));
#3929=IFCPOLYLINE((#3915,#3916,#3917,#3918,#3919,#3920,#3921,#3922,#3923,#3924,#3925,#3926,#3927,#3928,#3915));
#3930=IFCARBITRARYCLOSEDPROFILEDEF(.AREA.,$,#3929);
#3931=IFCEXTRUDEDAREASOLID(#3930,#8,#6,9.);
#3932=IFCSHAPEREPRESENTATION(#11,'Body','SweptSolid',(#3931));
#3933=IFCPRODUCTDEFINITIONSHAPE($,$,(#3932));
#3934=IFCLOCALPLACEMENT(#13,#8);
#3935=IFCBUILDINGELEMENTPROXY('0DpmtDjR1fiyNgjSC9udmq',$,'Building 55760909',$,$,#3934,#3933,$,.ELEMENT.);
#3936=IFCPROPERTYSINGLEVALUE('osm_id',$,IFCLABEL('way/55760909'),$);
#3937=IFCPROPERTYSINGLEVALUE('height_source',$,IFCLABEL('fallback'),$);
#3938=IFCPROPERTYSINGLEVALUE('height_m',$,IFCREAL(9.),$);
#3939=IFCPROPERTYSET('1YZvnX2pVK8h47EHVH0EH6',$,'Pset_SiteContext',$,(#3936,#3937,#3938));
#3940=IFCRELDEFINESBYPROPERTIES('3vfRvm4WljMZuQs4kxdcJT',$,$,$,(#3935),#3939);
#3941=IFCCARTESIANPOINT((133.36866787518375,272.6567166829482));
#3942=IFCCARTESIANPOINT((131.25716242578346,273.7526223678142));
#3943=IFCCARTESIANPOINT((132.5059666702291,276.6224587056786));
#3944=IFCCARTESIANPOINT((134.7195494173793,275.44787903968245));
#3945=IFCCARTESIANPOINT((135.2857864635298,276.49963690992445));
#3946=IFCCARTESIANPOINT((125.38315571751446,282.20732883550227));
#3947=IFCCARTESIANPOINT((122.63254215591587,276.0360536221415));
#3948=IFCCARTESIANPOINT((120.01644187630154,270.16391640435904));
#3949=IFCCARTESIANPOINT((121.85757736198138,269.2036579726264));
#3950=IFCCARTESIANPOINT((129.65335847239476,265.1589436121285));
#3951=IFCPOLYLINE((#3941,#3942,#3943,#3944,#3945,#3946,#3947,#3948,#3949,#3950,#3941));
#3952=IFCARBITRARYCLOSEDPROFILEDEF(.AREA.,$,#3951);
#3953=IFCEXTRUDEDAREASOLID(#3952,#8,#6,18.);
#3954=IFCSHAPEREPRESENTATION(#11,'Body','SweptSolid',(#3953));
#3955=IFCPRODUCTDEFINITIONSHAPE($,$,(#3954));
#3956=IFCLOCALPLACEMENT(#13,#8);
#3957=IFCBUILDINGELEMENTPROXY('0G7CqraFgNDlbhF$Atb1D6',$,'Building 55865810',$,$,#3956,#3955,$,.ELEMENT.);
#3958=IFCPROPERTYSINGLEVALUE('osm_id',$,IFCLABEL('way/55865810'),$);
#3959=IFCPROPERTYSINGLEVALUE('height_source',$,IFCLABEL('tag:levels'),$);
#3960=IFCPROPERTYSINGLEVALUE('height_m',$,IFCREAL(18.),$);
#3961=IFCPROPERTYSET('12fjMV2oe4dFBDmpR7XdQL',$,'Pset_SiteContext',$,(#3958,#3959,#3960));
#3962=IFCRELDEFINESBYPROPERTIES('25GAZAaQ2gJBwfD0AsFMx3',$,$,$,(#3957),#3961);
#3963=IFCCARTESIANPOINT((172.54058506712317,250.89720556419343));
#3964=IFCCARTESIANPOINT((175.77931913302746,258.4433800484985));
#3965=IFCCARTESIANPOINT((179.2037782133557,264.4757327446714));
#3966=IFCCARTESIANPOINT((176.69146434334107,265.90849464479834));
#3967=IFCCARTESIANPOINT((175.7731334839482,263.9700191700831));
#3968=IFCCARTESIANPOINT((174.5112705421634,263.0907421829179));
#3969=IFCCARTESIANPOINT((169.65591051452793,265.12089507561177));
#3970=IFCCARTESIANPOINT((167.90531133965123,261.8993168147281));
#3971=IFCCARTESIANPOINT((173.08864794159308,259.5996039323509));
#3972=IFCCARTESIANPOINT((171.76867384300567,256.99721867684275));
#3973=IFCCARTESIANPOINT((171.86084506218322,255.7065572468564));
#3974=IFCCARTESIANPOINT((166.21204102924094,258.5104719977826));
#3975=IFCCARTESIANPOINT((161.39643456728663,248.35290058795363));
#3976=IFCCARTESIANPOINT((160.55310056661256,246.61397264152765));
#3977=IFCCARTESIANPOINT((166.95633323304355,243.6482062190771));
#3978=IFCCARTESIANPOINT((168.60102698323317,242.88972711842507));
#3979=IFCPOLYLINE((#3963,#3964,#3965,#3966,#3967,#3968,#3969,#3970,#3971,#3972,#3973,#3974,#3975,#3976,#3977,#3978,#3963));
#3980=IFCARBITRARYCLOSEDPROFILEDEF(.AREA.,$,#3979);
#3981=IFCEXTRUDEDAREASOLID(#3980,#8,#6,15.);
#3982=IFCSHAPEREPRESENTATION(#11,'Body','SweptSolid',(#3981));
#3983=IFCPRODUCTDEFINITIONSHAPE($,$,(#3982));
#3984=IFCLOCALPLACEMENT(#13,#8);
#3985=IFCBUILDINGELEMENTPROXY('1hwEQ8rSJK3Vb_ZmQAmNj0',$,'Building 55865845',$,$,#3984,#3983,$,.ELEMENT.);
#3986=IFCPROPERTYSINGLEVALUE('osm_id',$,IFCLABEL('way/55865845'),$);
#3987=IFCPROPERTYSINGLEVALUE('height_source',$,IFCLABEL('tag:levels'),$);
#3988=IFCPROPERTYSINGLEVALUE('height_m',$,IFCREAL(15.),$);
#3989=IFCPROPERTYSET('3NOVNWhvjAZomDQnTqoH4C',$,'Pset_SiteContext',$,(#3986,#3987,#3988));
#3990=IFCRELDEFINESBYPROPERTIES('23rs9yv0szZ9D6pYWs4k0w',$,$,$,(#3985),#3989);
#3991=IFCCARTESIANPOINT((179.20018549752422,252.36619515530765));
#3992=IFCCARTESIANPOINT((179.6994765464915,253.30730534996837));
#3993=IFCCARTESIANPOINT((184.8099725227803,263.64040043763816));
#3994=IFCCARTESIANPOINT((185.54849172278773,265.1244310447946));
#3995=IFCCARTESIANPOINT((187.20470140350517,268.4691048692912));
#3996=IFCCARTESIANPOINT((179.3938481498044,272.4693852206692));
#3997=IFCCARTESIANPOINT((176.29727719340008,266.1563544590026));
#3998=IFCCARTESIANPOINT((176.69146434334107,265.90849464479834));
#3999=IFCCARTESIANPOINT((179.2037782133557,264.4757327446714));
#4000=IFCCARTESIANPOINT((175.77931913302746,258.4433800484985));
#4001=IFCCARTESIANPOINT((172.54058506712317,250.89720556419343));
#4002=IFCCARTESIANPOINT((168.60102698323317,242.88972711842507));
#4003=IFCCARTESIANPOINT((169.57291527604684,242.4036262165755));
#4004=IFCCARTESIANPOINT((173.36545494908933,240.50448054261506));
#4005=IFCPOLYLINE((#3991,#3992,#3993,#3994,#3995,#3996,#3997,#3998,#3999,#4000,#4001,#4002,#4003,#4004,#3991));
#4006=IFCARBITRARYCLOSEDPROFILEDEF(.AREA.,$,#4005);
#4007=IFCEXTRUDEDAREASOLID(#4006,#8,#6,9.);
#4008=IFCSHAPEREPRESENTATION(#11,'Body','SweptSolid',(#4007));
#4009=IFCPRODUCTDEFINITIONSHAPE($,$,(#4008));
#4010=IFCLOCALPLACEMENT(#13,#8);
#4011=IFCBUILDINGELEMENTPROXY('1byEGN_QkM88nsZ_dS2TC$',$,'Building 55865846',$,$,#4010,#4009,$,.ELEMENT.);
#4012=IFCPROPERTYSINGLEVALUE('osm_id',$,IFCLABEL('way/55865846'),$);
#4013=IFCPROPERTYSINGLEVALUE('height_source',$,IFCLABEL('fallback'),$);
#4014=IFCPROPERTYSINGLEVALUE('height_m',$,IFCREAL(9.),$);
#4015=IFCPROPERTYSET('1D0XKBaNrWKs_ERHWC8TYJ',$,'Pset_SiteContext',$,(#4012,#4013,#4014));
#4016=IFCRELDEFINESBYPROPERTIES('17rtTq4vnNBNd8qtNno16P',$,$,$,(#4011),#4015);
#4017=IFCCARTESIANPOINT((145.18040052743163,276.98581114038825));
#4018=IFCCARTESIANPOINT((140.92206968623213,279.3447021525353));
#4019=IFCCARTESIANPOINT((138.86443444620818,274.4687789622694));
#4020=IFCCARTESIANPOINT((135.2857864635298,276.49963690992445));
#4021=IFCCARTESIANPOINT((134.7195494173793,275.44787903968245));
#4022=IFCCARTESIANPOINT((133.36866787518375,272.6567166829482));
#4023=IFCCARTESIANPOINT((129.65335847239476,265.1589436121285));
#4024=IFCCARTESIANPOINT((130.6616508178413,264.6391784911975));
#4025=IFCCARTESIANPOINT((137.36174560862128,261.1927941888571));
#4026=IFCCARTESIANPOINT((137.5590204531327,261.0911012645811));
#4027=IFCPOLYLINE((#4017,#4018,#4019,#4020,#4021,#4022,#4023,#4024,#4025,#4026,#4017));
#4028=IFCARBITRARYCLOSEDPROFILEDEF(.AREA.,$,#4027);
#4029=IFCEXTRUDEDAREASOLID(#4028,#8,#6,9.);
#4030=IFCSHAPEREPRESENTATION(#11,'Body','SweptSolid',(#4029));
#4031=IFCPRODUCTDEFINITIONSHAPE($,$,(#4030));
#4032=IFCLOCALPLACEMENT(#13,#8);
#4033=IFCBUILDINGELEMENTPROXY('1H_tHJuOTz5uCmN9jkrPPH',$,'Building 55865848',$,$,#4032,#4031,$,.ELEMENT.);
#4034=IFCPROPERTYSINGLEVALUE('osm_id',$,IFCLABEL('way/55865848'),$);
#4035=IFCPROPERTYSINGLEVALUE('height_source',$,IFCLABEL('fallback'),$);
#4036=IFCPROPERTYSINGLEVALUE('height_m',$,IFCREAL(9.),$);
#4037=IFCPROPERTYSET('2qOnU1kIE6rkYoJSGZOPqp',$,'Pset_SiteContext',$,(#4034,#4035,#4036));
#4038=IFCRELDEFINESBYPROPERTIES('1oYuRffXOrVkc37rLfTEva',$,$,$,(#4033),#4037);
#4039=IFCCARTESIANPOINT((191.8927721484797,252.25134621933103));
#4040=IFCCARTESIANPOINT((192.7675328354817,254.24577953387052));
#4041=IFCCARTESIANPOINT((189.9607395590283,255.55862289573997));
#4042=IFCCARTESIANPOINT((186.99299224163406,256.9283824618906));
#4043=IFCCARTESIANPOINT((185.89665195404086,257.448857258074));
#4044=IFCCARTESIANPOINT((182.72344074002467,250.7361339200288));
#4045=IFCCARTESIANPOINT((179.20018549752422,252.36619515530765));
#4046=IFCCARTESIANPOINT((173.36545494908933,240.50448054261506));
#4047=IFCCARTESIANPOINT((175.22155496221967,239.57747679855675));
#4048=IFCCARTESIANPOINT((176.9388920958154,238.72944715153426));
#4049=IFCCARTESIANPOINT((182.39905328629538,236.18284282647073));
#4050=IFCCARTESIANPOINT((183.79511682526208,235.52647920604795));
#4051=IFCCARTESIANPOINT((184.3051985098282,236.8900574631989));
#4052=IFCPOLYLINE((#4039,#4040,#4041,#4042,#4043,#4044,#4045,#4046,#4047,#4048,#4049,#4050,#4051,#4039));
#4053=IFCARBITRARYCLOSEDPROFILEDEF(.AREA.,$,#4052);
#4054=IFCEXTRUDEDAREASOLID(#4053,#8,#6,12.);
#4055=IFCSHAPEREPRESENTATION(#11,'Body','SweptSolid',(#4054));
#4056=IFCPRODUCTDEFINITIONSHAPE($,$,(#4055));
#4057=IFCLOCALPLACEMENT(#13,#8);
#4058=IFCBUILDINGELEMENTPROXY('1EXnxPtehMSec7OCZsdAPn',$,'Building 55865851',$,$,#4057,#4056,$,.ELEMENT.);
#4059=IFCPROPERTYSINGLEVALUE('osm_id',$,IFCLABEL('way/55865851'),$);
#4060=IFCPROPERTYSINGLEVALUE('height_source',$,IFCLABEL('tag:levels'),$);
#4061=IFCPROPERTYSINGLEVALUE('height_m',$,IFCREAL(12.),$);
#4062=IFCPROPERTYSET('1RMNxZUM10_n4L5zwNUdKF',$,'Pset_SiteContext',$,(#4059,#4060,#4061));
#4063=IFCRELDEFINESBYPROPERTIES('1RpK2X3pl3P2zRV36rZowH',$,$,$,(#4058),#4062);
#4064=IFCCARTESIANPOINT((201.92594674811698,246.34254567604512));
#4065=IFCCARTESIANPOINT((198.4165395235177,247.8724029166624));
#4066=IFCCARTESIANPOINT((197.1329858043464,245.23635495267808));
#4067=IFCCARTESIANPOINT((195.10080059652682,246.16479045245796));
#4068=IFCCARTESIANPOINT((195.22118774987757,246.53076332900673));
#4069=IFCCARTESIANPOINT((192.75061159092002,247.6851795623079));
#4070=IFCCARTESIANPOINT((194.32648042368237,251.07499101478606));
#4071=IFCCARTESIANPOINT((193.10595775872935,251.66319846268743));
#4072=IFCCARTESIANPOINT((191.8927721484797,252.25134621933103));
#4073=IFCCARTESIANPOINT((184.3051985098282,236.8900574631989));
#4074=IFCCARTESIANPOINT((192.9860974382609,232.50459960848093));
#4075=IFCCARTESIANPOINT((194.87136875547003,231.5551241170615));
#4076=IFCPOLYLINE((#4064,#4065,#4066,#4067,#4068,#4069,#4070,#4071,#4072,#4073,#4074,#4075,#4064));
#4077=IFCARBITRARYCLOSEDPROFILEDEF(.AREA.,$,#4076);
#4078=IFCEXTRUDEDAREASOLID(#4077,#8,#6,21.);
#4079=IFCSHAPEREPRESENTATION(#11,'Body','SweptSolid',(#4078));
#4080=IFCPRODUCTDEFINITIONSHAPE($,$,(#4079));
#4081=IFCLOCALPLACEMENT(#13,#8);
#4082=IFCBUILDINGELEMENTPROXY('1IlYiT8o6vPZ8SCDSCNaeH',$,'Building 55865854',$,$,#4081,#4080,$,.ELEMENT.);
#4083=IFCPROPERTYSINGLEVALUE('osm_id',$,IFCLABEL('way/55865854'),$);
#4084=IFCPROPERTYSINGLEVALUE('height_source',$,IFCLABEL('tag:levels'),$);
#4085=IFCPROPERTYSINGLEVALUE('height_m',$,IFCREAL(21.),$);
#4086=IFCPROPERTYSET('1csR_swEM8eMSfBF80kXGh',$,'Pset_SiteContext',$,(#4083,#4084,#4085));
#4087=IFCRELDEFINESBYPROPERTIES('3YX5re$8595pXqWvs2qmMR',$,$,$,(#4082),#4086);
#4088=IFCCARTESIANPOINT((166.21204102924094,258.5104719977826));
#4089=IFCCARTESIANPOINT((166.89975349477027,260.06163497269154));
#4090=IFCCARTESIANPOINT((163.20078889082652,261.737622265704));
#4091=IFCCARTESIANPOINT((160.81201027077623,256.7420807424933));
#4092=IFCCARTESIANPOINT((154.146034492529,259.8768015252426));
#4093=IFCCARTESIANPOINT((161.940361958812,275.3920420780778));
#4094=IFCCARTESIANPOINT((156.31832051847596,278.77398299984634));
#4095=IFCCARTESIANPOINT((145.41260830208194,256.9347366821021));
#4096=IFCCARTESIANPOINT((159.72357801627368,249.25617071427405));
#4097=IFCCARTESIANPOINT((161.39643456728663,248.35290058795363));
#4098=IFCPOLYLINE((#4088,#4089,#4090,#4091,#4092,#4093,#4094,#4095,#4096,#4097,#4088));
#4099=IFCARBITRARYCLOSEDPROFILEDEF(.AREA.,$,#4098);
#4100=IFCEXTRUDEDAREASOLID(#4099,#8,#6,15.);
#4101=IFCSHAPEREPRESENTATION(#11,'Body','SweptSolid',(#4100));
#4102=IFCPRODUCTDEFINITIONSHAPE($,$,(#4101));
#4103=IFCLOCALPLACEMENT(#13,#8);
#4104=IFCBUILDINGELEMENTPROXY('1lZh20y4a0rTziPl5lV40_',$,'Building 55865894',$,$,#4103,#4102,$,.ELEMENT.);
#4105=IFCPROPERTYSINGLEVALUE('osm_id',$,IFCLABEL('way/55865894'),$);
#4106=IFCPROPERTYSINGLEVALUE('height_source',$,IFCLABEL('tag:levels'),$);
#4107=IFCPROPERTYSINGLEVALUE('height_m',$,IFCREAL(15.),$);
#4108=IFCPROPERTYSET('1h9_VZv_rDzFIcXs3IxphW',$,'Pset_SiteContext',$,(#4105,#4106,#4107));
#4109=IFCRELDEFINESBYPROPERTIES('30uIinKZMJ1g1hYf2fjSix',$,$,$,(#4104),#4108);
#4110=IFCCARTESIANPOINT((156.31832051847596,278.77398299984634));
#4111=IFCCARTESIANPOINT((157.78903286613058,281.86440812423825));
#4112=IFCCARTESIANPOINT((153.00463573238812,284.4944697106257));
#4113=IFCCARTESIANPOINT((150.02405718213413,286.0867516351864));
#4114=IFCCARTESIANPOINT((148.08912452787627,282.7554873805493));
#4115=IFCCARTESIANPOINT((148.314563645632,282.50900576263666));
#4116=IFCCARTESIANPOINT((145.18040052743163,276.98581114038825));
#4117=IFCCARTESIANPOINT((137.5590204531327,261.0911012645811));
#4118=IFCCARTESIANPOINT((136.61802856670693,259.0749780694023));
#4119=IFCCARTESIANPOINT((143.5889584114775,255.54854626953602));
#4120=IFCCARTESIANPOINT((144.5826710142428,255.04002278577536));
#4121=IFCCARTESIANPOINT((145.41260830208194,256.9347366821021));
#4122=IFCPOLYLINE((#4110,#4111,#4112,#4113,#4114,#4115,#4116,#4117,#4118,#4119,#4120,#4121,#4110));
#4123=IFCARBITRARYCLOSEDPROFILEDEF(.AREA.,$,#4122);
#4124=IFCEXTRUDEDAREASOLID(#4123,#8,#6,9.);
#4125=IFCSHAPEREPRESENTATION(#11,'Body','SweptSolid',(#4124));
#4126=IFCPRODUCTDEFINITIONSHAPE($,$,(#4125));
#4127=IFCLOCALPLACEMENT(#13,#8);
#4128=IFCBUILDINGELEMENTPROXY('1_zteDqI1ol0dqAuOiefno',$,'Building 55865944',$,$,#4127,#4126,$,.ELEMENT.);
#4129=IFCPROPERTYSINGLEVALUE('osm_id',$,IFCLABEL('way/55865944'),$);
#4130=IFCPROPERTYSINGLEVALUE('height_source',$,IFCLABEL('fallback'),$);
#4131=IFCPROPERTYSINGLEVALUE('height_m',$,IFCREAL(9.),$);
#4132=IFCPROPERTYSET('3aHQl1jyoj9z0gXR_CqYqa',$,'Pset_SiteContext',$,(#4129,#4130,#4131));
#4133=IFCRELDEFINESBYPROPERTIES('1Y3lUdMYGdYKbeiX$QOMf_',$,$,$,(#4128),#4132);
#4134=IFCCARTESIANPOINT((105.28519313514698,221.1123111769557));
#4135=IFCCARTESIANPOINT((105.77925553033128,222.3092152448371));
#4136=IFCCARTESIANPOINT((111.73066236416344,218.8244520854205));
#4137=IFCCARTESIANPOINT((112.14589448622428,219.35480827651918));
#4138=IFCCARTESIANPOINT((117.2367464385461,216.51092856004834));
#4139=IFCCARTESIANPOINT((116.48325696622487,214.9936699019745));
#4140=IFCCARTESIANPOINT((123.06346390279941,211.236895035021));
#4141=IFCCARTESIANPOINT((124.70152740040794,212.35771983116865));
#4142=IFCCARTESIANPOINT((132.72892341285478,226.7478997465223));
#4143=IFCCARTESIANPOINT((127.8591789312195,229.71227575466037));
#4144=IFCCARTESIANPOINT((117.30213184771128,235.25853503029794));
#4145=IFCCARTESIANPOINT((106.79997659428045,240.3373289871961));
#4146=IFCCARTESIANPOINT((106.51553397229873,239.65022390894592));
#4147=IFCCARTESIANPOINT((100.6104768035002,226.38805151358247));
#4148=IFCCARTESIANPOINT((99.68892813846469,224.06041851826012));
#4149=IFCPOLYLINE((#4134,#4135,#4136,#4137,#4138,#4139,#4140,#4141,#4142,#4143,#4144,#4145,#4146,#4147,#4148,#4134));
#4150=IFCARBITRARYCLOSEDPROFILEDEF(.AREA.,$,#4149);
#4151=IFCEXTRUDEDAREASOLID(#4150,#8,#6,9.);
#4152=IFCSHAPEREPRESENTATION(#11,'Body','SweptSolid',(#4151));
#4153=IFCPRODUCTDEFINITIONSHAPE($,$,(#4152));
#4154=IFCLOCALPLACEMENT(#13,#8);
#4155=IFCBUILDINGELEMENTPROXY('2B7fshygAYzVhkf_s2QD2a',$,'D''win',$,$,#4154,#4153,$,.ELEMENT.);
#4156=IFCPROPERTYSINGLEVALUE('osm_id',$,IFCLABEL('way/55940138'),$);
#4157=IFCPROPERTYSINGLEVALUE('height_source',$,IFCLABEL('tag:levels'),$);
#4158=IFCPROPERTYSINGLEVALUE('height_m',$,IFCREAL(9.),$);
#4159=IFCPROPERTYSET('0i1PkOzZEFYmdvdHu8mfRX',$,'Pset_SiteContext',$,(#4156,#4157,#4158));
#4160=IFCRELDEFINESBYPROPERTIES('1JNdyY4dYVnh1yNj8ynpzo',$,$,$,(#4155),#4159);
#4161=IFCCARTESIANPOINT((128.3569734375924,246.6104432446882));
#4162=IFCCARTESIANPOINT((132.56396579369903,244.25196379981935));
#4163=IFCCARTESIANPOINT((136.37972557113972,251.4709183583036));
#4164=IFCCARTESIANPOINT((133.17223919194657,253.13178412243724));
#4165=IFCCARTESIANPOINT((132.18595502339303,253.65136867947876));
#4166=IFCPOLYLINE((#4161,#4162,#4163,#4164,#4165,#4161));
#4167=IFCARBITRARYCLOSEDPROFILEDEF(.AREA.,$,#4166);
#4168=IFCEXTRUDEDAREASOLID(#4167,#8,#6,18.);
#4169=IFCSHAPEREPRESENTATION(#11,'Body','SweptSolid',(#4168));
#4170=IFCPRODUCTDEFINITIONSHAPE($,$,(#4169));
#4171=IFCLOCALPLACEMENT(#13,#8);
#4172=IFCBUILDINGELEMENTPROXY('17lwKLwP63sG4Qpij9kFO0',$,'Building 55940139',$,$,#4171,#4170,$,.ELEMENT.);
#4173=IFCPROPERTYSINGLEVALUE('osm_id',$,IFCLABEL('way/55940139'),$);
#4174=IFCPROPERTYSINGLEVALUE('height_source',$,IFCLABEL('tag:levels'),$);
#4175=IFCPROPERTYSINGLEVALUE('height_m',$,IFCREAL(18.),$);
#4176=IFCPROPERTYSET('3RnYgdcup2Ygw3MnGEVwos',$,'Pset_SiteContext',$,(#4173,#4174,#4175));
#4177=IFCRELDEFINESBYPROPERTIES('1TUvGe9ZjJoobgbgjR7g4k',$,$,$,(#4172),#4176);
#4178=IFCCARTESIANPOINT((150.51474153948948,216.89474565535784));
#4179=IFCCARTESIANPOINT((147.8841148003703,218.217288069427));
#4180=IFCCARTESIANPOINT((139.3988563985331,200.77286356687546));
#4181=IFCCARTESIANPOINT((139.26260860287584,200.26246310491115));
#4182=IFCCARTESIANPOINT((139.96267350646667,199.73410148825496));
#4183=IFCCARTESIANPOINT((139.64345864928328,199.2807971900329));
#4184=IFCCARTESIANPOINT((170.42426124832127,185.8853735793382));
#4185=IFCCARTESIANPOINT((170.73856593261007,185.73824560362846));
#4186=IFCCARTESIANPOINT((174.88191476359498,195.334200585261));
#4187=IFCCARTESIANPOINT((177.2450844424311,200.7858703751117));
#4188=IFCCARTESIANPOINT((186.50350850343239,222.17159278783947));
#4189=IFCCARTESIANPOINT((165.29870880558155,232.95330005697906));
#4190=IFCCARTESIANPOINT((160.54913333954755,235.36067144107074));
#4191=IFCCARTESIANPOINT((159.24854203825817,236.02737990766764));
#4192=IFCPOLYLINE((#4178,#4179,#4180,#4181,#4182,#4183,#4184,#4185,#4186,#4187,#4188,#4189,#4190,#4191,#4178));
#4193=IFCARBITRARYCLOSEDPROFILEDEF(.AREA.,$,#4192);
#4194=IFCEXTRUDEDAREASOLID(#4193,#8,#6,12.);
#4195=IFCSHAPEREPRESENTATION(#11,'Body','SweptSolid',(#4194));
#4196=IFCPRODUCTDEFINITIONSHAPE($,$,(#4195));
#4197=IFCLOCALPLACEMENT(#13,#8);
#4198=IFCBUILDINGELEMENTPROXY('0O_DHCcDMNSuHAXUam$6ha',$,'Building 55940143',$,$,#4197,#4196,$,.ELEMENT.);
#4199=IFCPROPERTYSINGLEVALUE('osm_id',$,IFCLABEL('way/55940143'),$);
#4200=IFCPROPERTYSINGLEVALUE('height_source',$,IFCLABEL('tag:levels'),$);
#4201=IFCPROPERTYSINGLEVALUE('height_m',$,IFCREAL(12.),$);
#4202=IFCPROPERTYSET('2UQSHh2vM8$jByCtS4TxR_',$,'Pset_SiteContext',$,(#4199,#4200,#4201));
#4203=IFCRELDEFINESBYPROPERTIES('33DpShzNSTWH4T11YYkW4M',$,$,$,(#4198),#4202);
#4204=IFCCARTESIANPOINT((198.15337322291452,204.88504662923515));
#4205=IFCCARTESIANPOINT((201.13618709193543,203.55965006165206));
#4206=IFCCARTESIANPOINT((202.28977356653195,206.4525173343718));
#4207=IFCCARTESIANPOINT((204.21057093713898,209.85063240583986));
#4208=IFCCARTESIANPOINT((204.70775170158595,209.63529295660555));
#4209=IFCCARTESIANPOINT((205.61765431822278,211.44040230382234));
#4210=IFCCARTESIANPOINT((205.62528413068503,212.37441087141633));
#4211=IFCCARTESIANPOINT((205.6541274950141,214.10887836199254));
#4212=IFCCARTESIANPOINT((206.07986721070483,215.0283515797928));
#4213=IFCCARTESIANPOINT((200.3080064151436,218.04451490566134));
#4214=IFCCARTESIANPOINT((194.39775088836905,221.18413372244686));
#4215=IFCCARTESIANPOINT((193.8912358682137,221.15491271950305));
#4216=IFCCARTESIANPOINT((193.45645393291488,220.92494756169617));
#4217=IFCCARTESIANPOINT((189.87504829256795,212.74773183558136));
#4218=IFCCARTESIANPOINT((188.51429826195817,209.64528180938214));
#4219=IFCPOLYLINE((#4204,#4205,#4206,#4207,#4208,#4209,#4210,#4211,#4212,#4213,#4214,#4215,#4216,#4217,#4218,#4204));
#4220=IFCARBITRARYCLOSEDPROFILEDEF(.AREA.,$,#4219);
#4221=IFCEXTRUDEDAREASOLID(#4220,#8,#6,18.);
#4222=IFCSHAPEREPRESENTATION(#11,'Body','SweptSolid',(#4221));
#4223=IFCPRODUCTDEFINITIONSHAPE($,$,(#4222));
#4224=IFCLOCALPLACEMENT(#13,#8);
#4225=IFCBUILDINGELEMENTPROXY('1L$CQ7ps$y3HLSNUbEAyIm',$,'Building 55940144',$,$,#4224,#4223,$,.ELEMENT.);
#4226=IFCPROPERTYSINGLEVALUE('osm_id',$,IFCLABEL('way/55940144'),$);
#4227=IFCPROPERTYSINGLEVALUE('height_source',$,IFCLABEL('tag:levels'),$);
#4228=IFCPROPERTYSINGLEVALUE('height_m',$,IFCREAL(18.),$);
#4229=IFCPROPERTYSET('1QU7OCuylZvPN6ZIsmNk0P',$,'Pset_SiteContext',$,(#4226,#4227,#4228));
#4230=IFCRELDEFINESBYPROPERTIES('0O4kYDdxmkEra4tru8zyjX',$,$,$,(#4225),#4229);
#4231=IFCCARTESIANPOINT((205.6541274950141,214.10887836199254));
#4232=IFCCARTESIANPOINT((205.62528413068503,212.37441087141633));
#4233=IFCCARTESIANPOINT((205.61765431822278,211.44040230382234));
#4234=IFCCARTESIANPOINT((204.70775170158595,209.63529295660555));
#4235=IFCCARTESIANPOINT((204.21057093713898,209.85063240583986));
#4236=IFCCARTESIANPOINT((202.28977356653195,206.4525173343718));
#4237=IFCCARTESIANPOINT((201.13618709193543,203.55965006165206));
#4238=IFCCARTESIANPOINT((199.89201343560126,200.35616622213274));
#4239=IFCCARTESIANPOINT((199.6976210308494,199.9129587598145));
#4240=IFCCARTESIANPOINT((200.61934196203947,199.57183175254613));
#4241=IFCCARTESIANPOINT((201.28177108359523,200.7228885423392));
#4242=IFCCARTESIANPOINT((202.0777659107698,200.26047010347247));
#4243=IFCCARTESIANPOINT((200.2872111813631,196.63889410719275));
#4244=IFCCARTESIANPOINT((198.5609768764116,197.29795097373426));
#4245=IFCCARTESIANPOINT((196.74297933198977,193.91011803690344));
#4246=IFCCARTESIANPOINT((198.56295872607734,193.05013672728091));
#4247=IFCCARTESIANPOINT((204.27071926323697,190.2680137855932));
#4248=IFCCARTESIANPOINT((209.3569750362076,197.63231261540204));
#4249=IFCCARTESIANPOINT((214.68081298936158,205.3393924543634));
#4250=IFCCARTESIANPOINT((214.23804376274347,208.62337656039745));
#4251=IFCCARTESIANPOINT((208.88753224967513,211.12457477860153));
#4252=IFCCARTESIANPOINT((207.8276839364553,211.62250728625804));
#4253=IFCCARTESIANPOINT((206.24073304154444,214.96031814813614));
#4254=IFCCARTESIANPOINT((206.07986721070483,215.0283515797928));
#4255=IFCPOLYLINE((#4231,#4232,#4233,#4234,#4235,#4236,#4237,#4238,#4239,#4240,#4241,#4242,#4243,#4244,#4245,#4246,#4247,#4248,#4249,#4250,#4251,#4252,#4253,#4254,#4231));
#4256=IFCARBITRARYCLOSEDPROFILEDEF(.AREA.,$,#4255);
#4257=IFCEXTRUDEDAREASOLID(#4256,#8,#6,21.);
#4258=IFCSHAPEREPRESENTATION(#11,'Body','SweptSolid',(#4257));
#4259=IFCPRODUCTDEFINITIONSHAPE($,$,(#4258));
#4260=IFCLOCALPLACEMENT(#13,#8);
#4261=IFCBUILDINGELEMENTPROXY('1cSVxspeWFriFShr_z5qRw',$,'Building 55940145',$,$,#4260,#4259,$,.ELEMENT.);
#4262=IFCPROPERTYSINGLEVALUE('osm_id',$,IFCLABEL('way/55940145'),$);
#4263=IFCPROPERTYSINGLEVALUE('height_source',$,IFCLABEL('tag:levels'),$);
#4264=IFCPROPERTYSINGLEVALUE('height_m',$,IFCREAL(21.),$);
#4265=IFCPROPERTYSET('3w2vTLwTqYWWD7tAqtFAcC',$,'Pset_SiteContext',$,(#4262,#4263,#4264));
#4266=IFCRELDEFINESBYPROPERTIES('2UA6Rh1YNwVrH1QYmlKMYx',$,$,$,(#4261),#4265);
#4267=IFCCARTESIANPOINT((200.728965521208,185.1484389444813));
#4268=IFCCARTESIANPOINT((201.9837977954885,186.96184932999313));
#4269=IFCCARTESIANPOINT((204.27071926323697,190.2680137855932));
#4270=IFCCARTESIANPOINT((198.56295872607734,193.05013672728091));
#4271=IFCCARTESIANPOINT((196.64431117719505,189.01817264407873));
#4272=IFCCARTESIANPOINT((193.89490833785385,190.17486579157412));
#4273=IFCCARTESIANPOINT((193.9340458061779,190.47478302940726));
#4274=IFCCARTESIANPOINT((192.26705058093648,191.20007703639567));
#4275=IFCCARTESIANPOINT((193.7786287968047,194.80169015098363));
#4276=IFCCARTESIANPOINT((196.60148907173425,193.65551659837365));
#4277=IFCCARTESIANPOINT((196.74297933198977,193.91011803690344));
#4278=IFCCARTESIANPOINT((198.5609768764116,197.29795097373426));
#4279=IFCCARTESIANPOINT((199.6976210308494,199.9129587598145));
#4280=IFCCARTESIANPOINT((199.89201343560126,200.35616622213274));
#4281=IFCCARTESIANPOINT((196.83682879107073,201.8044734802097));
#4282=IFCCARTESIANPOINT((198.15337322291452,204.88504662923515));
#4283=IFCCARTESIANPOINT((188.51429826195817,209.64528180938214));
#4284=IFCCARTESIANPOINT((183.94903053890448,198.69613770768046));
#4285=IFCCARTESIANPOINT((177.07022938143928,182.9843553584069));
#4286=IFCCARTESIANPOINT((194.11302480543964,175.56154924537987));
#4287=IFCPOLYLINE((#4267,#4268,#4269,#4270,#4271,#4272,#4273,#4274,#4275,#4276,#4277,#4278,#4279,#4280,#4281,#4282,#4283,#4284,#4285,#4286,#4267));
#4288=IFCARBITRARYCLOSEDPROFILEDEF(.AREA.,$,#4287);
#4289=IFCEXTRUDEDAREASOLID(#4288,#8,#6,9.);
#4290=IFCSHAPEREPRESENTATION(#11,'Body','SweptSolid',(#4289));
#4291=IFCPRODUCTDEFINITIONSHAPE($,$,(#4290));
#4292=IFCLOCALPLACEMENT(#13,#8);
#4293=IFCBUILDINGELEMENTPROXY('3wkmBNaSSsBtQApCWHKEhp',$,'Building 55940148',$,$,#4292,#4291,$,.ELEMENT.);
#4294=IFCPROPERTYSINGLEVALUE('osm_id',$,IFCLABEL('way/55940148'),$);
#4295=IFCPROPERTYSINGLEVALUE('height_source',$,IFCLABEL('fallback'),$);
#4296=IFCPROPERTYSINGLEVALUE('height_m',$,IFCREAL(9.),$);
#4297=IFCPROPERTYSET('026jtuAXwBPWdihazjRgij',$,'Pset_SiteContext',$,(#4294,#4295,#4296));
#4298=IFCRELDEFINESBYPROPERTIES('1AiUaZ2CVlkpnz2lFd8Wt6',$,$,$,(#4293),#4297);
#4299=IFCCARTESIANPOINT((100.84834220737685,204.35759512055665));
#4300=IFCCARTESIANPOINT((104.42155943391845,210.62220169976354));
#4301=IFCCARTESIANPOINT((109.9734546507243,207.62998298648745));
#4302=IFCCARTESIANPOINT((107.9313883689465,203.76585597731173));
#4303=IFCCARTESIANPOINT((104.3931782032596,205.36272476334125));
#4304=IFCCARTESIANPOINT((101.08936649013776,204.2221831586212));
#4305=IFCCARTESIANPOINT((111.74001450650394,198.4527320927009));
#4306=IFCCARTESIANPOINT((113.99755349673796,197.26666577719152));
#4307=IFCCARTESIANPOINT((120.57283428334631,209.04441808816046));
#4308=IFCCARTESIANPOINT((121.2311262252042,210.5846960330382));
#4309=IFCCARTESIANPOINT((104.5674750932958,219.48356222268194));
#4310=IFCCARTESIANPOINT((105.28519313514698,221.1123111769557));
#4311=IFCCARTESIANPOINT((99.68892813846469,224.06041851826012));
#4312=IFCCARTESIANPOINT((93.55872664798517,210.18850392103195));
#4313=IFCCARTESIANPOINT((93.00487326097209,208.8586518568918));
#4314=IFCCARTESIANPOINT((92.907491001999,208.61481160856783));
#4315=IFCCARTESIANPOINT((95.73483951459639,207.12383514735848));
#4316=IFCPOLYLINE((#4299,#4300,#4301,#4302,#4303,#4304,#4305,#4306,#4307,#4308,#4309,#4310,#4311,#4312,#4313,#4314,#4315,#4299));
#4317=IFCARBITRARYCLOSEDPROFILEDEF(.AREA.,$,#4316);
#4318=IFCEXTRUDEDAREASOLID(#4317,#8,#6,9.);
#4319=IFCSHAPEREPRESENTATION(#11,'Body','SweptSolid',(#4318));
#4320=IFCPRODUCTDEFINITIONSHAPE($,$,(#4319));
#4321=IFCLOCALPLACEMENT(#13,#8);
#4322=IFCBUILDINGELEMENTPROXY('2e6fjFR8maX5dvvrDZrcwF',$,'Building 55940151',$,$,#4321,#4320,$,.ELEMENT.);
#4323=IFCPROPERTYSINGLEVALUE('osm_id',$,IFCLABEL('way/55940151'),$);
#4324=IFCPROPERTYSINGLEVALUE('height_source',$,IFCLABEL('fallback'),$);
#4325=IFCPROPERTYSINGLEVALUE('height_m',$,IFCREAL(9.),$);
#4326=IFCPROPERTYSET('36wAHQnigmSERINhQFAGeE',$,'Pset_SiteContext',$,(#4323,#4324,#4325));
#4327=IFCRELDEFINESBYPROPERTIES('2MlV72aDDmjq46xn02$FZw',$,$,$,(#4322),#4326);
#4328=IFCCARTESIANPOINT((113.99755349673796,197.26666577719152));
#4329=IFCCARTESIANPOINT((111.56878084479831,192.77186907920986));
#4330=IFCCARTESIANPOINT((130.77174932230264,182.13978589512408));
#4331=IFCCARTESIANPOINT((133.31917515851092,186.78929789643735));
#4332=IFCCARTESIANPOINT((136.39970491512213,192.92451529111713));
#4333=IFCCARTESIANPOINT((139.30132353433874,198.7164814900607));
#4334=IFCCARTESIANPOINT((120.57283428334631,209.04441808816046));
#4335=IFCPOLYLINE((#4328,#4329,#4330,#4331,#4332,#4333,#4334,#4328));
#4336=IFCARBITRARYCLOSEDPROFILEDEF(.AREA.,$,#4335);
#4337=IFCEXTRUDEDAREASOLID(#4336,#8,#6,9.);
#4338=IFCSHAPEREPRESENTATION(#11,'Body','SweptSolid',(#4337));
#4339=IFCPRODUCTDEFINITIONSHAPE($,$,(#4338));
#4340=IFCLOCALPLACEMENT(#13,#8);
#4341=IFCBUILDINGELEMENTPROXY('0USgioYUC4HCdfghT29NN3',$,'Building 55940153',$,$,#4340,#4339,$,.ELEMENT.);
#4342=IFCPROPERTYSINGLEVALUE('osm_id',$,IFCLABEL('way/55940153'),$);
#4343=IFCPROPERTYSINGLEVALUE('height_source',$,IFCLABEL('fallback'),$);
#4344=IFCPROPERTYSINGLEVALUE('height_m',$,IFCREAL(9.),$);
#4345=IFCPROPERTYSET('0W_ABNQlTr9u9Du__bOa7N',$,'Pset_SiteContext',$,(#4342,#4343,#4344));
#4346=IFCRELDEFINESBYPROPERTIES('1_HQZ9EU19LqbP4ew0Pzrm',$,$,$,(#4341),#4345);
#4347=IFCCARTESIANPOINT((119.91283277096227,251.22757923789322));
#4348=IFCCARTESIANPOINT((128.3569734375924,246.6104432446882));
#4349=IFCCARTESIANPOINT((132.18595502339303,253.65136867947876));
#4350=IFCCARTESIANPOINT((124.2232298940653,257.919843159616));
#4351=IFCCARTESIANPOINT((123.66075294686016,258.224683156237));
#4352=IFCPOLYLINE((#4347,#4348,#4349,#4350,#4351,#4347));
#4353=IFCARBITRARYCLOSEDPROFILEDEF(.AREA.,$,#4352);
#4354=IFCEXTRUDEDAREASOLID(#4353,#8,#6,21.);
#4355=IFCSHAPEREPRESENTATION(#11,'Body','SweptSolid',(#4354));
#4356=IFCPRODUCTDEFINITIONSHAPE($,$,(#4355));
#4357=IFCLOCALPLACEMENT(#13,#8);
#4358=IFCBUILDINGELEMENTPROXY('1qW9hF$_OeL6rsMOdS6_HD',$,'Building 55940156',$,$,#4357,#4356,$,.ELEMENT.);
#4359=IFCPROPERTYSINGLEVALUE('osm_id',$,IFCLABEL('way/55940156'),$);
#4360=IFCPROPERTYSINGLEVALUE('height_source',$,IFCLABEL('tag:levels'),$);
#4361=IFCPROPERTYSINGLEVALUE('height_m',$,IFCREAL(21.),$);
#4362=IFCPROPERTYSET('0pYJU4w4gUtXYMCAPHCWR_',$,'Pset_SiteContext',$,(#4359,#4360,#4361));
#4363=IFCRELDEFINESBYPROPERTIES('3ANbbE5umGOvp3wXZt8rkV',$,$,$,(#4358),#4362);
#4364=IFCCARTESIANPOINT((157.3075324720703,121.58623078092933));
#4365=IFCCARTESIANPOINT((158.4215346715646,123.22286444436759));
#4366=IFCCARTESIANPOINT((162.6990864087129,129.4817435014993));
#4367=IFCCARTESIANPOINT((157.57654212240595,132.94855321291834));
#4368=IFCCARTESIANPOINT((156.43925768544432,131.15643158834428));
#4369=IFCCARTESIANPOINT((154.646003957605,132.59444107487798));
#4370=IFCCARTESIANPOINT((155.68654434930068,134.2205552039668));
#4371=IFCCARTESIANPOINT((148.7537198915379,138.83640494011343));
#4372=IFCCARTESIANPOINT((146.00218352803495,136.14565718453377));
#4373=IFCCARTESIANPOINT((149.90462930337526,133.32264885585755));
#4374=IFCCARTESIANPOINT((147.3929987512529,129.4623505724594));
#4375=IFCCARTESIANPOINT((146.2543438031571,130.1944560734555));
#4376=IFCCARTESIANPOINT((145.38048809638713,129.2119336500764));
#4377=IFCCARTESIANPOINT((148.3006940804189,126.50815726816654));
#4378=IFCCARTESIANPOINT((145.24187882232945,123.03041143342853));
#4379=IFCCARTESIANPOINT((147.81709741102532,121.20792754553258));
#4380=IFCCARTESIANPOINT((146.78986233798787,119.41490788199008));
#4381=IFCCARTESIANPOINT((145.0257140211761,119.02902113832533));
#4382=IFCCARTESIANPOINT((142.74749135563616,120.38204177189618));
#4383=IFCCARTESIANPOINT((137.66484440199565,114.37440114002675));
#4384=IFCCARTESIANPOINT((139.03810297616292,113.6181351756677));
#4385=IFCCARTESIANPOINT((143.61801916814875,111.089818242006));
#4386=IFCCARTESIANPOINT((151.35905207518954,112.88352655339986));
#4387=IFCPOLYLINE((#4364,#4365,#4366,#4367,#4368,#4369,#4370,#4371,#4372,#4373,#4374,#4375,#4376,#4377,#4378,#4379,#4380,#4381,#4382,#4383,#4384,#4385,#4386,#4364));
#4388=IFCARBITRARYCLOSEDPROFILEDEF(.AREA.,$,#4387);
#4389=IFCEXTRUDEDAREASOLID(#4388,#8,#6,18.);
#4390=IFCSHAPEREPRESENTATION(#11,'Body','SweptSolid',(#4389));
#4391=IFCPRODUCTDEFINITIONSHAPE($,$,(#4390));
#4392=IFCLOCALPLACEMENT(#13,#8);
#4393=IFCBUILDINGELEMENTPROXY('1aBF$i3L1Q4EJTZD4NkBjy',$,'Building 55940161',$,$,#4392,#4391,$,.ELEMENT.);
#4394=IFCPROPERTYSINGLEVALUE('osm_id',$,IFCLABEL('way/55940161'),$);
#4395=IFCPROPERTYSINGLEVALUE('height_source',$,IFCLABEL('tag:levels'),$);
#4396=IFCPROPERTYSINGLEVALUE('height_m',$,IFCREAL(18.),$);
#4397=IFCPROPERTYSET('2UWXd7w7dXw9cvXpLjNazw',$,'Pset_SiteContext',$,(#4394,#4395,#4396));
#4398=IFCRELDEFINESBYPROPERTIES('1_MuUcPo9eokIz1yi$Qt5Z',$,$,$,(#4393),#4397);
#4399=IFCCARTESIANPOINT((132.56396579369903,244.25196379981935));
#4400=IFCCARTESIANPOINT((131.2194122908404,241.33843196649104));
#4401=IFCCARTESIANPOINT((133.18428415700328,240.25484621245414));
#4402=IFCCARTESIANPOINT((135.9055460303789,238.35332075785846));
#4403=IFCCARTESIANPOINT((139.34588518168312,246.3203812474385));
#4404=IFCCARTESIANPOINT((140.68218709353823,249.12278358638287));
#4405=IFCCARTESIANPOINT((139.67416401475202,249.67590435780585));
#4406=IFCCARTESIANPOINT((136.37972557113972,251.4709183583036));
#4407=IFCPOLYLINE((#4399,#4400,#4401,#4402,#4403,#4404,#4405,#4406,#4399));
#4408=IFCARBITRARYCLOSEDPROFILEDEF(.AREA.,$,#4407);
#4409=IFCEXTRUDEDAREASOLID(#4408,#8,#6,9.);
#4410=IFCSHAPEREPRESENTATION(#11,'Body','SweptSolid',(#4409));
#4411=IFCPRODUCTDEFINITIONSHAPE($,$,(#4410));
#4412=IFCLOCALPLACEMENT(#13,#8);
#4413=IFCBUILDINGELEMENTPROXY('2lb3QHpwGBrsW1qILf2kjM',$,'Building 55940162',$,$,#4412,#4411,$,.ELEMENT.);
#4414=IFCPROPERTYSINGLEVALUE('osm_id',$,IFCLABEL('way/55940162'),$);
#4415=IFCPROPERTYSINGLEVALUE('height_source',$,IFCLABEL('fallback'),$);
#4416=IFCPROPERTYSINGLEVALUE('height_m',$,IFCREAL(9.),$);
#4417=IFCPROPERTYSET('0gxPaewPuJH3xX$rt4FaOP',$,'Pset_SiteContext',$,(#4414,#4415,#4416));
#4418=IFCRELDEFINESBYPROPERTIES('0MTBDDICHq3tYgZtd9sHtA',$,$,$,(#4413),#4417);
#4419=IFCCARTESIANPOINT((82.70975666830782,154.11077971942723));
#4420=IFCCARTESIANPOINT((80.57205680548213,155.59611318539828));
#4421=IFCCARTESIANPOINT((82.13703604636248,158.5411859396845));
#4422=IFCCARTESIANPOINT((82.77662358153611,158.69162611104548));
#4423=IFCCARTESIANPOINT((84.63879781996366,157.60886586643755));
#4424=IFCCARTESIANPOINT((86.07043499033898,160.39935330301523));
#4425=IFCCARTESIANPOINT((83.50701299903449,161.8659324431792));
#4426=IFCCARTESIANPOINT((84.9793929856969,164.25577001273632));
#4427=IFCCARTESIANPOINT((87.2795046310639,162.89142679795623));
#4428=IFCCARTESIANPOINT((88.39073482144158,165.084064793773));
#4429=IFCCARTESIANPOINT((89.19140789133962,166.08941800612956));
#4430=IFCCARTESIANPOINT((90.50360884668771,167.7355361431837));
#4431=IFCCARTESIANPOINT((83.06645081273746,172.57799411192536));
#4432=IFCCARTESIANPOINT((77.08919921144843,163.9534369353205));
#4433=IFCCARTESIANPOINT((73.43607878079638,158.69029365386814));
#4434=IFCCARTESIANPOINT((68.22930995270144,150.97126574162394));
#4435=IFCCARTESIANPOINT((77.43067952618003,145.62506385426968));
#4436=IFCCARTESIANPOINT((78.54652138357051,147.4840653045103));
#4437=IFCPOLYLINE((#4419,#4420,#4421,#4422,#4423,#4424,#4425,#4426,#4427,#4428,#4429,#4430,#4431,#4432,#4433,#4434,#4435,#4436,#4419));
#4438=IFCARBITRARYCLOSEDPROFILEDEF(.AREA.,$,#4437);
#4439=IFCEXTRUDEDAREASOLID(#4438,#8,#6,15.);
#4440=IFCSHAPEREPRESENTATION(#11,'Body','SweptSolid',(#4439));
#4441=IFCPRODUCTDEFINITIONSHAPE($,$,(#4440));
#4442=IFCLOCALPLACEMENT(#13,#8);
#4443=IFCBUILDINGELEMENTPROXY('3KF2TykmX7GCovL1GZD2Ss',$,'Building 55940163',$,$,#4442,#4441,$,.ELEMENT.);
#4444=IFCPROPERTYSINGLEVALUE('osm_id',$,IFCLABEL('way/55940163'),$);
#4445=IFCPROPERTYSINGLEVALUE('height_source',$,IFCLABEL('tag:levels'),$);
#4446=IFCPROPERTYSINGLEVALUE('height_m',$,IFCREAL(15.),$);
#4447=IFCPROPERTYSET('31oX7K9W2_cO9FK1vQDJcr',$,'Pset_SiteContext',$,(#4444,#4445,#4446));
#4448=IFCRELDEFINESBYPROPERTIES('38rsE7__$EOGwNuKHp6ivd',$,$,$,(#4443),#4447);
#4449=IFCCARTESIANPOINT((159.8555664398009,155.02513170894235));
#4450=IFCCARTESIANPOINT((157.13388043188024,150.59943198319525));
#4451=IFCCARTESIANPOINT((160.65364619891625,148.5357120661065));
#4452=IFCCARTESIANPOINT((161.0519684475148,146.99791083857417));
#4453=IFCCARTESIANPOINT((160.0706728543155,145.43803049996495));
#4454=IFCCARTESIANPOINT((159.8517464917386,145.58437911234796));
#4455=IFCCARTESIANPOINT((158.97589515545405,144.35723337437958));
#4456=IFCCARTESIANPOINT((157.6173152573174,145.11337481066585));
#4457=IFCCARTESIANPOINT((155.8826490804786,142.94806187599897));
#4458=IFCCARTESIANPOINT((152.63207518612035,144.73158598598093));
#4459=IFCCARTESIANPOINT((151.53102152631618,142.8835694361478));
#4460=IFCCARTESIANPOINT((151.8876220410457,142.52481676638126));
#4461=IFCCARTESIANPOINT((148.7537198915379,138.83640494011343));
#4462=IFCCARTESIANPOINT((155.68654434930068,134.2205552039668));
#4463=IFCCARTESIANPOINT((157.57654212240595,132.94855321291834));
#4464=IFCCARTESIANPOINT((162.6990864087129,129.4817435014993));
#4465=IFCCARTESIANPOINT((163.493778014672,130.6539538083598));
#4466=IFCCARTESIANPOINT((174.01740912289824,146.1246413970366));
#4467=IFCPOLYLINE((#4449,#4450,#4451,#4452,#4453,#4454,#4455,#4456,#4457,#4458,#4459,#4460,#4461,#4462,#4463,#4464,#4465,#4466,#4449));
#4468=IFCARBITRARYCLOSEDPROFILEDEF(.AREA.,$,#4467);
#4469=IFCEXTRUDEDAREASOLID(#4468,#8,#6,21.);
#4470=IFCSHAPEREPRESENTATION(#11,'Body','SweptSolid',(#4469));
#4471=IFCPRODUCTDEFINITIONSHAPE($,$,(#4470));
#4472=IFCLOCALPLACEMENT(#13,#8);
#4473=IFCBUILDINGELEMENTPROXY('29vqsKgc9Dbfo94vse9_9r',$,'Building 55940165',$,$,#4472,#4471,$,.ELEMENT.);
#4474=IFCPROPERTYSINGLEVALUE('osm_id',$,IFCLABEL('way/55940165'),$);
#4475=IFCPROPERTYSINGLEVALUE('height_source',$,IFCLABEL('tag:levels'),$);
#4476=IFCPROPERTYSINGLEVALUE('height_m',$,IFCREAL(21.),$);
#4477=IFCPROPERTYSET('2DkQH3Yem61mLa7knrPY0s',$,'Pset_SiteContext',$,(#4474,#4475,#4476));
#4478=IFCRELDEFINESBYPROPERTIES('3gb9j7J8VDKsERzBoL1KuE',$,$,$,(#4473),#4477);
#4479=IFCCARTESIANPOINT((106.89194855338428,188.82923025172204));
#4480=IFCCARTESIANPOINT((107.83647593390197,190.3782832697034));
#4481=IFCCARTESIANPOINT((109.66350732150022,189.48485656548291));
#4482=IFCCARTESIANPOINT((111.44966149458196,192.56156614981592));
#4483=IFCCARTESIANPOINT((105.70744719926734,195.61094039399177));
#4484=IFCCARTESIANPOINT((105.70999583171215,195.92227649595588));
#4485=IFCCARTESIANPOINT((105.50086725386791,196.3687841175124));
#4486=IFCCARTESIANPOINT((104.9340521642007,197.04061768297106));
#4487=IFCCARTESIANPOINT((104.10056091682054,197.40327744558454));
#4488=IFCCARTESIANPOINT((104.83159010729287,198.86511872522533));
#4489=IFCCARTESIANPOINT((105.16202257585246,198.8957734014839));
#4490=IFCCARTESIANPOINT((105.16462622047402,198.317517708987));
#4491=IFCCARTESIANPOINT((105.54004524566699,197.56941170897335));
#4492=IFCCARTESIANPOINT((109.87967432150617,195.27655050437897));
#4493=IFCCARTESIANPOINT((111.74001450650394,198.4527320927009));
#4494=IFCCARTESIANPOINT((101.08936649013776,204.2221831586212));
#4495=IFCCARTESIANPOINT((100.84834220737685,204.35759512055665));
#4496=IFCCARTESIANPOINT((95.73483951459639,207.12383514735848));
#4497=IFCCARTESIANPOINT((95.43235170806292,206.02544249594212));
#4498=IFCCARTESIANPOINT((93.6322783724172,199.45720526762307));
#4499=IFCCARTESIANPOINT((92.77753615635447,196.32839458063245));
#4500=IFCPOLYLINE((#4479,#4480,#4481,#4482,#4483,#4484,#4485,#4486,#4487,#4488,#4489,#4490,#4491,#4492,#4493,#4494,#4495,#4496,#4497,#4498,#4499,#4479));
#4501=IFCARBITRARYCLOSEDPROFILEDEF(.AREA.,$,#4500);
#4502=IFCEXTRUDEDAREASOLID(#4501,#8,#6,21.);
#4503=IFCSHAPEREPRESENTATION(#11,'Body','SweptSolid',(#4502));
#4504=IFCPRODUCTDEFINITIONSHAPE($,$,(#4503));
#4505=IFCLOCALPLACEMENT(#13,#8);
#4506=IFCBUILDINGELEMENTPROXY('1H31a5bzBTLlrTSBOZSMMv',$,'Building 55940166',$,$,#4505,#4504,$,.ELEMENT.);
#4507=IFCPROPERTYSINGLEVALUE('osm_id',$,IFCLABEL('way/55940166'),$);
#4508=IFCPROPERTYSINGLEVALUE('height_source',$,IFCLABEL('tag:levels'),$);
#4509=IFCPROPERTYSINGLEVALUE('height_m',$,IFCREAL(21.),$);
#4510=IFCPROPERTYSET('0drLfiy4mrz9T1lAwM8mHm',$,'Pset_SiteContext',$,(#4507,#4508,#4509));
#4511=IFCRELDEFINESBYPROPERTIES('2Z5iZy2o$7GBn48zycpyJl',$,$,$,(#4506),#4510);
#4512=IFCCARTESIANPOINT((131.2194122908404,241.33843196649104));
#4513=IFCCARTESIANPOINT((132.56396579369903,244.25196379981935));
#4514=IFCCARTESIANPOINT((128.3569734375924,246.6104432446882));
#4515=IFCCARTESIANPOINT((119.91283277096227,251.22757923789322));
#4516=IFCCARTESIANPOINT((123.66075294686016,258.224683156237));
#4517=IFCCARTESIANPOINT((121.74597267818172,259.15218387544155));
#4518=IFCCARTESIANPOINT((116.75441340508405,261.57269214466214));
#4519=IFCCARTESIANPOINT((113.15203992871102,254.42984250560403));
#4520=IFCCARTESIANPOINT((111.72622793517075,251.45026061031967));
#4521=IFCPOLYLINE((#4512,#4513,#4514,#4515,#4516,#4517,#4518,#4519,#4520,#4512));
#4522=IFCARBITRARYCLOSEDPROFILEDEF(.AREA.,$,#4521);
#4523=IFCEXTRUDEDAREASOLID(#4522,#8,#6,9.);
#4524=IFCSHAPEREPRESENTATION(#11,'Body','SweptSolid',(#4523));
#4525=IFCPRODUCTDEFINITIONSHAPE($,$,(#4524));
#4526=IFCLOCALPLACEMENT(#13,#8);
#4527=IFCBUILDINGELEMENTPROXY('1R2eBC2YeK0xgDhdcIwmbx',$,'Building 55940173',$,$,#4526,#4525,$,.ELEMENT.);
#4528=IFCPROPERTYSINGLEVALUE('osm_id',$,IFCLABEL('way/55940173'),$);
#4529=IFCPROPERTYSINGLEVALUE('height_source',$,IFCLABEL('fallback'),$);
#4530=IFCPROPERTYSINGLEVALUE('height_m',$,IFCREAL(9.),$);
#4531=IFCPROPERTYSET('0lGLQ2kgPS8ZqRc88aLcbg',$,'Pset_SiteContext',$,(#4528,#4529,#4530));
#4532=IFCRELDEFINESBYPROPERTIES('3WA4wsaVY7s0r$5s9qcqxU',$,$,$,(#4527),#4531);
#4533=IFCCARTESIANPOINT((108.37829017930198,159.76079171709716));
#4534=IFCCARTESIANPOINT((102.21911457611714,162.96925990190357));
#4535=IFCCARTESIANPOINT((101.29795756714884,161.58681509830058));
#4536=IFCCARTESIANPOINT((100.06970495637506,159.4396123411134));
#4537=IFCCARTESIANPOINT((88.7408138429746,141.52927507273853));
#4538=IFCCARTESIANPOINT((87.75216083112173,139.96946714352816));
#4539=IFCCARTESIANPOINT((88.5845667422982,139.4733754992485));
#4540=IFCCARTESIANPOINT((93.83479711599648,136.3724149884656));
#4541=IFCCARTESIANPOINT((94.73586086102296,137.98854050971568));
#4542=IFCPOLYLINE((#4533,#4534,#4535,#4536,#4537,#4538,#4539,#4540,#4541,#4533));
#4543=IFCARBITRARYCLOSEDPROFILEDEF(.AREA.,$,#4542);
#4544=IFCEXTRUDEDAREASOLID(#4543,#8,#6,15.);
#4545=IFCSHAPEREPRESENTATION(#11,'Body','SweptSolid',(#4544));
#4546=IFCPRODUCTDEFINITIONSHAPE($,$,(#4545));
#4547=IFCLOCALPLACEMENT(#13,#8);
#4548=IFCBUILDINGELEMENTPROXY('2oxQ1XwBjKoguDz6hCsvRH',$,'Building 55940174',$,$,#4547,#4546,$,.ELEMENT.);
#4549=IFCPROPERTYSINGLEVALUE('osm_id',$,IFCLABEL('way/55940174'),$);
#4550=IFCPROPERTYSINGLEVALUE('height_source',$,IFCLABEL('tag:levels'),$);
#4551=IFCPROPERTYSINGLEVALUE('height_m',$,IFCREAL(15.),$);
#4552=IFCPROPERTYSET('1bgbNgkLO4VNw5zEpUwMmA',$,'Pset_SiteContext',$,(#4549,#4550,#4551));
#4553=IFCRELDEFINESBYPROPERTIES('1RWrGdeSaL_rqIKf_UUW7n',$,$,$,(#4548),#4552);
#4554=IFCCARTESIANPOINT((226.15314999676775,186.96460666600615));
#4555=IFCCARTESIANPOINT((224.61892633442767,182.3846201831475));
#4556=IFCCARTESIANPOINT((234.48237480793614,179.0348407421261));
#4557=IFCCARTESIANPOINT((235.40867124823853,181.05109832715243));
#4558=IFCCARTESIANPOINT((230.77269245998468,183.0015677670017));
#4559=IFCCARTESIANPOINT((232.67066910048015,187.20050988253206));
#4560=IFCCARTESIANPOINT((232.73019741405733,188.20081389322877));
#4561=IFCCARTESIANPOINT((234.61666975077242,187.39590058848262));
#4562=IFCCARTESIANPOINT((234.10795742028859,186.19910565949976));
#4563=IFCCARTESIANPOINT((237.14785033650696,184.67310398630798));
#4564=IFCCARTESIANPOINT((241.4754191817483,194.37880069203675));
#4565=IFCCARTESIANPOINT((234.1390558668645,198.09713342227042));
#4566=IFCCARTESIANPOINT((233.05764628318138,198.65083670336753));
#4567=IFCCARTESIANPOINT((231.09201552160084,199.64543503709137));
#4568=IFCCARTESIANPOINT((228.19438711553812,198.82398172840476));
#4569=IFCCARTESIANPOINT((222.49826923012733,190.45273661334068));
#4570=IFCCARTESIANPOINT((221.38429783843458,188.81608972512186));
#4571=IFCPOLYLINE((#4554,#4555,#4556,#4557,#4558,#4559,#4560,#4561,#4562,#4563,#4564,#4565,#4566,#4567,#4568,#4569,#4570,#4554));
#4572=IFCARBITRARYCLOSEDPROFILEDEF(.AREA.,$,#4571);
#4573=IFCEXTRUDEDAREASOLID(#4572,#8,#6,21.);
#4574=IFCSHAPEREPRESENTATION(#11,'Body','SweptSolid',(#4573));
#4575=IFCPRODUCTDEFINITIONSHAPE($,$,(#4574));
#4576=IFCLOCALPLACEMENT(#13,#8);
#4577=IFCBUILDINGELEMENTPROXY('3gP0i_wvhcMeqrijMnPzx4',$,'Building 55942629',$,$,#4576,#4575,$,.ELEMENT.);
#4578=IFCPROPERTYSINGLEVALUE('osm_id',$,IFCLABEL('way/55942629'),$);
#4579=IFCPROPERTYSINGLEVALUE('height_source',$,IFCLABEL('tag:levels'),$);
#4580=IFCPROPERTYSINGLEVALUE('height_m',$,IFCREAL(21.),$);
#4581=IFCPROPERTYSET('1pXGDr_gt945MoFtZEFvnf',$,'Pset_SiteContext',$,(#4578,#4579,#4580));
#4582=IFCRELDEFINESBYPROPERTIES('1$q2aZPzMc0udgthA6N1hr',$,$,$,(#4577),#4581);
#4583=IFCCARTESIANPOINT((179.22746315738186,99.50086156185716));
#4584=IFCCARTESIANPOINT((183.27042723912746,103.09290018491447));
#4585=IFCCARTESIANPOINT((181.0353026430821,104.33435442484915));
#4586=IFCCARTESIANPOINT((179.21150504658,105.6280470462516));
#4587=IFCCARTESIANPOINT((177.15492397092748,107.16828036308289));
#4588=IFCCARTESIANPOINT((175.14081201970112,104.92740722186863));
#4589=IFCCARTESIANPOINT((175.80193468381185,104.12137171346694));
#4590=IFCCARTESIANPOINT((175.14194372459315,103.27053550351411));
#4591=IFCCARTESIANPOINT((174.20862510066945,103.98983699083328));
#4592=IFCCARTESIANPOINT((166.36647765291855,95.21363902371377));
#4593=IFCCARTESIANPOINT((170.6476025839802,92.93242420628667));
#4594=IFCCARTESIANPOINT((176.33868498250376,89.8946557464078));
#4595=IFCCARTESIANPOINT((182.53392592235468,96.4714697888121));
#4596=IFCPOLYLINE((#4583,#4584,#4585,#4586,#4587,#4588,#4589,#4590,#4591,#4592,#4593,#4594,#4595,#4583));
#4597=IFCARBITRARYCLOSEDPROFILEDEF(.AREA.,$,#4596);
#4598=IFCEXTRUDEDAREASOLID(#4597,#8,#6,9.);
#4599=IFCSHAPEREPRESENTATION(#11,'Body','SweptSolid',(#4598));
#4600=IFCPRODUCTDEFINITIONSHAPE($,$,(#4599));
#4601=IFCLOCALPLACEMENT(#13,#8);
#4602=IFCBUILDINGELEMENTPROXY('0Z7Tqb$aqgqMfkkGzyTePt',$,'Building 55942630',$,$,#4601,#4600,$,.ELEMENT.);
#4603=IFCPROPERTYSINGLEVALUE('osm_id',$,IFCLABEL('way/55942630'),$);
#4604=IFCPROPERTYSINGLEVALUE('height_source',$,IFCLABEL('fallback'),$);
#4605=IFCPROPERTYSINGLEVALUE('height_m',$,IFCREAL(9.),$);
#4606=IFCPROPERTYSET('3W8F6pHLvzMTTi3axdGAym',$,'Pset_SiteContext',$,(#4603,#4604,#4605));
#4607=IFCRELDEFINESBYPROPERTIES('0Lu2P4ChLPkNUgyulrUg15',$,$,$,(#4602),#4606);
#4608=IFCCARTESIANPOINT((194.54752777004614,78.770527635701));
#4609=IFCCARTESIANPOINT((195.12360983656254,78.33214541058987));
#4610=IFCCARTESIANPOINT((195.9111031097127,77.72523774020374));
#4611=IFCCARTESIANPOINT((197.26725106686354,76.66888897959143));
#4612=IFCCARTESIANPOINT((201.8042034516111,82.34744138922542));
#4613=IFCCARTESIANPOINT((200.55747547734063,83.32505606114864));
#4614=IFCCARTESIANPOINT((199.31065708317328,84.29155187308788));
#4615=IFCPOLYLINE((#4608,#4609,#4610,#4611,#4612,#4613,#4614,#4608));
#4616=IFCARBITRARYCLOSEDPROFILEDEF(.AREA.,$,#4615);
#4617=IFCEXTRUDEDAREASOLID(#4616,#8,#6,15.);
#4618=IFCSHAPEREPRESENTATION(#11,'Body','SweptSolid',(#4617));
#4619=IFCPRODUCTDEFINITIONSHAPE($,$,(#4618));
#4620=IFCLOCALPLACEMENT(#13,#8);
#4621=IFCBUILDINGELEMENTPROXY('2eR2yKEWtkMuw5elVcb57z',$,'Building 55942631',$,$,#4620,#4619,$,.ELEMENT.);
#4622=IFCPROPERTYSINGLEVALUE('osm_id',$,IFCLABEL('way/55942631'),$);
#4623=IFCPROPERTYSINGLEVALUE('height_source',$,IFCLABEL('tag:levels'),$);
#4624=IFCPROPERTYSINGLEVALUE('height_m',$,IFCREAL(15.),$);
#4625=IFCPROPERTYSET('0UDnX0Pyw7JX0IcM83FV9a',$,'Pset_SiteContext',$,(#4622,#4623,#4624));
#4626=IFCRELDEFINESBYPROPERTIES('1HBznP5J0JGxuhFFzAlYQ_',$,$,$,(#4621),#4625);
#4627=IFCCARTESIANPOINT((188.19018774677534,88.27437272574753));
#4628=IFCCARTESIANPOINT((185.55592441814952,84.67081872746348));
#4629=IFCCARTESIANPOINT((190.08822720847093,81.69813335966319));
#4630=IFCCARTESIANPOINT((194.54752777004614,78.770527635701));
#4631=IFCCARTESIANPOINT((199.31065708317328,84.29155187308788));
#4632=IFCCARTESIANPOINT((195.95009402255528,86.98777925502509));
#4633=IFCCARTESIANPOINT((199.68610370880924,91.62760569527745));
#4634=IFCCARTESIANPOINT((194.34159840201028,95.77450753003359));
#4635=IFCPOLYLINE((#4627,#4628,#4629,#4630,#4631,#4632,#4633,#4634,#4627));
#4636=IFCARBITRARYCLOSEDPROFILEDEF(.AREA.,$,#4635);
#4637=IFCEXTRUDEDAREASOLID(#4636,#8,#6,15.);
#4638=IFCSHAPEREPRESENTATION(#11,'Body','SweptSolid',(#4637));
#4639=IFCPRODUCTDEFINITIONSHAPE($,$,(#4638));
#4640=IFCLOCALPLACEMENT(#13,#8);
#4641=IFCBUILDINGELEMENTPROXY('1O_FATqEUIzBKCU7IlGwPu',$,'Building 55942632',$,$,#4640,#4639,$,.ELEMENT.);
#4642=IFCPROPERTYSINGLEVALUE('osm_id',$,IFCLABEL('way/55942632'),$);
#4643=IFCPROPERTYSINGLEVALUE('height_source',$,IFCLABEL('tag:levels'),$);
#4644=IFCPROPERTYSINGLEVALUE('height_m',$,IFCREAL(15.),$);
#4645=IFCPROPERTYSET('16vYLoZHKrSlVfOnwKj3ET',$,'Pset_SiteContext',$,(#4642,#4643,#4644));
#4646=IFCRELDEFINESBYPROPERTIES('23BURAvSJ1VL5wHg$ATgyj',$,$,$,(#4641),#4645);
#4647=IFCCARTESIANPOINT((229.2252148319967,166.91260466724634));
#4648=IFCCARTESIANPOINT((245.68694942910224,158.40494750998914));
#4649=IFCCARTESIANPOINT((249.0101414527744,165.51679200585932));
#4650=IFCCARTESIANPOINT((232.45286108448636,174.0029806094244));
#4651=IFCCARTESIANPOINT((230.30976617673878,169.4390839766711));
#4652=IFCPOLYLINE((#4647,#4648,#4649,#4650,#4651,#4647));
#4653=IFCARBITRARYCLOSEDPROFILEDEF(.AREA.,$,#4652);
#4654=IFCEXTRUDEDAREASOLID(#4653,#8,#6,18.);
#4655=IFCSHAPEREPRESENTATION(#11,'Body','SweptSolid',(#4654));
#4656=IFCPRODUCTDEFINITIONSHAPE($,$,(#4655));
#4657=IFCLOCALPLACEMENT(#13,#8);
#4658=IFCBUILDINGELEMENTPROXY('1Vv7sbHqor6gkqFy$0OuSQ',$,'Building 55942635',$,$,#4657,#4656,$,.ELEMENT.);
#4659=IFCPROPERTYSINGLEVALUE('osm_id',$,IFCLABEL('way/55942635'),$);
#4660=IFCPROPERTYSINGLEVALUE('height_source',$,IFCLABEL('tag:levels'),$);
#4661=IFCPROPERTYSINGLEVALUE('height_m',$,IFCREAL(18.),$);
#4662=IFCPROPERTYSET('2HIU1AQQ1rPPJVZ4$rHtMo',$,'Pset_SiteContext',$,(#4659,#4660,#4661));
#4663=IFCRELDEFINESBYPROPERTIES('1iHNl_WHIGt94ukkogyaEf',$,$,$,(#4658),#4662);
#4664=IFCCARTESIANPOINT((189.5230476121651,126.57147603109479));
#4665=IFCCARTESIANPOINT((189.0047351164976,125.99747749511153));
#4666=IFCCARTESIANPOINT((183.42856474523433,119.74919232726097));
#4667=IFCCARTESIANPOINT((193.469321614597,114.74103376548737));
#4668=IFCCARTESIANPOINT((193.95219965057913,114.5702900160104));
#4669=IFCCARTESIANPOINT((196.28141025966033,112.27168306615204));
#4670=IFCCARTESIANPOINT((200.84298158052843,118.27251161914319));
#4671=IFCCARTESIANPOINT((202.49568837846164,117.59181694127619));
#4672=IFCCARTESIANPOINT((203.4999871815089,119.27383485995233));
#4673=IFCPOLYLINE((#4664,#4665,#4666,#4667,#4668,#4669,#4670,#4671,#4672,#4664));
#4674=IFCARBITRARYCLOSEDPROFILEDEF(.AREA.,$,#4673);
#4675=IFCEXTRUDEDAREASOLID(#4674,#8,#6,9.);
#4676=IFCSHAPEREPRESENTATION(#11,'Body','SweptSolid',(#4675));
#4677=IFCPRODUCTDEFINITIONSHAPE($,$,(#4676));
#4678=IFCLOCALPLACEMENT(#13,#8);
#4679=IFCBUILDINGELEMENTPROXY('0FHPB8FtJlS0YmJB$03FwJ',$,'Building 55942636',$,$,#4678,#4677,$,.ELEMENT.);
#4680=IFCPROPERTYSINGLEVALUE('osm_id',$,IFCLABEL('way/55942636'),$);
#4681=IFCPROPERTYSINGLEVALUE('height_source',$,IFCLABEL('fallback'),$);
#4682=IFCPROPERTYSINGLEVALUE('height_m',$,IFCREAL(9.),$);
#4683=IFCPROPERTYSET('0L2E56WTLd1ktZ1uTB9xck',$,'Pset_SiteContext',$,(#4680,#4681,#4682));
#4684=IFCRELDEFINESBYPROPERTIES('3hq6F6gjoesOsJFfiUd8mg',$,$,$,(#4679),#4683);
#4685=IFCCARTESIANPOINT((201.90380812750664,72.9836891060695));
#4686=IFCCARTESIANPOINT((202.85099177632947,72.16420015040785));
#4687=IFCCARTESIANPOINT((204.06773859530222,71.10899184457958));
#4688=IFCCARTESIANPOINT((208.2717974660918,76.45667206775397));
#4689=IFCCARTESIANPOINT((205.96828248573001,78.31026830151677));
#4690=IFCPOLYLINE((#4685,#4686,#4687,#4688,#4689,#4685));
#4691=IFCARBITRARYCLOSEDPROFILEDEF(.AREA.,$,#4690);
#4692=IFCEXTRUDEDAREASOLID(#4691,#8,#6,9.);
#4693=IFCSHAPEREPRESENTATION(#11,'Body','SweptSolid',(#4692));
#4694=IFCPRODUCTDEFINITIONSHAPE($,$,(#4693));
#4695=IFCLOCALPLACEMENT(#13,#8);
#4696=IFCBUILDINGELEMENTPROXY('2g954QRFwtLFmyacpKfIMm',$,'Building 55942639',$,$,#4695,#4694,$,.ELEMENT.);
#4697=IFCPROPERTYSINGLEVALUE('osm_id',$,IFCLABEL('way/55942639'),$);
#4698=IFCPROPERTYSINGLEVALUE('height_source',$,IFCLABEL('fallback'),$);
#4699=IFCPROPERTYSINGLEVALUE('height_m',$,IFCREAL(9.),$);
#4700=IFCPROPERTYSET('1deHgTi5xNnHuzm_c9Muzx',$,'Pset_SiteContext',$,(#4697,#4698,#4699));
#4701=IFCRELDEFINESBYPROPERTIES('0duuW8pvVCvCSQt2f2E5Hy',$,$,$,(#4696),#4700);
#4702=IFCCARTESIANPOINT((169.97781465749722,104.34689844306558));
#4703=IFCCARTESIANPOINT((171.71464285708498,105.87836398743093));
#4704=IFCCARTESIANPOINT((174.20862510066945,103.98983699083328));
#4705=IFCCARTESIANPOINT((175.14194372459315,103.27053550351411));
#4706=IFCCARTESIANPOINT((175.80193468381185,104.12137171346694));
#4707=IFCCARTESIANPOINT((175.14081201970112,104.92740722186863));
#4708=IFCCARTESIANPOINT((177.15492397092748,107.16828036308289));
#4709=IFCCARTESIANPOINT((176.60792146169115,107.57306717336178));
#4710=IFCCARTESIANPOINT((174.24246110778768,109.02686720807105));
#4711=IFCCARTESIANPOINT((172.60851925553288,110.20781124383211));
#4712=IFCCARTESIANPOINT((169.5161158448318,107.10840367246419));
#4713=IFCCARTESIANPOINT((168.37676543649286,105.96125014778227));
#4714=IFCPOLYLINE((#4702,#4703,#4704,#4705,#4706,#4707,#4708,#4709,#4710,#4711,#4712,#4713,#4702));
#4715=IFCARBITRARYCLOSEDPROFILEDEF(.AREA.,$,#4714);
#4716=IFCEXTRUDEDAREASOLID(#4715,#8,#6,18.);
#4717=IFCSHAPEREPRESENTATION(#11,'Body','SweptSolid',(#4716));
#4718=IFCPRODUCTDEFINITIONSHAPE($,$,(#4717));
#4719=IFCLOCALPLACEMENT(#13,#8);
#4720=IFCBUILDINGELEMENTPROXY('11qXhXRUXLWGySG0rIWhEr',$,'Building 55942640',$,$,#4719,#4718,$,.ELEMENT.);
#4721=IFCPROPERTYSINGLEVALUE('osm_id',$,IFCLABEL('way/55942640'),$);
#4722=IFCPROPERTYSINGLEVALUE('height_source',$,IFCLABEL('tag:levels'),$);
#4723=IFCPROPERTYSINGLEVALUE('height_m',$,IFCREAL(18.),$);
#4724=IFCPROPERTYSET('2zpJhVCNOPQJ0vunfEd2vU',$,'Pset_SiteContext',$,(#4721,#4722,#4723));
#4725=IFCRELDEFINESBYPROPERTIES('0ow19PDkh0rtfdROjpzNgN',$,$,$,(#4720),#4724);
#4726=IFCCARTESIANPOINT((174.20862510066945,103.98983699083328));
#4727=IFCCARTESIANPOINT((171.71464285708498,105.87836398743093));
#4728=IFCCARTESIANPOINT((169.97781465749722,104.34689844306558));
#4729=IFCCARTESIANPOINT((168.37676543649286,105.96125014778227));
#4730=IFCCARTESIANPOINT((167.9101715850411,105.43131028767675));
#4731=IFCCARTESIANPOINT((161.65938228741288,98.3434509569779));
#4732=IFCCARTESIANPOINT((166.36647765291855,95.21363902371377));
#4733=IFCPOLYLINE((#4726,#4727,#4728,#4729,#4730,#4731,#4732,#4726));
#4734=IFCARBITRARYCLOSEDPROFILEDEF(.AREA.,$,#4733);
#4735=IFCEXTRUDEDAREASOLID(#4734,#8,#6,18.);
#4736=IFCSHAPEREPRESENTATION(#11,'Body','SweptSolid',(#4735));
#4737=IFCPRODUCTDEFINITIONSHAPE($,$,(#4736));
#4738=IFCLOCALPLACEMENT(#13,#8);
#4739=IFCBUILDINGELEMENTPROXY('0$TbHNIatU5ntgKPDvyjsM',$,'Building 55942641',$,$,#4738,#4737,$,.ELEMENT.);
#4740=IFCPROPERTYSINGLEVALUE('osm_id',$,IFCLABEL('way/55942641'),$);
#4741=IFCPROPERTYSINGLEVALUE('height_source',$,IFCLABEL('tag:levels'),$);
#4742=IFCPROPERTYSINGLEVALUE('height_m',$,IFCREAL(18.),$);
#4743=IFCPROPERTYSET('39vlyg5qDD7bo6NWsObSZK',$,'Pset_SiteContext',$,(#4740,#4741,#4742));
#4744=IFCRELDEFINESBYPROPERTIES('1Z1PJKwwMOC$xjWafkxbxd',$,$,$,(#4739),#4743);
#4745=IFCCARTESIANPOINT((237.14785033650696,184.67310398630798));
#4746=IFCCARTESIANPOINT((236.44556511577684,183.13317255303264));
#4747=IFCCARTESIANPOINT((253.55672242783476,175.08727010060102));
#4748=IFCCARTESIANPOINT((258.5377198946662,185.7439567213878));
#4749=IFCCARTESIANPOINT((259.61174268845934,187.88133158441633));
#4750=IFCCARTESIANPOINT((251.44856022577733,191.88438579812646));
#4751=IFCCARTESIANPOINT((242.36457262095064,196.33976334054023));
#4752=IFCCARTESIANPOINT((241.4754191817483,194.37880069203675));
#4753=IFCPOLYLINE((#4745,#4746,#4747,#4748,#4749,#4750,#4751,#4752,#4745));
#4754=IFCARBITRARYCLOSEDPROFILEDEF(.AREA.,$,#4753);
#4755=IFCEXTRUDEDAREASOLID(#4754,#8,#6,18.);
#4756=IFCSHAPEREPRESENTATION(#11,'Body','SweptSolid',(#4755));
#4757=IFCPRODUCTDEFINITIONSHAPE($,$,(#4756));
#4758=IFCLOCALPLACEMENT(#13,#8);
#4759=IFCBUILDINGELEMENTPROXY('1oJghJ6bfeWCE$5IUVMkDc',$,'Building 55942647',$,$,#4758,#4757,$,.ELEMENT.);
#4760=IFCPROPERTYSINGLEVALUE('osm_id',$,IFCLABEL('way/55942647'),$);
#4761=IFCPROPERTYSINGLEVALUE('height_source',$,IFCLABEL('tag:levels'),$);
#4762=IFCPROPERTYSINGLEVALUE('height_m',$,IFCREAL(18.),$);
#4763=IFCPROPERTYSET('1men4RDi9BiCKKbKhqB0jz',$,'Pset_SiteContext',$,(#4760,#4761,#4762));
#4764=IFCRELDEFINESBYPROPERTIES('0i3nRYczhdmcSW$U5b_zGt',$,$,$,(#4759),#4763);
#4765=IFCCARTESIANPOINT((194.76747605099808,105.6899623433128));
#4766=IFCCARTESIANPOINT((197.2381829856895,103.64595714677125));
#4767=IFCCARTESIANPOINT((194.99027121299878,100.6285956883803));
#4768=IFCCARTESIANPOINT((194.6979722698452,100.77554240636528));
#4769=IFCCARTESIANPOINT((194.14224621315952,100.11289015598595));
#4770=IFCCARTESIANPOINT((194.38997806678526,99.89958826173097));
#4771=IFCCARTESIANPOINT((193.07806433783844,98.2868049107492));
#4772=IFCCARTESIANPOINT((192.60115915129427,98.29070167150348));
#4773=IFCCARTESIANPOINT((190.44903171854094,100.71018149796873));
#4774=IFCCARTESIANPOINT((188.967911716667,99.0431822957471));
#4775=IFCCARTESIANPOINT((185.45516539306846,93.89002336189151));
#4776=IFCCARTESIANPOINT((182.53392592235468,96.4714697888121));
#4777=IFCCARTESIANPOINT((176.33868498250376,89.8946557464078));
#4778=IFCCARTESIANPOINT((177.22291915665846,89.45375292748213));
#4779=IFCCARTESIANPOINT((184.8543874223251,85.02126814611256));
#4780=IFCCARTESIANPOINT((185.55592441814952,84.67081872746348));
#4781=IFCCARTESIANPOINT((188.19018774677534,88.27437272574753));
#4782=IFCCARTESIANPOINT((194.34159840201028,95.77450753003359));
#4783=IFCCARTESIANPOINT((202.98111436492763,106.05653310753405));
#4784=IFCCARTESIANPOINT((198.65373622474726,109.86152603011578));
#4785=IFCCARTESIANPOINT((197.22525166510604,108.3497729562223));
#4786=IFCPOLYLINE((#4765,#4766,#4767,#4768,#4769,#4770,#4771,#4772,#4773,#4774,#4775,#4776,#4777,#4778,#4779,#4780,#4781,#4782,#4783,#4784,#4785,#4765));
#4787=IFCARBITRARYCLOSEDPROFILEDEF(.AREA.,$,#4786);
#4788=IFCEXTRUDEDAREASOLID(#4787,#8,#6,9.);
#4789=IFCSHAPEREPRESENTATION(#11,'Body','SweptSolid',(#4788));
#4790=IFCPRODUCTDEFINITIONSHAPE($,$,(#4789));
#4791=IFCLOCALPLACEMENT(#13,#8);
#4792=IFCBUILDINGELEMENTPROXY('3kvBih6TZHeIGzFuL2BpLB',$,'Building 55942648',$,$,#4791,#4790,$,.ELEMENT.);
#4793=IFCPROPERTYSINGLEVALUE('osm_id',$,IFCLABEL('way/55942648'),$);
#4794=IFCPROPERTYSINGLEVALUE('height_source',$,IFCLABEL('fallback'),$);
#4795=IFCPROPERTYSINGLEVALUE('height_m',$,IFCREAL(9.),$);
#4796=IFCPROPERTYSET('037haLLdtTtpq3Kxe00tuU',$,'Pset_SiteContext',$,(#4793,#4794,#4795));
#4797=IFCRELDEFINESBYPROPERTIES('1scOGZzoImpPQvJMaYiJas',$,$,$,(#4792),#4796);
#4798=IFCCARTESIANPOINT((264.6484506876441,149.61006567627192));
#4799=IFCCARTESIANPOINT((265.22319220146164,150.80632420629263));
#4800=IFCCARTESIANPOINT((274.03813039290253,169.12670536525548));
#4801=IFCCARTESIANPOINT((276.4638931817608,174.1664674244821));
#4802=IFCCARTESIANPOINT((275.5260673619341,177.03192800842226));
#4803=IFCCARTESIANPOINT((259.99911038333084,184.99811973795295));
#4804=IFCCARTESIANPOINT((258.5377198946662,185.7439567213878));
#4805=IFCCARTESIANPOINT((253.55672242783476,175.08727010060102));
#4806=IFCCARTESIANPOINT((249.0101414527744,165.51679200585932));
#4807=IFCCARTESIANPOINT((245.68694942910224,158.40494750998914));
#4808=IFCPOLYLINE((#4798,#4799,#4800,#4801,#4802,#4803,#4804,#4805,#4806,#4807,#4798));
#4809=IFCARBITRARYCLOSEDPROFILEDEF(.AREA.,$,#4808);
#4810=IFCEXTRUDEDAREASOLID(#4809,#8,#6,9.);
#4811=IFCSHAPEREPRESENTATION(#11,'Body','SweptSolid',(#4810));
#4812=IFCPRODUCTDEFINITIONSHAPE($,$,(#4811));
#4813=IFCLOCALPLACEMENT(#13,#8);
#4814=IFCBUILDINGELEMENTPROXY('13JPy16G$DX_FzkZ9oF0A9',$,'Building 55942650',$,$,#4813,#4812,$,.ELEMENT.);
#4815=IFCPROPERTYSINGLEVALUE('osm_id',$,IFCLABEL('way/55942650'),$);
#4816=IFCPROPERTYSINGLEVALUE('height_source',$,IFCLABEL('fallback'),$);
#4817=IFCPROPERTYSINGLEVALUE('height_m',$,IFCREAL(9.),$);
#4818=IFCPROPERTYSET('0Z321v96rRvuyWNFRCCQs$',$,'Pset_SiteContext',$,(#4815,#4816,#4817));
#4819=IFCRELDEFINESBYPROPERTIES('0Moha6dlx$siCpqAnj2H0f',$,$,$,(#4814),#4818);
#4820=IFCCARTESIANPOINT((197.26725106686354,76.66888897959143));
#4821=IFCCARTESIANPOINT((201.05082529888023,73.65785021986812));
#4822=IFCCARTESIANPOINT((201.90380812750664,72.9836891060695));
#4823=IFCCARTESIANPOINT((205.96828248573001,78.31026830151677));
#4824=IFCCARTESIANPOINT((208.6828798367642,81.86869561765343));
#4825=IFCCARTESIANPOINT((206.93325664184522,83.26185222249478));
#4826=IFCCARTESIANPOINT((206.64420632307883,82.90837717428803));
#4827=IFCCARTESIANPOINT((204.53932835161686,80.33463930897415));
#4828=IFCCARTESIANPOINT((201.8042034516111,82.34744138922542));
#4829=IFCPOLYLINE((#4820,#4821,#4822,#4823,#4824,#4825,#4826,#4827,#4828,#4820));
#4830=IFCARBITRARYCLOSEDPROFILEDEF(.AREA.,$,#4829);
#4831=IFCEXTRUDEDAREASOLID(#4830,#8,#6,15.);
#4832=IFCSHAPEREPRESENTATION(#11,'Body','SweptSolid',(#4831));
#4833=IFCPRODUCTDEFINITIONSHAPE($,$,(#4832));
#4834=IFCLOCALPLACEMENT(#13,#8);
#4835=IFCBUILDINGELEMENTPROXY('1BkGzTNlzYqReivUMR_ykC',$,'Building 55942651',$,$,#4834,#4833,$,.ELEMENT.);
#4836=IFCPROPERTYSINGLEVALUE('osm_id',$,IFCLABEL('way/55942651'),$);
#4837=IFCPROPERTYSINGLEVALUE('height_source',$,IFCLABEL('tag:levels'),$);
#4838=IFCPROPERTYSINGLEVALUE('height_m',$,IFCREAL(15.),$);
#4839=IFCPROPERTYSET('376Q07ik9STPNYGjoeQuGk',$,'Pset_SiteContext',$,(#4836,#4837,#4838));
#4840=IFCRELDEFINESBYPROPERTIES('14QPjE75aD7rEjUrU3hPXv',$,$,$,(#4835),#4839);
#4841=IFCCARTESIANPOINT((230.30976617673878,169.4390839766711));
#4842=IFCCARTESIANPOINT((232.45286108448636,174.0029806094244));
#4843=IFCCARTESIANPOINT((234.48237480793614,179.0348407421261));
#4844=IFCCARTESIANPOINT((224.61892633442767,182.3846201831475));
#4845=IFCCARTESIANPOINT((226.15314999676775,186.96460666600615));
#4846=IFCCARTESIANPOINT((221.38429783843458,188.81608972512186));
#4847=IFCCARTESIANPOINT((214.41783999896143,178.53148625511676));
#4848=IFCCARTESIANPOINT((213.38547816930804,177.00537338200957));
#4849=IFCCARTESIANPOINT((213.99135344207752,176.62234872486442));
#4850=IFCPOLYLINE((#4841,#4842,#4843,#4844,#4845,#4846,#4847,#4848,#4849,#4841));
#4851=IFCARBITRARYCLOSEDPROFILEDEF(.AREA.,$,#4850);
#4852=IFCEXTRUDEDAREASOLID(#4851,#8,#6,9.);
#4853=IFCSHAPEREPRESENTATION(#11,'Body','SweptSolid',(#4852));
#4854=IFCPRODUCTDEFINITIONSHAPE($,$,(#4853));
#4855=IFCLOCALPLACEMENT(#13,#8);
#4856=IFCBUILDINGELEMENTPROXY('2HQ7F9XKW6iZ$XMFx3__SY',$,'Building 55942654',$,$,#4855,#4854,$,.ELEMENT.);
#4857=IFCPROPERTYSINGLEVALUE('osm_id',$,IFCLABEL('way/55942654'),$);
#4858=IFCPROPERTYSINGLEVALUE('height_source',$,IFCLABEL('fallback'),$);
#4859=IFCPROPERTYSINGLEVALUE('height_m',$,IFCREAL(9.),$);
#4860=IFCPROPERTYSET('3W0W5i3GEW7ohUAmV521Sd',$,'Pset_SiteContext',$,(#4857,#4858,#4859));
#4861=IFCRELDEFINESBYPROPERTIES('101eWlDT57ORRzEPVYucFN',$,$,$,(#4856),#4860);
#4862=IFCCARTESIANPOINT((183.42856474523433,119.74919232726097));
#4863=IFCCARTESIANPOINT((183.05817191815004,119.31854394637048));
#4864=IFCCARTESIANPOINT((181.3176247898955,117.3311900626868));
#4865=IFCCARTESIANPOINT((186.09544973180164,113.8783389609307));
#4866=IFCCARTESIANPOINT((186.7328817496309,114.66264152247459));
#4867=IFCCARTESIANPOINT((190.70727791683748,111.6611553337425));
#4868=IFCCARTESIANPOINT((193.469321614597,114.74103376548737));
#4869=IFCPOLYLINE((#4862,#4863,#4864,#4865,#4866,#4867,#4868,#4862));
#4870=IFCARBITRARYCLOSEDPROFILEDEF(.AREA.,$,#4869);
#4871=IFCEXTRUDEDAREASOLID(#4870,#8,#6,18.);
#4872=IFCSHAPEREPRESENTATION(#11,'Body','SweptSolid',(#4871));
#4873=IFCPRODUCTDEFINITIONSHAPE($,$,(#4872));
#4874=IFCLOCALPLACEMENT(#13,#8);
#4875=IFCBUILDINGELEMENTPROXY('2J3MYSdq3njBnO2RXR8c7X',$,'Building 55942657',$,$,#4874,#4873,$,.ELEMENT.);
#4876=IFCPROPERTYSINGLEVALUE('osm_id',$,IFCLABEL('way/55942657'),$);
#4877=IFCPROPERTYSINGLEVALUE('height_source',$,IFCLABEL('tag:levels'),$);
#4878=IFCPROPERTYSINGLEVALUE('height_m',$,IFCREAL(18.),$);
#4879=IFCPROPERTYSET('1SOf48SCJZSFZT26J6u3IU',$,'Pset_SiteContext',$,(#4876,#4877,#4878));
#4880=IFCRELDEFINESBYPROPERTIES('2dmzE1fVsXTr$4_Gx$H0jv',$,$,$,(#4875),#4879);
#4881=IFCCARTESIANPOINT((206.76686555263586,152.71800128929317));
#4882=IFCCARTESIANPOINT((208.56369922170416,149.02264165785164));
#4883=IFCCARTESIANPOINT((220.00830721855164,143.41370686888695));
#4884=IFCCARTESIANPOINT((220.41881297284272,143.36587502527982));
#4885=IFCCARTESIANPOINT((221.200307111023,142.02510699629784));
#4886=IFCCARTESIANPOINT((222.14648323343135,141.08331016171724));
#4887=IFCCARTESIANPOINT((223.45389532658737,140.34984154533595));
#4888=IFCCARTESIANPOINT((224.12762356863823,140.18866172805429));
#4889=IFCCARTESIANPOINT((225.13821600098163,139.94689214788377));
#4890=IFCCARTESIANPOINT((226.6720925240079,139.98996703047305));
#4891=IFCCARTESIANPOINT((228.3932965787826,140.50966786034405));
#4892=IFCCARTESIANPOINT((229.90536014153622,141.4758721375838));
#4893=IFCCARTESIANPOINT((230.8474108761875,142.72472774609923));
#4894=IFCCARTESIANPOINT((231.46926825854462,144.29867433942854));
#4895=IFCCARTESIANPOINT((231.62482906726655,146.2767438562587));
#4896=IFCCARTESIANPOINT((231.22766822727863,147.95908910501748));
#4897=IFCCARTESIANPOINT((230.4614819564158,149.3775700526312));
#4898=IFCCARTESIANPOINT((229.18686861917377,150.53332501277328));
#4899=IFCCARTESIANPOINT((227.89422278909478,151.27779172826558));
#4900=IFCCARTESIANPOINT((226.28300221764948,151.64678385015577));
#4901=IFCCARTESIANPOINT((224.36081596673466,151.673599162139));
#4902=IFCCARTESIANPOINT((212.47066563309636,157.53080233559012));
#4903=IFCCARTESIANPOINT((214.31982896581758,161.1407824214548));
#4904=IFCCARTESIANPOINT((209.25604887597729,163.71747638192028));
#4905=IFCCARTESIANPOINT((205.5508324163966,156.5531756496057));
#4906=IFCCARTESIANPOINT((203.44848223077133,152.4893514290452));
#4907=IFCPOLYLINE((#4881,#4882,#4883,#4884,#4885,#4886,#4887,#4888,#4889,#4890,#4891,#4892,#4893,#4894,#4895,#4896,#4897,#4898,#4899,#4900,#4901,#4902,#4903,#4904,#4905,#4906,#4881));
#4908=IFCARBITRARYCLOSEDPROFILEDEF(.AREA.,$,#4907);
#4909=IFCEXTRUDEDAREASOLID(#4908,#8,#6,9.);
#4910=IFCSHAPEREPRESENTATION(#11,'Body','SweptSolid',(#4909));
#4911=IFCPRODUCTDEFINITIONSHAPE($,$,(#4910));
#4912=IFCLOCALPLACEMENT(#13,#8);
#4913=IFCBUILDINGELEMENTPROXY('1409W6ZFQfXPRGFsjU0brQ',$,'Église Luthérienne des Billettes',$,$,#4912,#4911,$,.ELEMENT.);
#4914=IFCPROPERTYSINGLEVALUE('osm_id',$,IFCLABEL('way/55942658'),$);
#4915=IFCPROPERTYSINGLEVALUE('height_source',$,IFCLABEL('fallback'),$);
#4916=IFCPROPERTYSINGLEVALUE('height_m',$,IFCREAL(9.),$);
#4917=IFCPROPERTYSET('3CSLfNBuDrB7EgeqM6TK2G',$,'Pset_SiteContext',$,(#4914,#4915,#4916));
#4918=IFCRELDEFINESBYPROPERTIES('3hRlM5j4bV3tQARx7LUTxO',$,$,$,(#4913),#4917);
#4919=IFCCARTESIANPOINT((225.91304866899736,121.6149965710938));
#4920=IFCCARTESIANPOINT((233.95665256062057,117.33488844987005));
#4921=IFCCARTESIANPOINT((239.3437653714791,114.81117750704288));
#4922=IFCCARTESIANPOINT((246.07126842718571,111.09782406687737));
#4923=IFCCARTESIANPOINT((246.86133105680346,112.60367976222187));
#4924=IFCCARTESIANPOINT((252.60817280155607,124.48841290362179));
#4925=IFCCARTESIANPOINT((252.99613767757546,125.27475856523961));
#4926=IFCCARTESIANPOINT((253.83918866480235,126.98034083656967));
#4927=IFCCARTESIANPOINT((258.22881144075654,136.19626434333622));
#4928=IFCCARTESIANPOINT((262.00626740278676,144.1272798087448));
#4929=IFCCARTESIANPOINT((264.6484506876441,149.61006567627192));
#4930=IFCCARTESIANPOINT((245.68694942910224,158.40494750998914));
#4931=IFCCARTESIANPOINT((229.2252148319967,166.91260466724634));
#4932=IFCCARTESIANPOINT((225.11319114326034,157.54987540654838));
#4933=IFCCARTESIANPOINT((229.2423956716666,155.53682032134384));
#4934=IFCCARTESIANPOINT((241.28673325886484,149.68951313290745));
#4935=IFCCARTESIANPOINT((240.56804668123368,147.93843767046928));
#4936=IFCCARTESIANPOINT((249.52801657642704,143.56191097013652));
#4937=IFCCARTESIANPOINT((246.31179574644193,136.9718288332224));
#4938=IFCCARTESIANPOINT((246.01134364679456,137.0187605973333));
#4939=IFCCARTESIANPOINT((242.79330012516584,130.20629790704697));
#4940=IFCCARTESIANPOINT((243.09284497587942,130.04817455168813));
#4941=IFCCARTESIANPOINT((239.4214300821768,122.52774211764336));
#4942=IFCCARTESIANPOINT((229.2569179602433,127.65915029775351));
#4943=IFCPOLYLINE((#4919,#4920,#4921,#4922,#4923,#4924,#4925,#4926,#4927,#4928,#4929,#4930,#4931,#4932,#4933,#4934,#4935,#4936,#4937,#4938,#4939,#4940,#4941,#4942,#4919));
#4944=IFCARBITRARYCLOSEDPROFILEDEF(.AREA.,$,#4943);
#4945=IFCEXTRUDEDAREASOLID(#4944,#8,#6,9.);
#4946=IFCSHAPEREPRESENTATION(#11,'Body','SweptSolid',(#4945));
#4947=IFCPRODUCTDEFINITIONSHAPE($,$,(#4946));
#4948=IFCLOCALPLACEMENT(#13,#8);
#4949=IFCBUILDINGELEMENTPROXY('37HdOiad2s1MDj9Xu1TNVR',$,'Building 55942660',$,$,#4948,#4947,$,.ELEMENT.);
#4950=IFCPROPERTYSINGLEVALUE('osm_id',$,IFCLABEL('way/55942660'),$);
#4951=IFCPROPERTYSINGLEVALUE('height_source',$,IFCLABEL('fallback'),$);
#4952=IFCPROPERTYSINGLEVALUE('height_m',$,IFCREAL(9.),$);
#4953=IFCPROPERTYSET('0sBQM6$fpZz95zJFgrDUMu',$,'Pset_SiteContext',$,(#4950,#4951,#4952));
#4954=IFCRELDEFINESBYPROPERTIES('0Peew7yhpM$srmp4B_VxR8',$,$,$,(#4949),#4953);
#4955=IFCCARTESIANPOINT((166.83540468499996,70.00103620346636));
#4956=IFCCARTESIANPOINT((170.25541341339704,68.29397556278855));
#4957=IFCCARTESIANPOINT((175.7215332039632,79.02445705980062));
#4958=IFCCARTESIANPOINT((173.72054942208342,80.18616082612425));
#4959=IFCCARTESIANPOINT((172.02626716764644,81.16744007635862));
#4960=IFCPOLYLINE((#4955,#4956,#4957,#4958,#4959,#4955));
#4961=IFCARBITRARYCLOSEDPROFILEDEF(.AREA.,$,#4960);
#4962=IFCEXTRUDEDAREASOLID(#4961,#8,#6,18.);
#4963=IFCSHAPEREPRESENTATION(#11,'Body','SweptSolid',(#4962));
#4964=IFCPRODUCTDEFINITIONSHAPE($,$,(#4963));
#4965=IFCLOCALPLACEMENT(#13,#8);
#4966=IFCBUILDINGELEMENTPROXY('2MeodcfrXqH$ObIAaTdnOJ',$,'Building 55944185',$,$,#4965,#4964,$,.ELEMENT.);
#4967=IFCPROPERTYSINGLEVALUE('osm_id',$,IFCLABEL('way/55944185'),$);
#4968=IFCPROPERTYSINGLEVALUE('height_source',$,IFCLABEL('tag:levels'),$);
#4969=IFCPROPERTYSINGLEVALUE('height_m',$,IFCREAL(18.),$);
#4970=IFCPROPERTYSET('0z5xbWV8kpVE$o7BUICljl',$,'Pset_SiteContext',$,(#4967,#4968,#4969));
#4971=IFCRELDEFINESBYPROPERTIES('1xOvzVLl0Rv4VHq9P7Usp8',$,$,$,(#4966),#4970);
#4972=IFCCARTESIANPOINT((172.42813828936778,37.874468583613634));
#4973=IFCCARTESIANPOINT((172.85405245807488,37.915466523729265));
#4974=IFCCARTESIANPOINT((174.47064756625332,40.893498997204006));
#4975=IFCCARTESIANPOINT((176.44981573487166,39.754214031621814));
#4976=IFCCARTESIANPOINT((178.01670915423892,43.83352156821638));
#4977=IFCCARTESIANPOINT((171.0512936792802,47.17082074843347));
#4978=IFCCARTESIANPOINT((171.24832914897706,47.93648159317672));
#4979=IFCCARTESIANPOINT((168.13212737324648,50.00801355950534));
#4980=IFCCARTESIANPOINT((166.78997669368982,46.493984832428396));
#4981=IFCCARTESIANPOINT((167.77030002442189,45.240544175729156));
#4982=IFCCARTESIANPOINT((166.62793750246055,43.72646015603095));
#4983=IFCCARTESIANPOINT((161.06949103344232,45.94028130359948));
#4984=IFCCARTESIANPOINT((162.18956010544207,50.112197265960276));
#4985=IFCCARTESIANPOINT((164.19100663426798,49.00608546752483));
#4986=IFCCARTESIANPOINT((165.74272518407088,51.228494515642524));
#4987=IFCCARTESIANPOINT((160.44256509596016,54.51883299648762));
#4988=IFCCARTESIANPOINT((157.83358970843256,49.525100853294134));
#4989=IFCCARTESIANPOINT((151.8486937362468,37.275457706302404));
#4990=IFCCARTESIANPOINT((167.25477018451784,31.545070879161358));
#4991=IFCCARTESIANPOINT((169.75660052825697,30.612788496538997));
#4992=IFCPOLYLINE((#4972,#4973,#4974,#4975,#4976,#4977,#4978,#4979,#4980,#4981,#4982,#4983,#4984,#4985,#4986,#4987,#4988,#4989,#4990,#4991,#4972));
#4993=IFCARBITRARYCLOSEDPROFILEDEF(.AREA.,$,#4992);
#4994=IFCEXTRUDEDAREASOLID(#4993,#8,#6,9.);
#4995=IFCSHAPEREPRESENTATION(#11,'Body','SweptSolid',(#4994));
#4996=IFCPRODUCTDEFINITIONSHAPE($,$,(#4995));
#4997=IFCLOCALPLACEMENT(#13,#8);
#4998=IFCBUILDINGELEMENTPROXY('0eQrLny26Kcz8tAo63GwTL',$,'Building 55944186',$,$,#4997,#4996,$,.ELEMENT.);
#4999=IFCPROPERTYSINGLEVALUE('osm_id',$,IFCLABEL('way/55944186'),$);
#5000=IFCPROPERTYSINGLEVALUE('height_source',$,IFCLABEL('fallback'),$);
#5001=IFCPROPERTYSINGLEVALUE('height_m',$,IFCREAL(9.),$);
#5002=IFCPROPERTYSET('0MVFOZsAiaGGiccaIbSKiy',$,'Pset_SiteContext',$,(#4999,#5000,#5001));
#5003=IFCRELDEFINESBYPROPERTIES('3qSQQsmvO0vQi7Lpmo4E1L',$,$,$,(#4998),#5002);
#5004=IFCCARTESIANPOINT((200.96524852560833,35.339451583102345));
#5005=IFCCARTESIANPOINT((201.7238541675033,34.78838033694774));
#5006=IFCCARTESIANPOINT((203.4380771823926,33.55119025148451));
#5007=IFCCARTESIANPOINT((210.19347649323754,30.54924228042364));
#5008=IFCCARTESIANPOINT((212.94399893726222,35.80871789250523));
#5009=IFCCARTESIANPOINT((218.22128482477274,45.88470585271716));
#5010=IFCCARTESIANPOINT((217.36039620870724,50.083929838612676));
#5011=IFCCARTESIANPOINT((217.8437525186455,50.86949372012168));
#5012=IFCCARTESIANPOINT((212.61215822014492,55.37129091657698));
#5013=IFCPOLYLINE((#5004,#5005,#5006,#5007,#5008,#5009,#5010,#5011,#5012,#5004));
#5014=IFCARBITRARYCLOSEDPROFILEDEF(.AREA.,$,#5013);
#5015=IFCEXTRUDEDAREASOLID(#5014,#8,#6,9.);
#5016=IFCSHAPEREPRESENTATION(#11,'Body','SweptSolid',(#5015));
#5017=IFCPRODUCTDEFINITIONSHAPE($,$,(#5016));
#5018=IFCLOCALPLACEMENT(#13,#8);
#5019=IFCBUILDINGELEMENTPROXY('3J$SQgABW$OE8NJJcoq39w',$,'Building 55944187',$,$,#5018,#5017,$,.ELEMENT.);
#5020=IFCPROPERTYSINGLEVALUE('osm_id',$,IFCLABEL('way/55944187'),$);
#5021=IFCPROPERTYSINGLEVALUE('height_source',$,IFCLABEL('fallback'),$);
#5022=IFCPROPERTYSINGLEVALUE('height_m',$,IFCREAL(9.),$);
#5023=IFCPROPERTYSET('0GRlV8CDpHTjK_zGrcMlZ5',$,'Pset_SiteContext',$,(#5020,#5021,#5022));
#5024=IFCRELDEFINESBYPROPERTIES('3YVyvdiziQzRUeI86w_l2L',$,$,$,(#5019),#5023);
#5025=IFCCARTESIANPOINT((187.5839112540707,51.795003852806985));
#5026=IFCCARTESIANPOINT((192.12857512314804,49.43381331209093));
#5027=IFCCARTESIANPOINT((193.28594541561324,50.09154919721186));
#5028=IFCCARTESIANPOINT((195.29382638284005,48.874196843244135));
#5029=IFCCARTESIANPOINT((196.3270328855142,50.500377115793526));
#5030=IFCCARTESIANPOINT((196.57485781621654,50.29819453600794));
#5031=IFCCARTESIANPOINT((202.41449879133143,60.947808511555195));
#5032=IFCCARTESIANPOINT((201.40770858351607,61.65658561792225));
#5033=IFCCARTESIANPOINT((195.24215191451367,65.8991519799456));
#5034=IFCPOLYLINE((#5025,#5026,#5027,#5028,#5029,#5030,#5031,#5032,#5033,#5025));
#5035=IFCARBITRARYCLOSEDPROFILEDEF(.AREA.,$,#5034);
#5036=IFCEXTRUDEDAREASOLID(#5035,#8,#6,21.);
#5037=IFCSHAPEREPRESENTATION(#11,'Body','SweptSolid',(#5036));
#5038=IFCPRODUCTDEFINITIONSHAPE($,$,(#5037));
#5039=IFCLOCALPLACEMENT(#13,#8);
#5040=IFCBUILDINGELEMENTPROXY('06qBiu4_T8VhRf$VKO1nYj',$,'Building 55944188',$,$,#5039,#5038,$,.ELEMENT.);
#5041=IFCPROPERTYSINGLEVALUE('osm_id',$,IFCLABEL('way/55944188'),$);
#5042=IFCPROPERTYSINGLEVALUE('height_source',$,IFCLABEL('tag:levels'),$);
#5043=IFCPROPERTYSINGLEVALUE('height_m',$,IFCREAL(21.),$);
#5044=IFCPROPERTYSET('0Y4EtjpepPCpAX0mgBur4E',$,'Pset_SiteContext',$,(#5041,#5042,#5043));
#5045=IFCRELDEFINESBYPROPERTIES('39bcYIp5Qa0pX3v93FXWnV',$,$,$,(#5040),#5044);
#5046=IFCCARTESIANPOINT((191.4619623402832,22.629239330999553));
#5047=IFCCARTESIANPOINT((190.86761282698717,20.832676136866212));
#5048=IFCCARTESIANPOINT((200.2538619611878,17.420024850405753));
#5049=IFCCARTESIANPOINT((200.9211257341085,19.160393900237978));
#5050=IFCPOLYLINE((#5046,#5047,#5048,#5049,#5046));
#5051=IFCARBITRARYCLOSEDPROFILEDEF(.AREA.,$,#5050);
#5052=IFCEXTRUDEDAREASOLID(#5051,#8,#6,3.);
#5053=IFCSHAPEREPRESENTATION(#11,'Body','SweptSolid',(#5052));
#5054=IFCPRODUCTDEFINITIONSHAPE($,$,(#5053));
#5055=IFCLOCALPLACEMENT(#13,#8);
#5056=IFCBUILDINGELEMENTPROXY('1SFlsJoWYD8kucfJgYo_aM',$,'Building 55944189',$,$,#5055,#5054,$,.ELEMENT.);
#5057=IFCPROPERTYSINGLEVALUE('osm_id',$,IFCLABEL('way/55944189'),$);
#5058=IFCPROPERTYSINGLEVALUE('height_source',$,IFCLABEL('tag:levels'),$);
#5059=IFCPROPERTYSINGLEVALUE('height_m',$,IFCREAL(3.),$);
#5060=IFCPROPERTYSET('3mrCcT$nbnpdQaU7f$7Oh8',$,'Pset_SiteContext',$,(#5057,#5058,#5059));
#5061=IFCRELDEFINESBYPROPERTIES('0I3974wP5UbgyIn$yaTovS',$,$,$,(#5056),#5060);
#5062=IFCCARTESIANPOINT((191.42227030312642,36.629486746154726));
#5063=IFCCARTESIANPOINT((193.82635805138852,35.40889662317932));
#5064=IFCCARTESIANPOINT((195.7385156461969,38.64027710072696));
#5065=IFCCARTESIANPOINT((195.83871255873237,39.228811893612146));
#5066=IFCCARTESIANPOINT((195.6943330358481,39.51910830568522));
#5067=IFCCARTESIANPOINT((200.658814717317,47.229102729819715));
#5068=IFCCARTESIANPOINT((200.47684144147206,47.40850739367306));
#5069=IFCCARTESIANPOINT((198.45619244105183,48.85947965551168));
#5070=IFCCARTESIANPOINT((196.57485781621654,50.29819453600794));
#5071=IFCCARTESIANPOINT((196.3270328855142,50.500377115793526));
#5072=IFCCARTESIANPOINT((195.29382638284005,48.874196843244135));
#5073=IFCCARTESIANPOINT((188.33365450496785,37.588794528506696));
#5074=IFCCARTESIANPOINT((186.6810851377668,37.39102129731327));
#5075=IFCCARTESIANPOINT((185.50544900482055,38.090060936287045));
#5076=IFCCARTESIANPOINT((183.7837095783325,35.71335807722062));
#5077=IFCCARTESIANPOINT((176.44981573487166,39.754214031621814));
#5078=IFCCARTESIANPOINT((174.47064756625332,40.893498997204006));
#5079=IFCCARTESIANPOINT((172.85405245807488,37.915466523729265));
#5080=IFCCARTESIANPOINT((172.42813828936778,37.874468583613634));
#5081=IFCCARTESIANPOINT((169.75660052825697,30.612788496538997));
#5082=IFCCARTESIANPOINT((183.55373065324966,25.52943153679371));
#5083=IFCCARTESIANPOINT((184.95102675585076,25.017618015408516));
#5084=IFCPOLYLINE((#5062,#5063,#5064,#5065,#5066,#5067,#5068,#5069,#5070,#5071,#5072,#5073,#5074,#5075,#5076,#5077,#5078,#5079,#5080,#5081,#5082,#5083,#5062));
#5085=IFCARBITRARYCLOSEDPROFILEDEF(.AREA.,$,#5084);
#5086=IFCEXTRUDEDAREASOLID(#5085,#8,#6,9.);
#5087=IFCSHAPEREPRESENTATION(#11,'Body','SweptSolid',(#5086));
#5088=IFCPRODUCTDEFINITIONSHAPE($,$,(#5087));
#5089=IFCLOCALPLACEMENT(#13,#8);
#5090=IFCBUILDINGELEMENTPROXY('0r1pDtQKUg3EPw18JOAENr',$,'Building 55944190',$,$,#5089,#5088,$,.ELEMENT.);
#5091=IFCPROPERTYSINGLEVALUE('osm_id',$,IFCLABEL('way/55944190'),$);
#5092=IFCPROPERTYSINGLEVALUE('height_source',$,IFCLABEL('fallback'),$);
#5093=IFCPROPERTYSINGLEVALUE('height_m',$,IFCREAL(9.),$);
#5094=IFCPROPERTYSET('3QgG2KcJ60zhsCMJJjQxr5',$,'Pset_SiteContext',$,(#5091,#5092,#5093));
#5095=IFCRELDEFINESBYPROPERTIES('3nAPTqjEWEPtws5eQgtK7w',$,$,$,(#5090),#5094);
#5096=IFCCARTESIANPOINT((153.445503734285,64.75073741469532));
#5097=IFCCARTESIANPOINT((161.84283163864166,59.75596649106592));
#5098=IFCCARTESIANPOINT((165.12658730044495,66.51224473305047));
#5099=IFCCARTESIANPOINT((161.067892778432,68.1800509635359));
#5100=IFCCARTESIANPOINT((157.179308253224,72.70427814312279));
#5101=IFCCARTESIANPOINT((147.9824489901075,77.7278353208676));
#5102=IFCCARTESIANPOINT((145.5269461326534,70.86471276450902));
#5103=IFCCARTESIANPOINT((145.15906436834484,69.84469276946038));
#5104=IFCPOLYLINE((#5096,#5097,#5098,#5099,#5100,#5101,#5102,#5103,#5096));
#5105=IFCARBITRARYCLOSEDPROFILEDEF(.AREA.,$,#5104);
#5106=IFCEXTRUDEDAREASOLID(#5105,#8,#6,21.);
#5107=IFCSHAPEREPRESENTATION(#11,'Body','SweptSolid',(#5106));
#5108=IFCPRODUCTDEFINITIONSHAPE($,$,(#5107));
#5109=IFCLOCALPLACEMENT(#13,#8);
#5110=IFCBUILDINGELEMENTPROXY('23pa8VZ_y7UedMqfUK38jD',$,'Building 55944191',$,$,#5109,#5108,$,.ELEMENT.);
#5111=IFCPROPERTYSINGLEVALUE('osm_id',$,IFCLABEL('way/55944191'),$);
#5112=IFCPROPERTYSINGLEVALUE('height_source',$,IFCLABEL('tag:levels'),$);
#5113=IFCPROPERTYSINGLEVALUE('height_m',$,IFCREAL(21.),$);
#5114=IFCPROPERTYSET('2HWUPrrMzcgBnOPEOyskle',$,'Pset_SiteContext',$,(#5111,#5112,#5113));
#5115=IFCRELDEFINESBYPROPERTIES('2H1tC5gD_LGnllpSs0HLVV',$,$,$,(#5110),#5114);
#5116=IFCCARTESIANPOINT((203.4380771823926,33.55119025148451));
#5117=IFCCARTESIANPOINT((201.7238541675033,34.78838033694774));
#5118=IFCCARTESIANPOINT((199.76901785680093,30.823434895835817));
#5119=IFCCARTESIANPOINT((198.77460476139095,30.35340434126556));
#5120=IFCCARTESIANPOINT((197.9306578519754,30.338059541769326));
#5121=IFCCARTESIANPOINT((193.07554763322696,32.42378472909331));
#5122=IFCCARTESIANPOINT((194.1552548612235,35.250531061552465));
#5123=IFCCARTESIANPOINT((193.82635805138852,35.40889662317932));
#5124=IFCCARTESIANPOINT((191.42227030312642,36.629486746154726));
#5125=IFCCARTESIANPOINT((184.95102675585076,25.017618015408516));
#5126=IFCCARTESIANPOINT((186.53854241943918,24.4375311229378));
#5127=IFCCARTESIANPOINT((191.4619623402832,22.629239330999553));
#5128=IFCCARTESIANPOINT((200.9211257341085,19.160393900237978));
#5129=IFCCARTESIANPOINT((201.81361808860675,18.830626462586224));
#5130=IFCCARTESIANPOINT((203.33721262752078,19.407533336430788));
#5131=IFCCARTESIANPOINT((203.7420249215793,19.559904674999416));
#5132=IFCCARTESIANPOINT((204.6988456377294,19.9190443912521));
#5133=IFCCARTESIANPOINT((204.7510228191968,20.01869703643024));
#5134=IFCCARTESIANPOINT((204.81805586151313,20.140468075871468));
#5135=IFCCARTESIANPOINT((205.04180207964964,20.58343532588333));
#5136=IFCCARTESIANPOINT((210.19347649323754,30.54924228042364));
#5137=IFCPOLYLINE((#5116,#5117,#5118,#5119,#5120,#5121,#5122,#5123,#5124,#5125,#5126,#5127,#5128,#5129,#5130,#5131,#5132,#5133,#5134,#5135,#5136,#5116));
#5138=IFCARBITRARYCLOSEDPROFILEDEF(.AREA.,$,#5137);
#5139=IFCEXTRUDEDAREASOLID(#5138,#8,#6,15.);
#5140=IFCSHAPEREPRESENTATION(#11,'Body','SweptSolid',(#5139));
#5141=IFCPRODUCTDEFINITIONSHAPE($,$,(#5140));
#5142=IFCLOCALPLACEMENT(#13,#8);
#5143=IFCBUILDINGELEMENTPROXY('3vOkWcoj5XDDAcoVrlszO1',$,'Building 55944192',$,$,#5142,#5141,$,.ELEMENT.);
#5144=IFCPROPERTYSINGLEVALUE('osm_id',$,IFCLABEL('way/55944192'),$);
#5145=IFCPROPERTYSINGLEVALUE('height_source',$,IFCLABEL('tag:levels'),$);
#5146=IFCPROPERTYSINGLEVALUE('height_m',$,IFCREAL(15.),$);
#5147=IFCPROPERTYSET('0BqKFvnWAfg5kfi0HeYVJD',$,'Pset_SiteContext',$,(#5144,#5145,#5146));
#5148=IFCRELDEFINESBYPROPERTIES('2REqEafSUS7DTkWg1RzuA6',$,$,$,(#5143),#5147);
#5149=IFCCARTESIANPOINT((140.7516319748247,41.43609425239265));
#5150=IFCCARTESIANPOINT((138.58871146605816,46.12413553521037));
#5151=IFCCARTESIANPOINT((136.5886625982821,45.60674260370433));
#5152=IFCCARTESIANPOINT((139.03045115468558,40.02682922594249));
#5153=IFCCARTESIANPOINT((143.47177878196817,38.48931685369462));
#5154=IFCCARTESIANPOINT((144.14584874152206,40.16290484275669));
#5155=IFCPOLYLINE((#5149,#5150,#5151,#5152,#5153,#5154,#5149));
#5156=IFCARBITRARYCLOSEDPROFILEDEF(.AREA.,$,#5155);
#5157=IFCEXTRUDEDAREASOLID(#5156,#8,#6,3.);
#5158=IFCSHAPEREPRESENTATION(#11,'Body','SweptSolid',(#5157));
#5159=IFCPRODUCTDEFINITIONSHAPE($,$,(#5158));
#5160=IFCLOCALPLACEMENT(#13,#8);
#5161=IFCBUILDINGELEMENTPROXY('3sm2MbGDL7jYsxvWBk1UWF',$,'Building 55944193',$,$,#5160,#5159,$,.ELEMENT.);
#5162=IFCPROPERTYSINGLEVALUE('osm_id',$,IFCLABEL('way/55944193'),$);
#5163=IFCPROPERTYSINGLEVALUE('height_source',$,IFCLABEL('tag:levels'),$);
#5164=IFCPROPERTYSINGLEVALUE('height_m',$,IFCREAL(3.),$);
#5165=IFCPROPERTYSET('2qhl8c76u8tI5bheqfKY9n',$,'Pset_SiteContext',$,(#5162,#5163,#5164));
#5166=IFCRELDEFINESBYPROPERTIES('0cDYhzc4XQmhPSohIaKPGj',$,$,$,(#5161),#5165);
#5167=IFCCARTESIANPOINT((157.83358970843256,49.525100853294134));
#5168=IFCCARTESIANPOINT((150.31445751118008,52.444397614337504));
#5169=IFCCARTESIANPOINT((149.54166836990044,53.95190124493092));
#5170=IFCCARTESIANPOINT((153.445503734285,64.75073741469532));
#5171=IFCCARTESIANPOINT((145.15906436834484,69.84469276946038));
#5172=IFCCARTESIANPOINT((144.8739816620946,69.07975280750543));
#5173=IFCCARTESIANPOINT((140.64954637282062,57.66083118878305));
#5174=IFCCARTESIANPOINT((137.36305808997713,48.78069269936532));
#5175=IFCCARTESIANPOINT((138.58871146605816,46.12413553521037));
#5176=IFCCARTESIANPOINT((140.7516319748247,41.43609425239265));
#5177=IFCCARTESIANPOINT((144.14584874152206,40.16290484275669));
#5178=IFCCARTESIANPOINT((145.2504733024398,39.75355436746031));
#5179=IFCCARTESIANPOINT((151.8486937362468,37.275457706302404));
#5180=IFCPOLYLINE((#5167,#5168,#5169,#5170,#5171,#5172,#5173,#5174,#5175,#5176,#5177,#5178,#5179,#5167));
#5181=IFCARBITRARYCLOSEDPROFILEDEF(.AREA.,$,#5180);
#5182=IFCEXTRUDEDAREASOLID(#5181,#8,#6,18.);
#5183=IFCSHAPEREPRESENTATION(#11,'Body','SweptSolid',(#5182));
#5184=IFCPRODUCTDEFINITIONSHAPE($,$,(#5183));
#5185=IFCLOCALPLACEMENT(#13,#8);
#5186=IFCBUILDINGELEMENTPROXY('0JyavNYgQpdB_7avTLvbeR',$,'Building 55944194',$,$,#5185,#5184,$,.ELEMENT.);
#5187=IFCPROPERTYSINGLEVALUE('osm_id',$,IFCLABEL('way/55944194'),$);
#5188=IFCPROPERTYSINGLEVALUE('height_source',$,IFCLABEL('tag:levels'),$);
#5189=IFCPROPERTYSINGLEVALUE('height_m',$,IFCREAL(18.),$);
#5190=IFCPROPERTYSET('2fPu2gun_awMdhyyv6vlxA',$,'Pset_SiteContext',$,(#5187,#5188,#5189));
#5191=IFCRELDEFINESBYPROPERTIES('2l9o5fU_bekx8K7wj1FqaB',$,$,$,(#5186),#5190);
#5192=IFCCARTESIANPOINT((170.25541341339704,68.29397556278855));
#5193=IFCCARTESIANPOINT((166.83540468499996,70.00103620346636));
#5194=IFCCARTESIANPOINT((165.12658730044495,66.51224473305047));
#5195=IFCCARTESIANPOINT((161.84283163864166,59.75596649106592));
#5196=IFCCARTESIANPOINT((162.74110709363595,59.23710764013231));
#5197=IFCCARTESIANPOINT((160.44256509596016,54.51883299648762));
#5198=IFCCARTESIANPOINT((165.74272518407088,51.228494515642524));
#5199=IFCCARTESIANPOINT((168.13212737324648,50.00801355950534));
#5200=IFCCARTESIANPOINT((171.24832914897706,47.93648159317672));
#5201=IFCCARTESIANPOINT((171.0512936792802,47.17082074843347));
#5202=IFCCARTESIANPOINT((178.01670915423892,43.83352156821638));
#5203=IFCCARTESIANPOINT((176.44981573487166,39.754214031621814));
#5204=IFCCARTESIANPOINT((183.7837095783325,35.71335807722062));
#5205=IFCCARTESIANPOINT((185.50544900482055,38.090060936287045));
#5206=IFCCARTESIANPOINT((192.12857512314804,49.43381331209093));
#5207=IFCCARTESIANPOINT((187.5839112540707,51.795003852806985));
#5208=IFCCARTESIANPOINT((195.24215191451367,65.8991519799456));
#5209=IFCCARTESIANPOINT((187.63086712313816,71.00976982619613));
#5210=IFCCARTESIANPOINT((187.12009129743092,71.35866005998105));
#5211=IFCCARTESIANPOINT((182.27456124790478,74.61190434824675));
#5212=IFCCARTESIANPOINT((179.31914859381504,76.60427758470178));
#5213=IFCCARTESIANPOINT((175.7215332039632,79.02445705980062));
#5214=IFCPOLYLINE((#5192,#5193,#5194,#5195,#5196,#5197,#5198,#5199,#5200,#5201,#5202,#5203,#5204,#5205,#5206,#5207,#5208,#5209,#5210,#5211,#5212,#5213,#5192));
#5215=IFCARBITRARYCLOSEDPROFILEDEF(.AREA.,$,#5214);
#5216=IFCEXTRUDEDAREASOLID(#5215,#8,#6,9.);
#5217=IFCSHAPEREPRESENTATION(#11,'Body','SweptSolid',(#5216));
#5218=IFCPRODUCTDEFINITIONSHAPE($,$,(#5217));
#5219=IFCLOCALPLACEMENT(#13,#8);
#5220=IFCBUILDINGELEMENTPROXY('0HR7Bzzz1t70C9J7NmSplU',$,'Building 55944195',$,$,#5219,#5218,$,.ELEMENT.);
#5221=IFCPROPERTYSINGLEVALUE('osm_id',$,IFCLABEL('way/55944195'),$);
#5222=IFCPROPERTYSINGLEVALUE('height_source',$,IFCLABEL('fallback'),$);
#5223=IFCPROPERTYSINGLEVALUE('height_m',$,IFCREAL(9.),$);
#5224=IFCPROPERTYSET('3XY$YFnpWPnuV3fsPJTS6m',$,'Pset_SiteContext',$,(#5221,#5222,#5223));
#5225=IFCRELDEFINESBYPROPERTIES('2t46WZPSv_cngFiTPA3Tti',$,$,$,(#5220),#5224);
#5226=IFCCARTESIANPOINT((196.57485781621654,50.29819453600794));
#5227=IFCCARTESIANPOINT((198.45619244105183,48.85947965551168));
#5228=IFCCARTESIANPOINT((199.85413389792666,52.9179338272661));
#5229=IFCCARTESIANPOINT((202.55728974367958,50.582916136831045));
#5230=IFCCARTESIANPOINT((200.47684144147206,47.40850739367306));
#5231=IFCCARTESIANPOINT((200.658814717317,47.229102729819715));
#5232=IFCCARTESIANPOINT((195.6943330358481,39.51910830568522));
#5233=IFCCARTESIANPOINT((195.83871255873237,39.228811893612146));
#5234=IFCCARTESIANPOINT((195.7385156461969,38.64027710072696));
#5235=IFCCARTESIANPOINT((200.96524852560833,35.339451583102345));
#5236=IFCCARTESIANPOINT((212.61215822014492,55.37129091657698));
#5237=IFCCARTESIANPOINT((208.66317415551748,58.795108104124665));
#5238=IFCCARTESIANPOINT((207.44642388436478,59.85031534265727));
#5239=IFCCARTESIANPOINT((203.7379335173173,63.07201381586492));
#5240=IFCCARTESIANPOINT((202.41449879133143,60.947808511555195));
#5241=IFCPOLYLINE((#5226,#5227,#5228,#5229,#5230,#5231,#5232,#5233,#5234,#5235,#5236,#5237,#5238,#5239,#5240,#5226));
#5242=IFCARBITRARYCLOSEDPROFILEDEF(.AREA.,$,#5241);
#5243=IFCEXTRUDEDAREASOLID(#5242,#8,#6,9.);
#5244=IFCSHAPEREPRESENTATION(#11,'Body','SweptSolid',(#5243));
#5245=IFCPRODUCTDEFINITIONSHAPE($,$,(#5244));
#5246=IFCLOCALPLACEMENT(#13,#8);
#5247=IFCBUILDINGELEMENTPROXY('0W01Iae1s7QtZvnyp_vc3P',$,'Building 55944196',$,$,#5246,#5245,$,.ELEMENT.);
#5248=IFCPROPERTYSINGLEVALUE('osm_id',$,IFCLABEL('way/55944196'),$);
#5249=IFCPROPERTYSINGLEVALUE('height_source',$,IFCLABEL('fallback'),$);
#5250=IFCPROPERTYSINGLEVALUE('height_m',$,IFCREAL(9.),$);
#5251=IFCPROPERTYSET('3aNP2VtPCja9JFJBXz4VeO',$,'Pset_SiteContext',$,(#5248,#5249,#5250));
#5252=IFCRELDEFINESBYPROPERTIES('18VJ1w1GkDstgyOWJCx$F$',$,$,$,(#5247),#5251);
#5253=IFCCARTESIANPOINT((157.179308253224,72.70427814312279));
#5254=IFCCARTESIANPOINT((158.67383656767197,76.90649199206382));
#5255=IFCCARTESIANPOINT((164.16701057029422,73.8925700634718));
#5256=IFCCARTESIANPOINT((161.067892778432,68.1800509635359));
#5257=IFCCARTESIANPOINT((165.12658730044495,66.51224473305047));
#5258=IFCCARTESIANPOINT((166.83540468499996,70.00103620346636));
#5259=IFCCARTESIANPOINT((172.02626716764644,81.16744007635862));
#5260=IFCCARTESIANPOINT((158.66197385301348,88.91606010776013));
#5261=IFCCARTESIANPOINT((151.19605210307054,85.77458664774895));
#5262=IFCCARTESIANPOINT((148.50686269882135,79.04681211709976));
#5263=IFCCARTESIANPOINT((147.9824489901075,77.7278353208676));
#5264=IFCPOLYLINE((#5253,#5254,#5255,#5256,#5257,#5258,#5259,#5260,#5261,#5262,#5263,#5253));
#5265=IFCARBITRARYCLOSEDPROFILEDEF(.AREA.,$,#5264);
#5266=IFCEXTRUDEDAREASOLID(#5265,#8,#6,21.);
#5267=IFCSHAPEREPRESENTATION(#11,'Body','SweptSolid',(#5266));
#5268=IFCPRODUCTDEFINITIONSHAPE($,$,(#5267));
#5269=IFCLOCALPLACEMENT(#13,#8);
#5270=IFCBUILDINGELEMENTPROXY('06PdTYI1vWXUTSUYEdMXPa',$,'Building 55944197',$,$,#5269,#5268,$,.ELEMENT.);
#5271=IFCPROPERTYSINGLEVALUE('osm_id',$,IFCLABEL('way/55944197'),$);
#5272=IFCPROPERTYSINGLEVALUE('height_source',$,IFCLABEL('tag:levels'),$);
#5273=IFCPROPERTYSINGLEVALUE('height_m',$,IFCREAL(21.),$);
#5274=IFCPROPERTYSET('1jyycAIseSgoESB5hXpA_Z',$,'Pset_SiteContext',$,(#5271,#5272,#5273));
#5275=IFCRELDEFINESBYPROPERTIES('3UqUt05l2VfHdzK0qWbKQ0',$,$,$,(#5270),#5274);
#5276=IFCCARTESIANPOINT((230.89761925919447,13.16660600155592));
#5277=IFCCARTESIANPOINT((232.8277053507045,16.79816710948944));
#5278=IFCCARTESIANPOINT((234.37633505975828,19.543253106065094));
#5279=IFCCARTESIANPOINT((219.40815293008927,26.79330698773265));
#5280=IFCCARTESIANPOINT((216.04790812230203,20.549139358103275));
#5281=IFCPOLYLINE((#5276,#5277,#5278,#5279,#5280,#5276));
#5282=IFCARBITRARYCLOSEDPROFILEDEF(.AREA.,$,#5281);
#5283=IFCEXTRUDEDAREASOLID(#5282,#8,#6,21.);
#5284=IFCSHAPEREPRESENTATION(#11,'Body','SweptSolid',(#5283));
#5285=IFCPRODUCTDEFINITIONSHAPE($,$,(#5284));
#5286=IFCLOCALPLACEMENT(#13,#8);
#5287=IFCBUILDINGELEMENTPROXY('2mqxYJDmafb87Itpu981co',$,'Building 55944308',$,$,#5286,#5285,$,.ELEMENT.);
#5288=IFCPROPERTYSINGLEVALUE('osm_id',$,IFCLABEL('way/55944308'),$);
#5289=IFCPROPERTYSINGLEVALUE('height_source',$,IFCLABEL('tag:levels'),$);
#5290=IFCPROPERTYSINGLEVALUE('height_m',$,IFCREAL(21.),$);
#5291=IFCPROPERTYSET('2dS8uV7YsS_uj$pIsS7Jho',$,'Pset_SiteContext',$,(#5288,#5289,#5290));
#5292=IFCRELDEFINESBYPROPERTIES('0FOtKJ$DcT67N8q0bX7_QT',$,$,$,(#5287),#5291);
#5293=IFCCARTESIANPOINT((230.89761925919447,13.16660600155592));
#5294=IFCCARTESIANPOINT((216.04790812230203,20.549139358103275));
#5295=IFCCARTESIANPOINT((215.91366090159863,20.28335875272751));
#5296=IFCCARTESIANPOINT((216.10279100365005,20.081656425260007));
#5297=IFCCARTESIANPOINT((215.32747314928565,18.586805349215865));
#5298=IFCCARTESIANPOINT((214.73115137091372,17.446328486315906));
#5299=IFCCARTESIANPOINT((214.26898594142403,16.56051311828196));
#5300=IFCCARTESIANPOINT((214.5424381486373,15.902207252569497));
#5301=IFCCARTESIANPOINT((215.39866341650486,13.826917957514524));
#5302=IFCCARTESIANPOINT((222.80963734560646,11.130987864919007));
#5303=IFCCARTESIANPOINT((223.2925249118125,10.960246701724827));
#5304=IFCCARTESIANPOINT((229.57731217495166,8.729436218738556));
#5305=IFCCARTESIANPOINT((232.33853465260472,9.907839240506291));
#5306=IFCCARTESIANPOINT((232.74281789385714,10.894207389093935));
#5307=IFCCARTESIANPOINT((233.19955008500256,12.013585862703621));
#5308=IFCPOLYLINE((#5293,#5294,#5295,#5296,#5297,#5298,#5299,#5300,#5301,#5302,#5303,#5304,#5305,#5306,#5307,#5293));
#5309=IFCARBITRARYCLOSEDPROFILEDEF(.AREA.,$,#5308);
#5310=IFCEXTRUDEDAREASOLID(#5309,#8,#6,15.);
#5311=IFCSHAPEREPRESENTATION(#11,'Body','SweptSolid',(#5310));
#5312=IFCPRODUCTDEFINITIONSHAPE($,$,(#5311));
#5313=IFCLOCALPLACEMENT(#13,#8);
#5314=IFCBUILDINGELEMENTPROXY('0aBZ5zOzsP0_QxbHOGBLRH',$,'Building 55944309',$,$,#5313,#5312,$,.ELEMENT.);
#5315=IFCPROPERTYSINGLEVALUE('osm_id',$,IFCLABEL('way/55944309'),$);
#5316=IFCPROPERTYSINGLEVALUE('height_source',$,IFCLABEL('tag:levels'),$);
#5317=IFCPROPERTYSINGLEVALUE('height_m',$,IFCREAL(15.),$);
#5318=IFCPROPERTYSET('1ernDcAYWvnfM4$P$ffCtD',$,'Pset_SiteContext',$,(#5315,#5316,#5317));
#5319=IFCRELDEFINESBYPROPERTIES('09cl2RWDDGGesofonUO0B6',$,$,$,(#5314),#5318);
#5320=IFCCARTESIANPOINT((232.74281789385714,10.894207389093935));
#5321=IFCCARTESIANPOINT((232.33853465260472,9.907839240506291));
#5322=IFCCARTESIANPOINT((229.57731217495166,8.729436218738556));
#5323=IFCCARTESIANPOINT((223.2925249118125,10.960246701724827));
#5324=IFCCARTESIANPOINT((222.63975961727556,9.197517099790275));
#5325=IFCCARTESIANPOINT((229.54566174186766,6.650278410874307));
#5326=IFCCARTESIANPOINT((233.66045500256587,8.251306056976318));
#5327=IFCCARTESIANPOINT((234.73462500213645,11.300501943565905));
#5328=IFCCARTESIANPOINT((233.19955008500256,12.013585862703621));
#5329=IFCPOLYLINE((#5320,#5321,#5322,#5323,#5324,#5325,#5326,#5327,#5328,#5320));
#5330=IFCARBITRARYCLOSEDPROFILEDEF(.AREA.,$,#5329);
#5331=IFCEXTRUDEDAREASOLID(#5330,#8,#6,3.);
#5332=IFCSHAPEREPRESENTATION(#11,'Body','SweptSolid',(#5331));
#5333=IFCPRODUCTDEFINITIONSHAPE($,$,(#5332));
#5334=IFCLOCALPLACEMENT(#13,#8);
#5335=IFCBUILDINGELEMENTPROXY('1JLWRXOljZWpdhoMGelVUl',$,'Building 55944310',$,$,#5334,#5333,$,.ELEMENT.);
#5336=IFCPROPERTYSINGLEVALUE('osm_id',$,IFCLABEL('way/55944310'),$);
#5337=IFCPROPERTYSINGLEVALUE('height_source',$,IFCLABEL('tag:levels'),$);
#5338=IFCPROPERTYSINGLEVALUE('height_m',$,IFCREAL(3.),$);
#5339=IFCPROPERTYSET('3oi3X9JdFalMxRBzJR6EtB',$,'Pset_SiteContext',$,(#5336,#5337,#5338));
#5340=IFCRELDEFINESBYPROPERTIES('0oat$m9lS3P5wSsHHEXwM0',$,$,$,(#5335),#5339);
#5341=IFCCARTESIANPOINT((234.37633505975828,19.543253106065094));
#5342=IFCCARTESIANPOINT((235.20318910246715,21.059925734065473));
#5343=IFCCARTESIANPOINT((236.12633269641083,22.6870111906901));
#5344=IFCCARTESIANPOINT((228.6805141736986,26.506316383369267));
#5345=IFCCARTESIANPOINT((227.50414452445693,27.116394374519587));
#5346=IFCCARTESIANPOINT((221.52737180993427,30.223162499256432));
#5347=IFCCARTESIANPOINT((221.3812656137161,30.30219471268356));
#5348=IFCCARTESIANPOINT((220.8153841481544,29.294907059520483));
#5349=IFCCARTESIANPOINT((219.40815293008927,26.79330698773265));
#5350=IFCPOLYLINE((#5341,#5342,#5343,#5344,#5345,#5346,#5347,#5348,#5349,#5341));
#5351=IFCARBITRARYCLOSEDPROFILEDEF(.AREA.,$,#5350);
#5352=IFCEXTRUDEDAREASOLID(#5351,#8,#6,21.);
#5353=IFCSHAPEREPRESENTATION(#11,'Body','SweptSolid',(#5352));
#5354=IFCPRODUCTDEFINITIONSHAPE($,$,(#5353));
#5355=IFCLOCALPLACEMENT(#13,#8);
#5356=IFCBUILDINGELEMENTPROXY('1x6eThk2ngFDC33Gmw67RM',$,'Building 55944312',$,$,#5355,#5354,$,.ELEMENT.);
#5357=IFCPROPERTYSINGLEVALUE('osm_id',$,IFCLABEL('way/55944312'),$);
#5358=IFCPROPERTYSINGLEVALUE('height_source',$,IFCLABEL('tag:levels'),$);
#5359=IFCPROPERTYSINGLEVALUE('height_m',$,IFCREAL(21.),$);
#5360=IFCPROPERTYSET('3Pi0FonSWRsTP8lHHtxHg1',$,'Pset_SiteContext',$,(#5357,#5358,#5359));
#5361=IFCRELDEFINESBYPROPERTIES('1EKTDhUDNgOFf_UGMii1zt',$,$,$,(#5356),#5360);
#5362=IFCCARTESIANPOINT((227.50414452445693,27.116394374519587));
#5363=IFCCARTESIANPOINT((228.15906876232475,28.245274268090725));
#5364=IFCCARTESIANPOINT((227.3190254762303,28.708047926425934));
#5365=IFCCARTESIANPOINT((228.24959798541386,30.346191455610096));
#5366=IFCCARTESIANPOINT((229.24426468112506,29.948874737136066));
#5367=IFCCARTESIANPOINT((229.98603696364444,30.031777542084455));
#5368=IFCCARTESIANPOINT((230.6562539335573,30.337662138976157));
#5369=IFCCARTESIANPOINT((231.13227294641547,31.123286907561123));
#5370=IFCCARTESIANPOINT((232.4901630609529,30.278210323303938));
#5371=IFCCARTESIANPOINT((230.4250337901758,27.181505480781198));
#5372=IFCCARTESIANPOINT((229.37900688988157,27.579241313040257));
#5373=IFCCARTESIANPOINT((228.6805141736986,26.506316383369267));
#5374=IFCCARTESIANPOINT((236.12633269641083,22.6870111906901));
#5375=IFCCARTESIANPOINT((236.95542484032921,22.68024307489395));
#5376=IFCCARTESIANPOINT((238.7768239316065,27.380201569758356));
#5377=IFCCARTESIANPOINT((240.57575506158173,32.024744817987084));
#5378=IFCCARTESIANPOINT((239.63964725716505,35.10147147066891));
#5379=IFCCARTESIANPOINT((235.48029352747835,37.92651351261884));
#5380=IFCCARTESIANPOINT((231.89730483281892,40.346537571400404));
#5381=IFCCARTESIANPOINT((231.28434925258625,40.762977245263755));
#5382=IFCCARTESIANPOINT((231.16759149590507,40.84176961239427));
#5383=IFCCARTESIANPOINT((226.24837485619355,39.56978801265359));
#5384=IFCCARTESIANPOINT((223.14575976203196,33.423591054044664));
#5385=IFCCARTESIANPOINT((221.52737180993427,30.223162499256432));
#5386=IFCPOLYLINE((#5362,#5363,#5364,#5365,#5366,#5367,#5368,#5369,#5370,#5371,#5372,#5373,#5374,#5375,#5376,#5377,#5378,#5379,#5380,#5381,#5382,#5383,#5384,#5385,#5362));
#5387=IFCARBITRARYCLOSEDPROFILEDEF(.AREA.,$,#5386);
#5388=IFCEXTRUDEDAREASOLID(#5387,#8,#6,21.);
#5389=IFCSHAPEREPRESENTATION(#11,'Body','SweptSolid',(#5388));
#5390=IFCPRODUCTDEFINITIONSHAPE($,$,(#5389));
#5391=IFCLOCALPLACEMENT(#13,#8);
#5392=IFCBUILDINGELEMENTPROXY('1SAxeasr9Jak3WHpuAuJVu',$,'Building 55944313',$,$,#5391,#5390,$,.ELEMENT.);
#5393=IFCPROPERTYSINGLEVALUE('osm_id',$,IFCLABEL('way/55944313'),$);
#5394=IFCPROPERTYSINGLEVALUE('height_source',$,IFCLABEL('tag:levels'),$);
#5395=IFCPROPERTYSINGLEVALUE('height_m',$,IFCREAL(21.),$);
#5396=IFCPROPERTYSET('3yu8cxx25BN9s$O3NYEhCJ',$,'Pset_SiteContext',$,(#5393,#5394,#5395));
#5397=IFCRELDEFINESBYPROPERTIES('1XNsSUbhUy1KC9IZVrlNN2',$,$,$,(#5392),#5396);
#5398=IFCCARTESIANPOINT((280.642557305051,37.869364351034164));
#5399=IFCCARTESIANPOINT((282.29623556521256,40.90272341296077));
#5400=IFCCARTESIANPOINT((274.65376092714723,44.90149185899645));
#5401=IFCCARTESIANPOINT((274.3705081245862,44.35892838612199));
#5402=IFCCARTESIANPOINT((272.7605770047521,41.29185500368476));
#5403=IFCPOLYLINE((#5398,#5399,#5400,#5401,#5402,#5398));
#5404=IFCARBITRARYCLOSEDPROFILEDEF(.AREA.,$,#5403);
#5405=IFCEXTRUDEDAREASOLID(#5404,#8,#6,18.);
#5406=IFCSHAPEREPRESENTATION(#11,'Body','SweptSolid',(#5405));
#5407=IFCPRODUCTDEFINITIONSHAPE($,$,(#5406));
#5408=IFCLOCALPLACEMENT(#13,#8);
#5409=IFCBUILDINGELEMENTPROXY('2VVCtzyeP$29emiXfDG$IE',$,'Building 55988117',$,$,#5408,#5407,$,.ELEMENT.);
#5410=IFCPROPERTYSINGLEVALUE('osm_id',$,IFCLABEL('way/55988117'),$);
#5411=IFCPROPERTYSINGLEVALUE('height_source',$,IFCLABEL('tag:levels'),$);
#5412=IFCPROPERTYSINGLEVALUE('height_m',$,IFCREAL(18.),$);
#5413=IFCPROPERTYSET('35HgHHWlCQWiInWDkSzoNC',$,'Pset_SiteContext',$,(#5410,#5411,#5412));
#5414=IFCRELDEFINESBYPROPERTIES('0HavV7YCgxb_ZaRG3$7kIt',$,$,$,(#5409),#5413);
#5415=IFCCARTESIANPOINT((301.189234002959,61.453882494941354));
#5416=IFCCARTESIANPOINT((300.3959155186312,59.54773106146604));
#5417=IFCCARTESIANPOINT((300.5484526201617,59.357449635863304));
#5418=IFCCARTESIANPOINT((308.43350166163873,55.41233703494072));
#5419=IFCCARTESIANPOINT((312.0358084733598,53.559316399507225));
#5420=IFCCARTESIANPOINT((315.0322468521772,59.29499104432762));
#5421=IFCCARTESIANPOINT((297.4245582037838,68.59017542749643));
#5422=IFCCARTESIANPOINT((299.74009892425966,72.70789206400514));
#5423=IFCCARTESIANPOINT((300.38693643838633,72.84717720095068));
#5424=IFCCARTESIANPOINT((301.01493541756645,73.37581170443445));
#5425=IFCCARTESIANPOINT((320.31583953869995,62.965971967205405));
#5426=IFCCARTESIANPOINT((317.3678706709761,57.7747734002769));
#5427=IFCCARTESIANPOINT((321.97028166416567,55.290895730257034));
#5428=IFCCARTESIANPOINT((323.1014605249511,57.238776474259794));
#5429=IFCCARTESIANPOINT((327.7082348644035,65.19643147103488));
#5430=IFCCARTESIANPOINT((326.5751603670651,65.7171777524054));
#5431=IFCCARTESIANPOINT((325.45095893915277,63.724759860895574));
#5432=IFCCARTESIANPOINT((324.59687329933513,64.26547308266163));
#5433=IFCCARTESIANPOINT((325.7643723959336,66.16857901867479));
#5434=IFCCARTESIANPOINT((303.20637671404984,77.57238068804145));
#5435=IFCCARTESIANPOINT((295.9504479680909,82.17956476099789));
#5436=IFCCARTESIANPOINT((292.49611433246173,76.08067641220987));
#5437=IFCCARTESIANPOINT((292.10153992741834,75.38334135338664));
#5438=IFCCARTESIANPOINT((288.36440130649135,68.79748706333339));
#5439=IFCPOLYLINE((#5415,#5416,#5417,#5418,#5419,#5420,#5421,#5422,#5423,#5424,#5425,#5426,#5427,#5428,#5429,#5430,#5431,#5432,#5433,#5434,#5435,#5436,#5437,#5438,#5415));
#5440=IFCARBITRARYCLOSEDPROFILEDEF(.AREA.,$,#5439);
#5441=IFCEXTRUDEDAREASOLID(#5440,#8,#6,9.);
#5442=IFCSHAPEREPRESENTATION(#11,'Body','SweptSolid',(#5441));
#5443=IFCPRODUCTDEFINITIONSHAPE($,$,(#5442));
#5444=IFCLOCALPLACEMENT(#13,#8);
#5445=IFCBUILDINGELEMENTPROXY('3sh55siiGSoOCWj4sVkoAD',$,'Building 55988118',$,$,#5444,#5443,$,.ELEMENT.);
#5446=IFCPROPERTYSINGLEVALUE('osm_id',$,IFCLABEL('way/55988118'),$);
#5447=IFCPROPERTYSINGLEVALUE('height_source',$,IFCLABEL('fallback'),$);
#5448=IFCPROPERTYSINGLEVALUE('height_m',$,IFCREAL(9.),$);
#5449=IFCPROPERTYSET('3sPU0bYK64nzRymZymwpxm',$,'Pset_SiteContext',$,(#5446,#5447,#5448));
#5450=IFCRELDEFINESBYPROPERTIES('2vDhElJ$30PVDZZgD0ccCS',$,$,$,(#5445),#5449);
#5451=IFCCARTESIANPOINT((264.30160148546565,59.430660299025476));
#5452=IFCCARTESIANPOINT((260.20286671759095,63.38941811863333));
#5453=IFCCARTESIANPOINT((257.56211689615157,59.88596418686211));
#5454=IFCCARTESIANPOINT((257.3245186373824,59.54318673443049));
#5455=IFCCARTESIANPOINT((261.05441692320164,56.2435090970248));
#5456=IFCCARTESIANPOINT((265.93870324490126,46.940802863799036));
#5457=IFCCARTESIANPOINT((266.7940770643763,48.35716868750751));
#5458=IFCCARTESIANPOINT((269.9105763559928,53.51360708475113));
#5459=IFCCARTESIANPOINT((269.0655547985807,54.26553218625486));
#5460=IFCPOLYLINE((#5451,#5452,#5453,#5454,#5455,#5456,#5457,#5458,#5459,#5451));
#5461=IFCARBITRARYCLOSEDPROFILEDEF(.AREA.,$,#5460);
#5462=IFCEXTRUDEDAREASOLID(#5461,#8,#6,18.);
#5463=IFCSHAPEREPRESENTATION(#11,'Body','SweptSolid',(#5462));
#5464=IFCPRODUCTDEFINITIONSHAPE($,$,(#5463));
#5465=IFCLOCALPLACEMENT(#13,#8);
#5466=IFCBUILDINGELEMENTPROXY('3uPzanB4UfIxXl732N5jZ$',$,'Building 55988130',$,$,#5465,#5464,$,.ELEMENT.);
#5467=IFCPROPERTYSINGLEVALUE('osm_id',$,IFCLABEL('way/55988130'),$);
#5468=IFCPROPERTYSINGLEVALUE('height_source',$,IFCLABEL('tag:levels'),$);
#5469=IFCPROPERTYSINGLEVALUE('height_m',$,IFCREAL(18.),$);
#5470=IFCPROPERTYSET('3KNW_mNm4vG6yxh1eQfoaQ',$,'Pset_SiteContext',$,(#5467,#5468,#5469));
#5471=IFCRELDEFINESBYPROPERTIES('1dlrvdWAZenwv2AhQc80WQ',$,$,$,(#5466),#5470);
#5472=IFCCARTESIANPOINT((280.642557305051,37.869364351034164));
#5473=IFCCARTESIANPOINT((272.7605770047521,41.29185500368476));
#5474=IFCCARTESIANPOINT((271.0150393760996,37.79221319966018));
#5475=IFCCARTESIANPOINT((270.2093919691397,36.175283478572965));
#5476=IFCCARTESIANPOINT((270.5311351129785,36.039220373146236));
#5477=IFCCARTESIANPOINT((276.5418105839053,33.48822000622749));
#5478=IFCCARTESIANPOINT((277.9458150458522,32.89853509142995));
#5479=IFCPOLYLINE((#5472,#5473,#5474,#5475,#5476,#5477,#5478,#5472));
#5480=IFCARBITRARYCLOSEDPROFILEDEF(.AREA.,$,#5479);
#5481=IFCEXTRUDEDAREASOLID(#5480,#8,#6,18.);
#5482=IFCSHAPEREPRESENTATION(#11,'Body','SweptSolid',(#5481));
#5483=IFCPRODUCTDEFINITIONSHAPE($,$,(#5482));
#5484=IFCLOCALPLACEMENT(#13,#8);
#5485=IFCBUILDINGELEMENTPROXY('0zy84abXyMfv91Om0hFgkF',$,'Building 55988136',$,$,#5484,#5483,$,.ELEMENT.);
#5486=IFCPROPERTYSINGLEVALUE('osm_id',$,IFCLABEL('way/55988136'),$);
#5487=IFCPROPERTYSINGLEVALUE('height_source',$,IFCLABEL('tag:levels'),$);
#5488=IFCPROPERTYSINGLEVALUE('height_m',$,IFCREAL(18.),$);
#5489=IFCPROPERTYSET('3evP_LCMIQvRoSHK_ZrRH5',$,'Pset_SiteContext',$,(#5486,#5487,#5488));
#5490=IFCRELDEFINESBYPROPERTIES('1dNsCyJJGlleJRHuy_dx9_',$,$,$,(#5485),#5489);
#5491=IFCCARTESIANPOINT((286.0930488895392,96.1931504542008));
#5492=IFCCARTESIANPOINT((283.9684511697851,92.09612106066197));
#5493=IFCCARTESIANPOINT((283.543077872484,91.2211195928976));
#5494=IFCCARTESIANPOINT((287.73311682243366,87.66194846760482));
#5495=IFCCARTESIANPOINT((290.2487021347042,85.7176964962855));
#5496=IFCCARTESIANPOINT((292.67638176714536,90.09025370143354));
#5497=IFCCARTESIANPOINT((293.0040154051967,90.67693589162081));
#5498=IFCPOLYLINE((#5491,#5492,#5493,#5494,#5495,#5496,#5497,#5491));
#5499=IFCARBITRARYCLOSEDPROFILEDEF(.AREA.,$,#5498);
#5500=IFCEXTRUDEDAREASOLID(#5499,#8,#6,18.);
#5501=IFCSHAPEREPRESENTATION(#11,'Body','SweptSolid',(#5500));
#5502=IFCPRODUCTDEFINITIONSHAPE($,$,(#5501));
#5503=IFCLOCALPLACEMENT(#13,#8);
#5504=IFCBUILDINGELEMENTPROXY('21OYh5eywEI6FhSE8IuU32',$,'Building 55988139',$,$,#5503,#5502,$,.ELEMENT.);
#5505=IFCPROPERTYSINGLEVALUE('osm_id',$,IFCLABEL('way/55988139'),$);
#5506=IFCPROPERTYSINGLEVALUE('height_source',$,IFCLABEL('tag:levels'),$);
#5507=IFCPROPERTYSINGLEVALUE('height_m',$,IFCREAL(18.),$);
#5508=IFCPROPERTYSET('2WB9AvDw2yzQuqLwLkr_0m',$,'Pset_SiteContext',$,(#5505,#5506,#5507));
#5509=IFCRELDEFINESBYPROPERTIES('3kdCr_gaPGvbZb$evacWtk',$,$,$,(#5504),#5508);
#5510=IFCCARTESIANPOINT((251.03404640685767,53.87890209350735));
#5511=IFCCARTESIANPOINT((253.96851672895718,61.00503600295633));
#5512=IFCCARTESIANPOINT((254.1965096940985,61.06989477202296));
#5513=IFCCARTESIANPOINT((254.1466021121014,61.24822006933391));
#5514=IFCCARTESIANPOINT((259.2863069077721,72.45959705393761));
#5515=IFCCARTESIANPOINT((264.61522987508215,69.99198512360454));
#5516=IFCCARTESIANPOINT((266.9237180027412,73.24239590764046));
#5517=IFCCARTESIANPOINT((255.55316191655584,82.55354884173721));
#5518=IFCCARTESIANPOINT((246.7011016982142,89.3755561299622));
#5519=IFCCARTESIANPOINT((245.4474287132034,86.80597615335137));
#5520=IFCCARTESIANPOINT((235.32171612780076,66.13893533032387));
#5521=IFCCARTESIANPOINT((242.59393964672927,62.632410584017634));
#5522=IFCCARTESIANPOINT((239.45085655129515,56.019499448128045));
#5523=IFCCARTESIANPOINT((238.0289956216002,55.319433903321624));
#5524=IFCCARTESIANPOINT((238.93224080302753,53.61071954946965));
#5525=IFCCARTESIANPOINT((240.24743645766284,51.131371242925525));
#5526=IFCCARTESIANPOINT((239.41007411072496,49.225587668828666));
#5527=IFCCARTESIANPOINT((238.6100319151301,47.39733873400837));
#5528=IFCCARTESIANPOINT((243.33108168502804,45.068108428269625));
#5529=IFCCARTESIANPOINT((245.78662691509817,43.858239711262286));
#5530=IFCPOLYLINE((#5510,#5511,#5512,#5513,#5514,#5515,#5516,#5517,#5518,#5519,#5520,#5521,#5522,#5523,#5524,#5525,#5526,#5527,#5528,#5529,#5510));
#5531=IFCARBITRARYCLOSEDPROFILEDEF(.AREA.,$,#5530);
#5532=IFCEXTRUDEDAREASOLID(#5531,#8,#6,9.);
#5533=IFCSHAPEREPRESENTATION(#11,'Body','SweptSolid',(#5532));
#5534=IFCPRODUCTDEFINITIONSHAPE($,$,(#5533));
#5535=IFCLOCALPLACEMENT(#13,#8);
#5536=IFCBUILDINGELEMENTPROXY('2pH$AkbvnPStFzyI7gxuXJ',$,'Building 55988141',$,$,#5535,#5534,$,.ELEMENT.);
#5537=IFCPROPERTYSINGLEVALUE('osm_id',$,IFCLABEL('way/55988141'),$);
#5538=IFCPROPERTYSINGLEVALUE('height_source',$,IFCLABEL('fallback'),$);
#5539=IFCPROPERTYSINGLEVALUE('height_m',$,IFCREAL(9.),$);
#5540=IFCPROPERTYSET('1GtaX7BrmN1gOgnG$VdOdG',$,'Pset_SiteContext',$,(#5537,#5538,#5539));
#5541=IFCRELDEFINESBYPROPERTIES('1HeqcrkK64RnZ8CRGG_$El',$,$,$,(#5536),#5540);
#5542=IFCCARTESIANPOINT((268.06448289437685,64.67078364919871));
#5543=IFCCARTESIANPOINT((263.9987261745846,69.07406504172832));
#5544=IFCCARTESIANPOINT((260.20286671759095,63.38941811863333));
#5545=IFCCARTESIANPOINT((264.30160148546565,59.430660299025476));
#5546=IFCCARTESIANPOINT((269.0655547985807,54.26553218625486));
#5547=IFCCARTESIANPOINT((271.3139087060699,58.23922688048333));
#5548=IFCCARTESIANPOINT((271.84997689328156,59.19116342347115));
#5549=IFCPOLYLINE((#5542,#5543,#5544,#5545,#5546,#5547,#5548,#5542));
#5550=IFCARBITRARYCLOSEDPROFILEDEF(.AREA.,$,#5549);
#5551=IFCEXTRUDEDAREASOLID(#5550,#8,#6,9.);
#5552=IFCSHAPEREPRESENTATION(#11,'Body','SweptSolid',(#5551));
#5553=IFCPRODUCTDEFINITIONSHAPE($,$,(#5552));
#5554=IFCLOCALPLACEMENT(#13,#8);
#5555=IFCBUILDINGELEMENTPROXY('0W3tKsZUvrqQ$ulJM4F9$p',$,'Building 55988156',$,$,#5554,#5553,$,.ELEMENT.);
#5556=IFCPROPERTYSINGLEVALUE('osm_id',$,IFCLABEL('way/55988156'),$);
#5557=IFCPROPERTYSINGLEVALUE('height_source',$,IFCLABEL('fallback'),$);
#5558=IFCPROPERTYSINGLEVALUE('height_m',$,IFCREAL(9.),$);
#5559=IFCPROPERTYSET('2OF_QMMrsVkIhWyfyBD5Qx',$,'Pset_SiteContext',$,(#5556,#5557,#5558));
#5560=IFCRELDEFINESBYPROPERTIES('09fspsAjgpxq_NgOdGeHxd',$,$,$,(#5555),#5559);
#5561=IFCCARTESIANPOINT((288.7550653151702,101.40890631079674));
#5562=IFCCARTESIANPOINT((288.5851356291678,101.26573354005814));
#5563=IFCCARTESIANPOINT((288.307689722511,101.43479416146874));
#5564=IFCCARTESIANPOINT((284.5257132787956,103.74521089158952));
#5565=IFCCARTESIANPOINT((276.1957453629002,91.81479795183986));
#5566=IFCCARTESIANPOINT((281.8260025571799,87.61004237085581));
#5567=IFCCARTESIANPOINT((283.543077872484,91.2211195928976));
#5568=IFCCARTESIANPOINT((283.9684511697851,92.09612106066197));
#5569=IFCCARTESIANPOINT((280.7828536600573,94.65743370447308));
#5570=IFCCARTESIANPOINT((281.26520018687006,95.32069262024015));
#5571=IFCCARTESIANPOINT((281.5655640414916,95.26264356076717));
#5572=IFCCARTESIANPOINT((284.63799570396077,99.51874063629657));
#5573=IFCCARTESIANPOINT((285.3963286810322,98.93432263750583));
#5574=IFCCARTESIANPOINT((285.1281161576044,98.43611529748887));
#5575=IFCCARTESIANPOINT((286.3145267883083,97.25885282363743));
#5576=IFCCARTESIANPOINT((285.8597155162133,96.37297133449465));
#5577=IFCCARTESIANPOINT((286.0930488895392,96.1931504542008));
#5578=IFCCARTESIANPOINT((293.0040154051967,90.67693589162081));
#5579=IFCCARTESIANPOINT((293.38391466718167,91.3743907455355));
#5580=IFCCARTESIANPOINT((296.2365981193725,96.57747530564666));
#5581=IFCPOLYLINE((#5561,#5562,#5563,#5564,#5565,#5566,#5567,#5568,#5569,#5570,#5571,#5572,#5573,#5574,#5575,#5576,#5577,#5578,#5579,#5580,#5561));
#5582=IFCARBITRARYCLOSEDPROFILEDEF(.AREA.,$,#5581);
#5583=IFCEXTRUDEDAREASOLID(#5582,#8,#6,18.);
#5584=IFCSHAPEREPRESENTATION(#11,'Body','SweptSolid',(#5583));
#5585=IFCPRODUCTDEFINITIONSHAPE($,$,(#5584));
#5586=IFCLOCALPLACEMENT(#13,#8);
#5587=IFCBUILDINGELEMENTPROXY('2pUMuqEJop84y7ds$_J2ak',$,'Building 55988157',$,$,#5586,#5585,$,.ELEMENT.);
#5588=IFCPROPERTYSINGLEVALUE('osm_id',$,IFCLABEL('way/55988157'),$);
#5589=IFCPROPERTYSINGLEVALUE('height_source',$,IFCLABEL('tag:levels'),$);
#5590=IFCPROPERTYSINGLEVALUE('height_m',$,IFCREAL(18.),$);
#5591=IFCPROPERTYSET('2BGnnXh3ZdRYIsDp_ByIFN',$,'Pset_SiteContext',$,(#5588,#5589,#5590));
#5592=IFCRELDEFINESBYPROPERTIES('3jXBRa6XRT5Ml3214JZZLS',$,$,$,(#5587),#5591);
#5593=IFCCARTESIANPOINT((281.72177300893236,129.71076245047152));
#5594=IFCCARTESIANPOINT((290.9956595514668,125.13158292137086));
#5595=IFCCARTESIANPOINT((295.92001254088245,135.14380580652505));
#5596=IFCCARTESIANPOINT((286.57838295807596,139.51225255802274));
#5597=IFCCARTESIANPOINT((287.1238637701608,140.71987163461745));
#5598=IFCCARTESIANPOINT((286.29035317339003,141.0825050296262));
#5599=IFCCARTESIANPOINT((286.4178015473299,141.41506222635508));
#5600=IFCCARTESIANPOINT((276.4693089108914,146.0442318879068));
#5601=IFCCARTESIANPOINT((267.566754506086,127.78016444202513));
#5602=IFCCARTESIANPOINT((257.6491664884379,107.4227376896888));
#5603=IFCCARTESIANPOINT((256.7537568799453,105.5952636692673));
#5604=IFCCARTESIANPOINT((266.888599854894,98.61824701353908));
#5605=IFCPOLYLINE((#5593,#5594,#5595,#5596,#5597,#5598,#5599,#5600,#5601,#5602,#5603,#5604,#5593));
#5606=IFCARBITRARYCLOSEDPROFILEDEF(.AREA.,$,#5605);
#5607=IFCEXTRUDEDAREASOLID(#5606,#8,#6,9.);
#5608=IFCSHAPEREPRESENTATION(#11,'Body','SweptSolid',(#5607));
#5609=IFCPRODUCTDEFINITIONSHAPE($,$,(#5608));
#5610=IFCLOCALPLACEMENT(#13,#8);
#5611=IFCBUILDINGELEMENTPROXY('0LTlK7ejg5kOrp$yadsV6z',$,'Building 55988158',$,$,#5610,#5609,$,.ELEMENT.);
#5612=IFCPROPERTYSINGLEVALUE('osm_id',$,IFCLABEL('way/55988158'),$);
#5613=IFCPROPERTYSINGLEVALUE('height_source',$,IFCLABEL('fallback'),$);
#5614=IFCPROPERTYSINGLEVALUE('height_m',$,IFCREAL(9.),$);
#5615=IFCPROPERTYSET('3o5L9cMw6hEqYRDARDG5fJ',$,'Pset_SiteContext',$,(#5612,#5613,#5614));
#5616=IFCRELDEFINESBYPROPERTIES('3K$WHCMmm8BUp8VG92CcSH',$,$,$,(#5611),#5615);
#5617=IFCCARTESIANPOINT((279.8637327658944,46.73825678601861));
#5618=IFCCARTESIANPOINT((283.9504561845679,44.002797834575176));
#5619=IFCCARTESIANPOINT((288.96002289059106,41.059658927842975));
#5620=IFCCARTESIANPOINT((291.9725179349771,46.061278586275876));
#5621=IFCCARTESIANPOINT((279.33253984397743,53.581312818452716));
#5622=IFCCARTESIANPOINT((278.93787167267874,52.87285964656621));
#5623=IFCCARTESIANPOINT((276.57004202820826,48.64437953941524));
#5624=IFCPOLYLINE((#5617,#5618,#5619,#5620,#5621,#5622,#5623,#5617));
#5625=IFCARBITRARYCLOSEDPROFILEDEF(.AREA.,$,#5624);
#5626=IFCEXTRUDEDAREASOLID(#5625,#8,#6,15.);
#5627=IFCSHAPEREPRESENTATION(#11,'Body','SweptSolid',(#5626));
#5628=IFCPRODUCTDEFINITIONSHAPE($,$,(#5627));
#5629=IFCLOCALPLACEMENT(#13,#8);
#5630=IFCBUILDINGELEMENTPROXY('3VDratRSZ8$40vbYQT_KCm',$,'Building 55988166',$,$,#5629,#5628,$,.ELEMENT.);
#5631=IFCPROPERTYSINGLEVALUE('osm_id',$,IFCLABEL('way/55988166'),$);
#5632=IFCPROPERTYSINGLEVALUE('height_source',$,IFCLABEL('tag:levels'),$);
#5633=IFCPROPERTYSINGLEVALUE('height_m',$,IFCREAL(15.),$);
#5634=IFCPROPERTYSET('1AlT1BqaL0FGd49vlWD1Wj',$,'Pset_SiteContext',$,(#5631,#5632,#5633));
#5635=IFCRELDEFINESBYPROPERTIES('1dqJsX2E2DYSxEUKPcsBKP',$,$,$,(#5630),#5634);
#5636=IFCCARTESIANPOINT((291.9725179349771,46.061278586275876));
#5637=IFCCARTESIANPOINT((300.15395781444386,41.568864684551954));
#5638=IFCCARTESIANPOINT((302.46697404875886,46.27595554571599));
#5639=IFCCARTESIANPOINT((295.49469794891775,49.67987983021885));
#5640=IFCCARTESIANPOINT((300.5484526201617,59.357449635863304));
#5641=IFCCARTESIANPOINT((300.3959155186312,59.54773106146604));
#5642=IFCCARTESIANPOINT((301.189234002959,61.453882494941354));
#5643=IFCCARTESIANPOINT((288.36440130649135,68.79748706333339));
#5644=IFCCARTESIANPOINT((283.6401826547226,60.84082049969584));
#5645=IFCCARTESIANPOINT((279.33253984397743,53.581312818452716));
#5646=IFCPOLYLINE((#5636,#5637,#5638,#5639,#5640,#5641,#5642,#5643,#5644,#5645,#5636));
#5647=IFCARBITRARYCLOSEDPROFILEDEF(.AREA.,$,#5646);
#5648=IFCEXTRUDEDAREASOLID(#5647,#8,#6,9.);
#5649=IFCSHAPEREPRESENTATION(#11,'Body','SweptSolid',(#5648));
#5650=IFCPRODUCTDEFINITIONSHAPE($,$,(#5649));
#5651=IFCLOCALPLACEMENT(#13,#8);
#5652=IFCBUILDINGELEMENTPROXY('2Bbeacao3NduCjc5xpiAn5',$,'Building 55988169',$,$,#5651,#5650,$,.ELEMENT.);
#5653=IFCPROPERTYSINGLEVALUE('osm_id',$,IFCLABEL('way/55988169'),$);
#5654=IFCPROPERTYSINGLEVALUE('height_source',$,IFCLABEL('fallback'),$);
#5655=IFCPROPERTYSINGLEVALUE('height_m',$,IFCREAL(9.),$);
#5656=IFCPROPERTYSET('28JT2WmEYeXEX_UtTQQ53G',$,'Pset_SiteContext',$,(#5653,#5654,#5655));
#5657=IFCRELDEFINESBYPROPERTIES('2wn8ghdTjQlisg$LskBthQ',$,$,$,(#5652),#5656);
#5658=IFCCARTESIANPOINT((282.29623556521256,40.90272341296077));
#5659=IFCCARTESIANPOINT((283.9504561845679,44.002797834575176));
#5660=IFCCARTESIANPOINT((279.8637327658944,46.73825678601861));
#5661=IFCCARTESIANPOINT((276.57004202820826,48.64437953941524));
#5662=IFCCARTESIANPOINT((275.0116541082971,45.59912478737533));
#5663=IFCCARTESIANPOINT((274.65376092714723,44.90149185899645));
#5664=IFCPOLYLINE((#5658,#5659,#5660,#5661,#5662,#5663,#5658));
#5665=IFCARBITRARYCLOSEDPROFILEDEF(.AREA.,$,#5664);
#5666=IFCEXTRUDEDAREASOLID(#5665,#8,#6,18.);
#5667=IFCSHAPEREPRESENTATION(#11,'Body','SweptSolid',(#5666));
#5668=IFCPRODUCTDEFINITIONSHAPE($,$,(#5667));
#5669=IFCLOCALPLACEMENT(#13,#8);
#5670=IFCBUILDINGELEMENTPROXY('28z6Z2QniVN6JxovnFzBgg',$,'Building 55988171',$,$,#5669,#5668,$,.ELEMENT.);
#5671=IFCPROPERTYSINGLEVALUE('osm_id',$,IFCLABEL('way/55988171'),$);
#5672=IFCPROPERTYSINGLEVALUE('height_source',$,IFCLABEL('tag:levels'),$);
#5673=IFCPROPERTYSINGLEVALUE('height_m',$,IFCREAL(18.),$);
#5674=IFCPROPERTYSET('1HdwMe7WMogLQV5nPVLMHq',$,'Pset_SiteContext',$,(#5671,#5672,#5673));
#5675=IFCRELDEFINESBYPROPERTIES('3iLzBlByFvXipmSmPaHvp_',$,$,$,(#5670),#5674);
#5676=IFCCARTESIANPOINT((312.878257910721,41.68754343222827));
#5677=IFCCARTESIANPOINT((303.6954369355226,46.65513695124537));
#5678=IFCCARTESIANPOINT((302.8176173589891,46.98476914782077));
#5679=IFCCARTESIANPOINT((302.46697404875886,46.27595554571599));
#5680=IFCCARTESIANPOINT((300.15395781444386,41.568864684551954));
#5681=IFCCARTESIANPOINT((292.066764634219,27.023284998722374));
#5682=IFCCARTESIANPOINT((296.9075121326605,24.971119886264205));
#5683=IFCCARTESIANPOINT((301.08276256755926,23.191261022351682));
#5684=IFCPOLYLINE((#5676,#5677,#5678,#5679,#5680,#5681,#5682,#5683,#5676));
#5685=IFCARBITRARYCLOSEDPROFILEDEF(.AREA.,$,#5684);
#5686=IFCEXTRUDEDAREASOLID(#5685,#8,#6,9.);
#5687=IFCSHAPEREPRESENTATION(#11,'Body','SweptSolid',(#5686));
#5688=IFCPRODUCTDEFINITIONSHAPE($,$,(#5687));
#5689=IFCLOCALPLACEMENT(#13,#8);
#5690=IFCBUILDINGELEMENTPROXY('2PU0w5nmUVp3lgCTarywp5',$,'9Confidentiel',$,$,#5689,#5688,$,.ELEMENT.);
#5691=IFCPROPERTYSINGLEVALUE('osm_id',$,IFCLABEL('way/55988174'),$);
#5692=IFCPROPERTYSINGLEVALUE('height_source',$,IFCLABEL('fallback'),$);
#5693=IFCPROPERTYSINGLEVALUE('height_m',$,IFCREAL(9.),$);
#5694=IFCPROPERTYSET('0pstqKyO$5MDmOFoLEyASa',$,'Pset_SiteContext',$,(#5691,#5692,#5693));
#5695=IFCRELDEFINESBYPROPERTIES('1WX3WQCh2EPzn2LVBhzJa4',$,$,$,(#5690),#5694);
#5696=IFCCARTESIANPOINT((290.430282817455,9.900904512032866));
#5697=IFCCARTESIANPOINT((288.54581596213393,9.160119393840432));
#5698=IFCCARTESIANPOINT((290.19373180833645,4.287298055365682));
#5699=IFCCARTESIANPOINT((292.6946995066246,5.045296718366444));
#5700=IFCCARTESIANPOINT((292.82631438202225,4.988624231889844));
#5701=IFCCARTESIANPOINT((293.0081105277641,4.786984262987971));
#5702=IFCCARTESIANPOINT((297.17005996825173,3.174029496498406));
#5703=IFCCARTESIANPOINT((300.2661864501424,10.33222534880042));
#5704=IFCCARTESIANPOINT((295.9747116449289,12.257590460591018));
#5705=IFCCARTESIANPOINT((292.88951102795545,13.639369388110936));
#5706=IFCCARTESIANPOINT((292.1730127702467,13.956567862071097));
#5707=IFCPOLYLINE((#5696,#5697,#5698,#5699,#5700,#5701,#5702,#5703,#5704,#5705,#5706,#5696));
#5708=IFCARBITRARYCLOSEDPROFILEDEF(.AREA.,$,#5707);
#5709=IFCEXTRUDEDAREASOLID(#5708,#8,#6,9.);
#5710=IFCSHAPEREPRESENTATION(#11,'Body','SweptSolid',(#5709));
#5711=IFCPRODUCTDEFINITIONSHAPE($,$,(#5710));
#5712=IFCLOCALPLACEMENT(#13,#8);
#5713=IFCBUILDINGELEMENTPROXY('1jrR9bOX9AN6I4n8LxD3Th',$,'Building 55996988',$,$,#5712,#5711,$,.ELEMENT.);
#5714=IFCPROPERTYSINGLEVALUE('osm_id',$,IFCLABEL('way/55996988'),$);
#5715=IFCPROPERTYSINGLEVALUE('height_source',$,IFCLABEL('fallback'),$);
#5716=IFCPROPERTYSINGLEVALUE('height_m',$,IFCREAL(9.),$);
#5717=IFCPROPERTYSET('2w9w57L1F8m8BRld93lcSe',$,'Pset_SiteContext',$,(#5714,#5715,#5716));
#5718=IFCRELDEFINESBYPROPERTIES('19ZKIJUd2q8yUddCJGXost',$,$,$,(#5713),#5717);
#5719=IFCCARTESIANPOINT((267.60331734258216,0.045835353434085846));
#5720=IFCCARTESIANPOINT((268.4668306877138,-0.23920581862330437));
#5721=IFCCARTESIANPOINT((271.7583042817423,8.374084557406604));
#5722=IFCCARTESIANPOINT((270.1062837736681,9.143711949698627));
#5723=IFCCARTESIANPOINT((262.9137662247522,11.63764127343893));
#5724=IFCCARTESIANPOINT((259.94430961390026,3.8223589723929763));
#5725=IFCCARTESIANPOINT((258.9771354540717,1.2949196426197886));
#5726=IFCCARTESIANPOINT((260.9001315890346,-3.1353595154359937));
#5727=IFCCARTESIANPOINT((264.60201575013343,-4.477706979028881));
#5728=IFCCARTESIANPOINT((265.589716621791,-4.830480963923037));
#5729=IFCPOLYLINE((#5719,#5720,#5721,#5722,#5723,#5724,#5725,#5726,#5727,#5728,#5719));
#5730=IFCARBITRARYCLOSEDPROFILEDEF(.AREA.,$,#5729);
#5731=IFCEXTRUDEDAREASOLID(#5730,#8,#6,21.);
#5732=IFCSHAPEREPRESENTATION(#11,'Body','SweptSolid',(#5731));
#5733=IFCPRODUCTDEFINITIONSHAPE($,$,(#5732));
#5734=IFCLOCALPLACEMENT(#13,#8);
#5735=IFCBUILDINGELEMENTPROXY('3_Kepzu$MpR32XnrVGLWIa',$,'Hôtel de Nice',$,$,#5734,#5733,$,.ELEMENT.);
#5736=IFCPROPERTYSINGLEVALUE('osm_id',$,IFCLABEL('way/55996992'),$);
#5737=IFCPROPERTYSINGLEVALUE('height_source',$,IFCLABEL('tag:levels'),$);
#5738=IFCPROPERTYSINGLEVALUE('height_m',$,IFCREAL(21.),$);
#5739=IFCPROPERTYSET('0NT8rppr_QbD9RNr6ZjK4N',$,'Pset_SiteContext',$,(#5736,#5737,#5738));
#5740=IFCRELDEFINESBYPROPERTIES('3zkRy_olP6HUJPi7qQ4H1U',$,$,$,(#5735),#5739);
#5741=IFCCARTESIANPOINT((281.6745820462238,11.46236770413816));
#5742=IFCCARTESIANPOINT((281.8862620575819,10.426493229344487));
#5743=IFCCARTESIANPOINT((283.4057544270763,8.701640980318189));
#5744=IFCCARTESIANPOINT((283.77287449350115,7.8312970427796245));
#5745=IFCCARTESIANPOINT((288.54581596213393,9.160119393840432));
#5746=IFCCARTESIANPOINT((290.430282817455,9.900904512032866));
#5747=IFCCARTESIANPOINT((292.1730127702467,13.956567862071097));
#5748=IFCCARTESIANPOINT((292.2327975872904,14.089518865570426));
#5749=IFCCARTESIANPOINT((290.9023395261029,14.700840239413083));
#5750=IFCCARTESIANPOINT((284.09642759431154,17.814303915947676));
#5751=IFCPOLYLINE((#5741,#5742,#5743,#5744,#5745,#5746,#5747,#5748,#5749,#5750,#5741));
#5752=IFCARBITRARYCLOSEDPROFILEDEF(.AREA.,$,#5751);
#5753=IFCEXTRUDEDAREASOLID(#5752,#8,#6,9.);
#5754=IFCSHAPEREPRESENTATION(#11,'Body','SweptSolid',(#5753));
#5755=IFCPRODUCTDEFINITIONSHAPE($,$,(#5754));
#5756=IFCLOCALPLACEMENT(#13,#8);
#5757=IFCBUILDINGELEMENTPROXY('0NbiVfpKEicRpU2wTzIEIc',$,'Roi de Sicile',$,$,#5756,#5755,$,.ELEMENT.);
#5758=IFCPROPERTYSINGLEVALUE('osm_id',$,IFCLABEL('way/55997007'),$);
#5759=IFCPROPERTYSINGLEVALUE('height_source',$,IFCLABEL('fallback'),$);
#5760=IFCPROPERTYSINGLEVALUE('height_m',$,IFCREAL(9.),$);
#5761=IFCPROPERTYSET('3t0v3jbZniAqWN$qLicM1A',$,'Pset_SiteContext',$,(#5758,#5759,#5760));
#5762=IFCRELDEFINESBYPROPERTIES('0OCFh6YExqTypSSS9Th4Zq',$,$,$,(#5757),#5761);
#5763=IFCCARTESIANPOINT((289.3712774574524,-3.8902208358049393));
#5764=IFCCARTESIANPOINT((287.24976539518684,-3.1056502675637603));
#5765=IFCCARTESIANPOINT((287.9019682803191,-1.4096283465623856));
#5766=IFCCARTESIANPOINT((290.0752930425806,-2.139021816663444));
#5767=IFCCARTESIANPOINT((292.82631438202225,4.988624231889844));
#5768=IFCCARTESIANPOINT((292.6946995066246,5.045296718366444));
#5769=IFCCARTESIANPOINT((290.19373180833645,4.287298055365682));
#5770=IFCCARTESIANPOINT((288.54581596213393,9.160119393840432));
#5771=IFCCARTESIANPOINT((283.77287449350115,7.8312970427796245));
#5772=IFCCARTESIANPOINT((283.4057544270763,8.701640980318189));
#5773=IFCCARTESIANPOINT((281.8862620575819,10.426493229344487));
#5774=IFCCARTESIANPOINT((279.8714979508659,5.405622812919319));
#5775=IFCCARTESIANPOINT((274.7712456053123,-8.163500901311636));
#5776=IFCCARTESIANPOINT((280.47716446744744,-10.30057489592582));
#5777=IFCCARTESIANPOINT((285.9781915382482,-12.3692531529814));
#5778=IFCPOLYLINE((#5763,#5764,#5765,#5766,#5767,#5768,#5769,#5770,#5771,#5772,#5773,#5774,#5775,#5776,#5777,#5763));
#5779=IFCARBITRARYCLOSEDPROFILEDEF(.AREA.,$,#5778);
#5780=IFCEXTRUDEDAREASOLID(#5779,#8,#6,21.);
#5781=IFCSHAPEREPRESENTATION(#11,'Body','SweptSolid',(#5780));
#5782=IFCPRODUCTDEFINITIONSHAPE($,$,(#5781));
#5783=IFCLOCALPLACEMENT(#13,#8);
#5784=IFCBUILDINGELEMENTPROXY('3EGcyo6qvCFEu4_KSue7O_',$,'Building 55997011',$,$,#5783,#5782,$,.ELEMENT.);
#5785=IFCPROPERTYSINGLEVALUE('osm_id',$,IFCLABEL('way/55997011'),$);
#5786=IFCPROPERTYSINGLEVALUE('height_source',$,IFCLABEL('tag:levels'),$);
#5787=IFCPROPERTYSINGLEVALUE('height_m',$,IFCREAL(21.),$);
#5788=IFCPROPERTYSET('02wmZXnSYn_n2iKSvdrApE',$,'Pset_SiteContext',$,(#5785,#5786,#5787));
#5789=IFCRELDEFINESBYPROPERTIES('14Duf11d962sNn_K2sehFN',$,$,$,(#5784),#5788);
#5790=IFCCARTESIANPOINT((302.76396253251005,-9.103431574068964));
#5791=IFCCARTESIANPOINT((297.9638530885568,-7.463038672693074));
#5792=IFCCARTESIANPOINT((293.0081105277641,4.786984262987971));
#5793=IFCCARTESIANPOINT((292.82631438202225,4.988624231889844));
#5794=IFCCARTESIANPOINT((290.0752930425806,-2.139021816663444));
#5795=IFCCARTESIANPOINT((289.3712774574524,-3.8902208358049393));
#5796=IFCCARTESIANPOINT((285.9781915382482,-12.3692531529814));
#5797=IFCCARTESIANPOINT((292.38649006118067,-14.756680072285235));
#5798=IFCCARTESIANPOINT((299.25558385183103,-17.325774337165058));
#5799=IFCPOLYLINE((#5790,#5791,#5792,#5793,#5794,#5795,#5796,#5797,#5798,#5790));
#5800=IFCARBITRARYCLOSEDPROFILEDEF(.AREA.,$,#5799);
#5801=IFCEXTRUDEDAREASOLID(#5800,#8,#6,21.);
#5802=IFCSHAPEREPRESENTATION(#11,'Body','SweptSolid',(#5801));
#5803=IFCPRODUCTDEFINITIONSHAPE($,$,(#5802));
#5804=IFCLOCALPLACEMENT(#13,#8);
#5805=IFCBUILDINGELEMENTPROXY('2fqtp5b3h0bJJ1DZLrPPj7',$,'Hôtel France Louvre',$,$,#5804,#5803,$,.ELEMENT.);
#5806=IFCPROPERTYSINGLEVALUE('osm_id',$,IFCLABEL('way/55997028'),$);
#5807=IFCPROPERTYSINGLEVALUE('height_source',$,IFCLABEL('tag:levels'),$);
#5808=IFCPROPERTYSINGLEVALUE('height_m',$,IFCREAL(21.),$);
#5809=IFCPROPERTYSET('31ONedlGcGuWmmAks0QHzV',$,'Pset_SiteContext',$,(#5806,#5807,#5808));
#5810=IFCRELDEFINESBYPROPERTIES('3irtEZtRRAytt4bs3aXZ$M',$,$,$,(#5805),#5809);
#5811=IFCCARTESIANPOINT((311.8553925367305,-11.790705491788685));
#5812=IFCCARTESIANPOINT((302.76396253251005,-9.103431574068964));
#5813=IFCCARTESIANPOINT((299.25558385183103,-17.325774337165058));
#5814=IFCCARTESIANPOINT((304.28885923023336,-19.16822428163141));
#5815=IFCCARTESIANPOINT((308.4808120863745,-20.70357594359666));
#5816=IFCPOLYLINE((#5811,#5812,#5813,#5814,#5815,#5811));
#5817=IFCARBITRARYCLOSEDPROFILEDEF(.AREA.,$,#5816);
#5818=IFCEXTRUDEDAREASOLID(#5817,#8,#6,21.);
#5819=IFCSHAPEREPRESENTATION(#11,'Body','SweptSolid',(#5818));
#5820=IFCPRODUCTDEFINITIONSHAPE($,$,(#5819));
#5821=IFCLOCALPLACEMENT(#13,#8);
#5822=IFCBUILDINGELEMENTPROXY('263CdVrl5QsjeHZtH5qZc6',$,'Building 55997030',$,$,#5821,#5820,$,.ELEMENT.);
#5823=IFCPROPERTYSINGLEVALUE('osm_id',$,IFCLABEL('way/55997030'),$);
#5824=IFCPROPERTYSINGLEVALUE('height_source',$,IFCLABEL('tag:levels'),$);
#5825=IFCPROPERTYSINGLEVALUE('height_m',$,IFCREAL(21.),$);
#5826=IFCPROPERTYSET('1a8Oj3skl2LKXuu5Gi8wsg',$,'Pset_SiteContext',$,(#5823,#5824,#5825));
#5827=IFCRELDEFINESBYPROPERTIES('3wGxHSC$JBYtjUEjwSfirE',$,$,$,(#5822),#5826);
#5828=IFCCARTESIANPOINT((270.1062837736681,9.143711949698627));
#5829=IFCCARTESIANPOINT((271.14184407819994,11.95971209090203));
#5830=IFCCARTESIANPOINT((273.9580160981277,10.880352535285056));
#5831=IFCCARTESIANPOINT((272.93685912073124,8.030874818563461));
#5832=IFCCARTESIANPOINT((279.8714979508659,5.405622812919319));
#5833=IFCCARTESIANPOINT((281.8862620575819,10.426493229344487));
#5834=IFCCARTESIANPOINT((281.6745820462238,11.46236770413816));
#5835=IFCCARTESIANPOINT((284.09642759431154,17.814303915947676));
#5836=IFCCARTESIANPOINT((278.47867119824514,19.961775853298604));
#5837=IFCCARTESIANPOINT((277.9007632309804,20.177766917273402));
#5838=IFCCARTESIANPOINT((269.6205615027575,23.358871922828257));
#5839=IFCCARTESIANPOINT((266.7258339582477,22.00362227950245));
#5840=IFCCARTESIANPOINT((265.14993687695824,17.713087778538465));
#5841=IFCCARTESIANPOINT((262.9137662247522,11.63764127343893));
#5842=IFCPOLYLINE((#5828,#5829,#5830,#5831,#5832,#5833,#5834,#5835,#5836,#5837,#5838,#5839,#5840,#5841,#5828));
#5843=IFCARBITRARYCLOSEDPROFILEDEF(.AREA.,$,#5842);
#5844=IFCEXTRUDEDAREASOLID(#5843,#8,#6,21.);
#5845=IFCSHAPEREPRESENTATION(#11,'Body','SweptSolid',(#5844));
#5846=IFCPRODUCTDEFINITIONSHAPE($,$,(#5845));
#5847=IFCLOCALPLACEMENT(#13,#8);
#5848=IFCBUILDINGELEMENTPROXY('1Oa_9GRJnw9xoJle1dFmV$',$,'Building 55997031',$,$,#5847,#5846,$,.ELEMENT.);
#5849=IFCPROPERTYSINGLEVALUE('osm_id',$,IFCLABEL('way/55997031'),$);
#5850=IFCPROPERTYSINGLEVALUE('height_source',$,IFCLABEL('tag:levels'),$);
#5851=IFCPROPERTYSINGLEVALUE('height_m',$,IFCREAL(21.),$);
#5852=IFCPROPERTYSET('1FfCEQKdPOngcaRodTTbEC',$,'Pset_SiteContext',$,(#5849,#5850,#5851));
#5853=IFCRELDEFINESBYPROPERTIES('0y0llFu5HWhLcgiBaLqXxt',$,$,$,(#5848),#5852);
#5854=IFCCARTESIANPOINT((279.8714979508659,5.405622812919319));
#5855=IFCCARTESIANPOINT((272.93685912073124,8.030874818563461));
#5856=IFCCARTESIANPOINT((271.7583042817423,8.374084557406604));
#5857=IFCCARTESIANPOINT((268.4668306877138,-0.23920581862330437));
#5858=IFCCARTESIANPOINT((267.60331734258216,0.045835353434085846));
#5859=IFCCARTESIANPOINT((265.589716621791,-4.830480963923037));
#5860=IFCCARTESIANPOINT((270.3231457826914,-6.5481959683820605));
#5861=IFCCARTESIANPOINT((274.7712456053123,-8.163500901311636));
#5862=IFCPOLYLINE((#5854,#5855,#5856,#5857,#5858,#5859,#5860,#5861,#5854));
#5863=IFCARBITRARYCLOSEDPROFILEDEF(.AREA.,$,#5862);
#5864=IFCEXTRUDEDAREASOLID(#5863,#8,#6,18.);
#5865=IFCSHAPEREPRESENTATION(#11,'Body','SweptSolid',(#5864));
#5866=IFCPRODUCTDEFINITIONSHAPE($,$,(#5865));
#5867=IFCLOCALPLACEMENT(#13,#8);
#5868=IFCBUILDINGELEMENTPROXY('12E4KVI03BRYBeto47_NfE',$,'Building 55997053',$,$,#5867,#5866,$,.ELEMENT.);
#5869=IFCPROPERTYSINGLEVALUE('osm_id',$,IFCLABEL('way/55997053'),$);
#5870=IFCPROPERTYSINGLEVALUE('height_source',$,IFCLABEL('tag:levels'),$);
#5871=IFCPROPERTYSINGLEVALUE('height_m',$,IFCREAL(18.),$);
#5872=IFCPROPERTYSET('2v5MJysLkxzKJ7h40XoBvK',$,'Pset_SiteContext',$,(#5869,#5870,#5871));
#5873=IFCRELDEFINESBYPROPERTIES('3FcsKYYYIeQQKMw7EhrvHQ',$,$,$,(#5868),#5872);
#5874=IFCCARTESIANPOINT((297.17005996825173,3.174029496498406));
#5875=IFCCARTESIANPOINT((309.033353637089,-1.5263039339333773));
#5876=IFCCARTESIANPOINT((309.50447435083333,-0.4403965547680855));
#5877=IFCCARTESIANPOINT((311.9275593854254,5.1665089931339025));
#5878=IFCCARTESIANPOINT((310.86014603078365,5.642243376001716));
#5879=IFCCARTESIANPOINT((300.2661864501424,10.33222534880042));
#5880=IFCPOLYLINE((#5874,#5875,#5876,#5877,#5878,#5879,#5874));
#5881=IFCARBITRARYCLOSEDPROFILEDEF(.AREA.,$,#5880);
#5882=IFCEXTRUDEDAREASOLID(#5881,#8,#6,18.);
#5883=IFCSHAPEREPRESENTATION(#11,'Body','SweptSolid',(#5882));
#5884=IFCPRODUCTDEFINITIONSHAPE($,$,(#5883));
#5885=IFCLOCALPLACEMENT(#13,#8);
#5886=IFCBUILDINGELEMENTPROXY('3ZaMbJG6iPmbaWD9SnJykh',$,'Building 55997064',$,$,#5885,#5884,$,.ELEMENT.);
#5887=IFCPROPERTYSINGLEVALUE('osm_id',$,IFCLABEL('way/55997064'),$);
#5888=IFCPROPERTYSINGLEVALUE('height_source',$,IFCLABEL('tag:levels'),$);
#5889=IFCPROPERTYSINGLEVALUE('height_m',$,IFCREAL(18.),$);
#5890=IFCPROPERTYSET('3SU8Q8KUpoKnoP1NpMWard',$,'Pset_SiteContext',$,(#5887,#5888,#5889));
#5891=IFCRELDEFINESBYPROPERTIES('2tEPAhYCtqwIa4u3pJV_yq',$,$,$,(#5886),#5890);
#5892=IFCCARTESIANPOINT((-43.33176106202882,74.6809345902875));
#5893=IFCCARTESIANPOINT((-40.7634927846957,73.80361441522837));
#5894=IFCCARTESIANPOINT((-39.89891747548245,76.33184856828302));
#5895=IFCCARTESIANPOINT((-42.467184753506444,77.20916837826371));
#5896=IFCPOLYLINE((#5892,#5893,#5894,#5895,#5892));
#5897=IFCARBITRARYCLOSEDPROFILEDEF(.AREA.,$,#5896);
#5898=IFCEXTRUDEDAREASOLID(#5897,#8,#6,1.5);
#5899=IFCSHAPEREPRESENTATION(#11,'Body','SweptSolid',(#5898));
#5900=IFCPRODUCTDEFINITIONSHAPE($,$,(#5899));
#5901=IFCLOCALPLACEMENT(#13,#8);
#5902=IFCBUILDINGELEMENTPROXY('0cUlliMhDi4$c0DHezAq0e',$,'Building 261064292',$,$,#5901,#5900,$,.ELEMENT.);
#5903=IFCPROPERTYSINGLEVALUE('osm_id',$,IFCLABEL('way/261064292'),$);
#5904=IFCPROPERTYSINGLEVALUE('height_source',$,IFCLABEL('tag:height'),$);
#5905=IFCPROPERTYSINGLEVALUE('height_m',$,IFCREAL(1.5),$);
#5906=IFCPROPERTYSET('0p_GE88x5ydJw5sxI2t6zZ',$,'Pset_SiteContext',$,(#5903,#5904,#5905));
#5907=IFCRELDEFINESBYPROPERTIES('1xDrYlKAxuPjk3mc$VZyyV',$,$,$,(#5902),#5906);
#5908=IFCCARTESIANPOINT((-10.079473689896986,62.88777566514909));
#5909=IFCCARTESIANPOINT((-7.518532290472649,62.010530514642596));
#5910=IFCCARTESIANPOINT((-6.653969854582101,64.53876939229667));
#5911=IFCCARTESIANPOINT((-9.22233854350634,65.40495525114238));
#5912=IFCPOLYLINE((#5908,#5909,#5910,#5911,#5908));
#5913=IFCARBITRARYCLOSEDPROFILEDEF(.AREA.,$,#5912);
#5914=IFCEXTRUDEDAREASOLID(#5913,#8,#6,1.5);
#5915=IFCSHAPEREPRESENTATION(#11,'Body','SweptSolid',(#5914));
#5916=IFCPRODUCTDEFINITIONSHAPE($,$,(#5915));
#5917=IFCLOCALPLACEMENT(#13,#8);
#5918=IFCBUILDINGELEMENTPROXY('0mmmOk7rkc3yALStJK9juU',$,'Building 261064293',$,$,#5917,#5916,$,.ELEMENT.);
#5919=IFCPROPERTYSINGLEVALUE('osm_id',$,IFCLABEL('way/261064293'),$);
#5920=IFCPROPERTYSINGLEVALUE('height_source',$,IFCLABEL('tag:height'),$);
#5921=IFCPROPERTYSINGLEVALUE('height_m',$,IFCREAL(1.5),$);
#5922=IFCPROPERTYSET('10Chu1VYiUw7IUKwOTd7AT',$,'Pset_SiteContext',$,(#5919,#5920,#5921));
#5923=IFCRELDEFINESBYPROPERTIES('2nzPDNa1xHRzZsRBFO8zL_',$,$,$,(#5918),#5922);
#5924=IFCCARTESIANPOINT((-53.34570156002883,-59.109025651589036));
#5925=IFCCARTESIANPOINT((-56.008954199030995,-58.17532176710665));
#5926=IFCCARTESIANPOINT((-56.93298391834833,-60.79202158935368));
#5927=IFCCARTESIANPOINT((-54.26973021496087,-61.72572588082403));
#5928=IFCPOLYLINE((#5924,#5925,#5926,#5927,#5924));
#5929=IFCARBITRARYCLOSEDPROFILEDEF(.AREA.,$,#5928);
#5930=IFCEXTRUDEDAREASOLID(#5929,#8,#6,1.5);
#5931=IFCSHAPEREPRESENTATION(#11,'Body','SweptSolid',(#5930));
#5932=IFCPRODUCTDEFINITIONSHAPE($,$,(#5931));
#5933=IFCLOCALPLACEMENT(#13,#8);
#5934=IFCBUILDINGELEMENTPROXY('3brqWaVpE3hJ_Vw48POPUm',$,'Building 261068356',$,$,#5933,#5932,$,.ELEMENT.);
#5935=IFCPROPERTYSINGLEVALUE('osm_id',$,IFCLABEL('way/261068356'),$);
#5936=IFCPROPERTYSINGLEVALUE('height_source',$,IFCLABEL('tag:height'),$);
#5937=IFCPROPERTYSINGLEVALUE('height_m',$,IFCREAL(1.5),$);
#5938=IFCPROPERTYSET('3VX_Yfy7JW6oFROxL0QE3d',$,'Pset_SiteContext',$,(#5935,#5936,#5937));
#5939=IFCRELDEFINESBYPROPERTIES('2aBDQE1_DL6kBrWwk9jQRb',$,$,$,(#5934),#5938);
#5940=IFCCARTESIANPOINT((-85.73014259547926,-47.889881106093526));
#5941=IFCCARTESIANPOINT((-88.39338495139964,-46.956162254326046));
#5942=IFCCARTESIANPOINT((-89.31009044346865,-49.57291745208204));
#5943=IFCCARTESIANPOINT((-86.64684702199884,-50.50663670524955));
#5944=IFCPOLYLINE((#5940,#5941,#5942,#5943,#5940));
#5945=IFCARBITRARYCLOSEDPROFILEDEF(.AREA.,$,#5944);
#5946=IFCEXTRUDEDAREASOLID(#5945,#8,#6,1.5);
#5947=IFCSHAPEREPRESENTATION(#11,'Body','SweptSolid',(#5946));
#5948=IFCPRODUCTDEFINITIONSHAPE($,$,(#5947));
#5949=IFCLOCALPLACEMENT(#13,#8);
#5950=IFCBUILDINGELEMENTPROXY('09rrgSumWRESxGkoZCsLAs',$,'Building 261068357',$,$,#5949,#5948,$,.ELEMENT.);
#5951=IFCPROPERTYSINGLEVALUE('osm_id',$,IFCLABEL('way/261068357'),$);
#5952=IFCPROPERTYSINGLEVALUE('height_source',$,IFCLABEL('tag:height'),$);
#5953=IFCPROPERTYSINGLEVALUE('height_m',$,IFCREAL(1.5),$);
#5954=IFCPROPERTYSET('112B0UTIai8N24sb6Ic3jv',$,'Pset_SiteContext',$,(#5951,#5952,#5953));
#5955=IFCRELDEFINESBYPROPERTIES('3$TCjFbQ6te7FGbdvo_xGw',$,$,$,(#5950),#5954);
#5956=IFCCARTESIANPOINT((238.0164617585251,-145.7721552764997));
#5957=IFCCARTESIANPOINT((243.44719781994354,-149.27475873660296));
#5958=IFCCARTESIANPOINT((237.99344465846661,-157.58125693164766));
#5959=IFCCARTESIANPOINT((240.61756165965926,-158.82586077600718));
#5960=IFCCARTESIANPOINT((248.40975318744313,-162.49229172896594));
#5961=IFCCARTESIANPOINT((251.12145273631904,-158.40007399395108));
#5962=IFCCARTESIANPOINT((254.99165259266738,-152.6159699317068));
#5963=IFCCARTESIANPOINT((254.71437683457043,-152.4246698077768));
#5964=IFCCARTESIANPOINT((254.2620034610154,-152.10962244309485));
#5965=IFCCARTESIANPOINT((244.39766792254522,-145.20152813754976));
#5966=IFCCARTESIANPOINT((240.3774990917882,-142.38875060994178));
#5967=IFCPOLYLINE((#5956,#5957,#5958,#5959,#5960,#5961,#5962,#5963,#5964,#5965,#5966,#5956));
#5968=IFCARBITRARYCLOSEDPROFILEDEF(.AREA.,$,#5967);
#5969=IFCEXTRUDEDAREASOLID(#5968,#8,#6,15.);
#5970=IFCSHAPEREPRESENTATION(#11,'Body','SweptSolid',(#5969));
#5971=IFCPRODUCTDEFINITIONSHAPE($,$,(#5970));
#5972=IFCLOCALPLACEMENT(#13,#8);
#5973=IFCBUILDINGELEMENTPROXY('1c2J3RfMf5pAmPdWJnGSH9',$,'Building 397175993',$,$,#5972,#5971,$,.ELEMENT.);
#5974=IFCPROPERTYSINGLEVALUE('osm_id',$,IFCLABEL('way/397175993'),$);
#5975=IFCPROPERTYSINGLEVALUE('height_source',$,IFCLABEL('tag:levels'),$);
#5976=IFCPROPERTYSINGLEVALUE('height_m',$,IFCREAL(15.),$);
#5977=IFCPROPERTYSET('2oVp$Ylx_$T$hSzooYM_Mf',$,'Pset_SiteContext',$,(#5974,#5975,#5976));
#5978=IFCRELDEFINESBYPROPERTIES('2Bqe3UBENcLb4x3Kp_u7Gf',$,$,$,(#5973),#5977);
#5979=IFCCARTESIANPOINT((142.25100086571183,-8.493288658559322));
#5980=IFCCARTESIANPOINT((129.61979477864224,-42.06092816311866));
#5981=IFCCARTESIANPOINT((161.18066240730695,-53.53900978714228));
#5982=IFCCARTESIANPOINT((173.90172958699986,-20.628112757578492));
#5983=IFCPOLYLINE((#5979,#5980,#5981,#5982,#5979));
#5984=IFCARBITRARYCLOSEDPROFILEDEF(.AREA.,$,#5983);
#5985=IFCEXTRUDEDAREASOLID(#5984,#8,#6,3.);
#5986=IFCSHAPEREPRESENTATION(#11,'Body','SweptSolid',(#5985));
#5987=IFCPRODUCTDEFINITIONSHAPE($,$,(#5986));
#5988=IFCLOCALPLACEMENT(#13,#8);
#5989=IFCBUILDINGELEMENTPROXY('31PCuPS_si0qxAYbU5_5mE',$,'Building 457217398',$,$,#5988,#5987,$,.ELEMENT.);
#5990=IFCPROPERTYSINGLEVALUE('osm_id',$,IFCLABEL('way/457217398'),$);
#5991=IFCPROPERTYSINGLEVALUE('height_source',$,IFCLABEL('tag:levels'),$);
#5992=IFCPROPERTYSINGLEVALUE('height_m',$,IFCREAL(3.),$);
#5993=IFCPROPERTYSET('1dGkOXgkkybKbJC0zMDzYv',$,'Pset_SiteContext',$,(#5990,#5991,#5992));
#5994=IFCRELDEFINESBYPROPERTIES('3PgG3xsWJTYoqU7UN83r2D',$,$,$,(#5989),#5993);
#5995=IFCCARTESIANPOINT((208.56369922170416,149.02264165785164));
#5996=IFCCARTESIANPOINT((206.76686555263586,152.71800128929317));
#5997=IFCCARTESIANPOINT((203.44848223077133,152.4893514290452));
#5998=IFCCARTESIANPOINT((198.9828013132792,143.8523230617866));
#5999=IFCCARTESIANPOINT((197.91672103386372,141.7927342718467));
#6000=IFCCARTESIANPOINT((215.97151047736406,133.3831782490015));
#6001=IFCCARTESIANPOINT((218.39626703516115,139.19019531272352));
#6002=IFCCARTESIANPOINT((218.03875416656956,139.43775244802237));
#6003=IFCCARTESIANPOINT((220.00830721855164,143.41370686888695));
#6004=IFCPOLYLINE((#5995,#5996,#5997,#5998,#5999,#6000,#6001,#6002,#6003,#5995));
#6005=IFCARBITRARYCLOSEDPROFILEDEF(.AREA.,$,#6004);
#6006=IFCEXTRUDEDAREASOLID(#6005,#8,#6,9.);
#6007=IFCSHAPEREPRESENTATION(#11,'Body','SweptSolid',(#6006));
#6008=IFCPRODUCTDEFINITIONSHAPE($,$,(#6007));
#6009=IFCLOCALPLACEMENT(#13,#8);
#6010=IFCBUILDINGELEMENTPROXY('2wxgEWKt8zwg4WnoeMFKi1',$,'Building 466690493',$,$,#6009,#6008,$,.ELEMENT.);
#6011=IFCPROPERTYSINGLEVALUE('osm_id',$,IFCLABEL('way/466690493'),$);
#6012=IFCPROPERTYSINGLEVALUE('height_source',$,IFCLABEL('fallback'),$);
#6013=IFCPROPERTYSINGLEVALUE('height_m',$,IFCREAL(9.),$);
#6014=IFCPROPERTYSET('29eCAUboV$1ezCmbURAPG$',$,'Pset_SiteContext',$,(#6011,#6012,#6013));
#6015=IFCRELDEFINESBYPROPERTIES('17aMXew1nQCLFV2JzKdFHY',$,$,$,(#6010),#6014);
#6016=IFCCARTESIANPOINT((88.36810820037499,-220.2971451440826));
#6017=IFCCARTESIANPOINT((89.33938225673046,-215.4902013251558));
#6018=IFCCARTESIANPOINT((86.60388241172768,-213.51070696301758));
#6019=IFCCARTESIANPOINT((82.27779824787285,-215.79932946432382));
#6020=IFCPOLYLINE((#6016,#6017,#6018,#6019,#6016));
#6021=IFCARBITRARYCLOSEDPROFILEDEF(.AREA.,$,#6020);
#6022=IFCEXTRUDEDAREASOLID(#6021,#8,#6,9.);
#6023=IFCSHAPEREPRESENTATION(#11,'Body','SweptSolid',(#6022));
#6024=IFCPRODUCTDEFINITIONSHAPE($,$,(#6023));
#6025=IFCLOCALPLACEMENT(#13,#8);
#6026=IFCBUILDINGELEMENTPROXY('3UKuhwzskfSzMUzB4BiLxk',$,'Building 579271890',$,$,#6025,#6024,$,.ELEMENT.);
#6027=IFCPROPERTYSINGLEVALUE('osm_id',$,IFCLABEL('way/579271890'),$);
#6028=IFCPROPERTYSINGLEVALUE('height_source',$,IFCLABEL('fallback'),$);
#6029=IFCPROPERTYSINGLEVALUE('height_m',$,IFCREAL(9.),$);
#6030=IFCPROPERTYSET('1ApLMbwbApaqGtzomDhu6j',$,'Pset_SiteContext',$,(#6027,#6028,#6029));
#6031=IFCRELDEFINESBYPROPERTIES('3EZHL7nPstgScE9Pc35zST',$,$,$,(#6026),#6030);
#6032=IFCCARTESIANPOINT((-209.4897161097033,129.04513725917786));
#6033=IFCCARTESIANPOINT((-208.93367835425306,130.6306996298954));
#6034=IFCCARTESIANPOINT((-207.34819745761342,135.1545503521338));
#6035=IFCCARTESIANPOINT((-210.53822237928398,136.25946666114032));
#6036=IFCCARTESIANPOINT((-210.95155922707636,135.07304449286312));
#6037=IFCCARTESIANPOINT((-211.60308224742766,135.25633177999407));
#6038=IFCCARTESIANPOINT((-212.43894544406794,135.32993936445564));
#6039=IFCCARTESIANPOINT((-213.1827270030044,135.00247214455158));
#6040=IFCCARTESIANPOINT((-213.50224803120364,134.51583014801145));
#6041=IFCCARTESIANPOINT((-213.6459570331499,133.99437960237265));
#6042=IFCCARTESIANPOINT((-213.68089456867892,133.31635418720543));
#6043=IFCCARTESIANPOINT((-213.3931891665561,132.61343005206436));
#6044=IFCCARTESIANPOINT((-212.73881894396618,131.88524446170777));
#6045=IFCCARTESIANPOINT((-212.16121497261338,131.6358468681574));
#6046=IFCCARTESIANPOINT((-212.40167889767326,130.94839529134333));
#6047=IFCCARTESIANPOINT((-212.67965238331817,130.16117383074015));
#6048=IFCPOLYLINE((#6032,#6033,#6034,#6035,#6036,#6037,#6038,#6039,#6040,#6041,#6042,#6043,#6044,#6045,#6046,#6047,#6032));
#6049=IFCARBITRARYCLOSEDPROFILEDEF(.AREA.,$,#6048);
#6050=IFCEXTRUDEDAREASOLID(#6049,#8,#6,3.);
#6051=IFCSHAPEREPRESENTATION(#11,'Body','SweptSolid',(#6050));
#6052=IFCPRODUCTDEFINITIONSHAPE($,$,(#6051));
#6053=IFCLOCALPLACEMENT(#13,#8);
#6054=IFCBUILDINGELEMENTPROXY('3FtlRZ_jnAPrlbeoe5AgO8',$,'Building 678490893',$,$,#6053,#6052,$,.ELEMENT.);
#6055=IFCPROPERTYSINGLEVALUE('osm_id',$,IFCLABEL('way/678490893'),$);
#6056=IFCPROPERTYSINGLEVALUE('height_source',$,IFCLABEL('tag:levels'),$);
#6057=IFCPROPERTYSINGLEVALUE('height_m',$,IFCREAL(3.),$);
#6058=IFCPROPERTYSET('2NmH3loJPRTdfAav0v58ph',$,'Pset_SiteContext',$,(#6055,#6056,#6057));
#6059=IFCRELDEFINESBYPROPERTIES('3VEySGX80kyp4dNWIIRISC',$,$,$,(#6054),#6058);
#6060=IFCCARTESIANPOINT((-278.20648377155885,117.3132008118555));
#6061=IFCCARTESIANPOINT((-277.69399634201545,117.17553296592087));
#6062=IFCCARTESIANPOINT((-276.8165867953794,116.80133611243218));
#6063=IFCCARTESIANPOINT((-275.64744124980643,116.21345411706716));
#6064=IFCCARTESIANPOINT((-274.9308944903314,115.90730430744588));
#6065=IFCCARTESIANPOINT((-274.5350645441795,115.85955848917365));
#6066=IFCCARTESIANPOINT((-274.21150339383166,115.94584771245718));
#6067=IFCCARTESIANPOINT((-273.9302208884619,116.2437637289986));
#6068=IFCCARTESIANPOINT((-273.16671332065016,117.18265434075147));
#6069=IFCCARTESIANPOINT((-273.02538400993217,117.41500587482005));
#6070=IFCCARTESIANPOINT((-273.09059108339716,117.51562293432653));
#6071=IFCCARTESIANPOINT((-273.4639512471622,117.61878269910812));
#6072=IFCCARTESIANPOINT((-274.12996477563865,117.82443634048104));
#6073=IFCCARTESIANPOINT((-276.11764021846466,118.80826857872307));
#6074=IFCCARTESIANPOINT((-276.58573865902144,118.99004955217242));
#6075=IFCCARTESIANPOINT((-277.040814723121,118.97156507149339));
#6076=IFCCARTESIANPOINT((-277.36483453109395,118.82968033943325));
#6077=IFCCARTESIANPOINT((-278.05387169739697,118.02361440006644));
#6078=IFCCARTESIANPOINT((-278.30672400118783,117.61426506005228));
#6079=IFCCARTESIANPOINT((-278.3520304884296,117.45896047819406));
#6080=IFCPOLYLINE((#6060,#6061,#6062,#6063,#6064,#6065,#6066,#6067,#6068,#6069,#6070,#6071,#6072,#6073,#6074,#6075,#6076,#6077,#6078,#6079,#6060));
#6081=IFCARBITRARYCLOSEDPROFILEDEF(.AREA.,$,#6080);
#6082=IFCEXTRUDEDAREASOLID(#6081,#8,#6,9.);
#6083=IFCSHAPEREPRESENTATION(#11,'Body','SweptSolid',(#6082));
#6084=IFCPRODUCTDEFINITIONSHAPE($,$,(#6083));
#6085=IFCLOCALPLACEMENT(#13,#8);
#6086=IFCBUILDINGELEMENTPROXY('3okkoC2LPS5RHE925uKTpM',$,'Building 1121913796',$,$,#6085,#6084,$,.ELEMENT.);
#6087=IFCPROPERTYSINGLEVALUE('osm_id',$,IFCLABEL('way/1121913796'),$);
#6088=IFCPROPERTYSINGLEVALUE('height_source',$,IFCLABEL('fallback'),$);
#6089=IFCPROPERTYSINGLEVALUE('height_m',$,IFCREAL(9.),$);
#6090=IFCPROPERTYSET('2n5Rqx6oUb7thw301npmCN',$,'Pset_SiteContext',$,(#6087,#6088,#6089));
#6091=IFCRELDEFINESBYPROPERTIES('1Gwgkr6MTqDRNHWBIYmhm6',$,$,$,(#6086),#6090);
#6092=IFCCARTESIANPOINT((-13.413177286507562,92.093705044128));
#6093=IFCCARTESIANPOINT((-9.949979392578825,91.18681441713125));
#6094=IFCCARTESIANPOINT((-9.435186500428244,93.11744990665466));
#6095=IFCCARTESIANPOINT((-12.905720321577974,94.02440045028925));
#6096=IFCPOLYLINE((#6092,#6093,#6094,#6095,#6092));
#6097=IFCARBITRARYCLOSEDPROFILEDEF(.AREA.,$,#6096);
#6098=IFCEXTRUDEDAREASOLID(#6097,#8,#6,3.);
#6099=IFCSHAPEREPRESENTATION(#11,'Body','SweptSolid',(#6098));
#6100=IFCPRODUCTDEFINITIONSHAPE($,$,(#6099));
#6101=IFCLOCALPLACEMENT(#13,#8);
#6102=IFCBUILDINGELEMENTPROXY('1RiUZ4MSpHK0nu83QyQq4L',$,'Building 1175163391',$,$,#6101,#6100,$,.ELEMENT.);
#6103=IFCPROPERTYSINGLEVALUE('osm_id',$,IFCLABEL('way/1175163391'),$);
#6104=IFCPROPERTYSINGLEVALUE('height_source',$,IFCLABEL('tag:levels'),$);
#6105=IFCPROPERTYSINGLEVALUE('height_m',$,IFCREAL(3.),$);
#6106=IFCPROPERTYSET('2_n4dF6E4PmqfbRtA$qNI3',$,'Pset_SiteContext',$,(#6103,#6104,#6105));
#6107=IFCRELDEFINESBYPROPERTIES('0AXXX5OCwwnnO3o_pFlxnA',$,$,$,(#6102),#6106);
#6108=IFCCARTESIANPOINT((-175.28659839229658,181.11584239080548));
#6109=IFCCARTESIANPOINT((-176.0155828986317,179.02018527686596));
#6110=IFCCARTESIANPOINT((-175.6768832440721,178.27236327063292));
#6111=IFCCARTESIANPOINT((-175.0703010027064,177.97825105395168));
#6112=IFCCARTESIANPOINT((-174.45400123856962,177.97317613381892));
#6113=IFCCARTESIANPOINT((-174.00242161855567,178.45873299147934));
#6114=IFCCARTESIANPOINT((-173.3261694336543,180.38802613783628));
#6115=IFCCARTESIANPOINT((-173.51794818672352,181.15687801595777));
#6116=IFCCARTESIANPOINT((-174.05831497360487,181.47268462460488));
#6117=IFCCARTESIANPOINT((-174.74082956428174,181.45606496185064));
#6118=IFCPOLYLINE((#6108,#6109,#6110,#6111,#6112,#6113,#6114,#6115,#6116,#6117,#6108));
#6119=IFCARBITRARYCLOSEDPROFILEDEF(.AREA.,$,#6118);
#6120=IFCEXTRUDEDAREASOLID(#6119,#8,#6,3.);
#6121=IFCSHAPEREPRESENTATION(#11,'Body','SweptSolid',(#6120));
#6122=IFCPRODUCTDEFINITIONSHAPE($,$,(#6121));
#6123=IFCLOCALPLACEMENT(#13,#8);
#6124=IFCBUILDINGELEMENTPROXY('3OAO0XoKtha$gXFZQXye_W',$,'Building 1205245704',$,$,#6123,#6122,$,.ELEMENT.);
#6125=IFCPROPERTYSINGLEVALUE('osm_id',$,IFCLABEL('way/1205245704'),$);
#6126=IFCPROPERTYSINGLEVALUE('height_source',$,IFCLABEL('tag:levels'),$);
#6127=IFCPROPERTYSINGLEVALUE('height_m',$,IFCREAL(3.),$);
#6128=IFCPROPERTYSET('3r6zdLCB8aNQSlwpkAboC_',$,'Pset_SiteContext',$,(#6125,#6126,#6127));
#6129=IFCRELDEFINESBYPROPERTIES('1B_aVYQTlAX2BsRI67fJUk',$,$,$,(#6124),#6128);
#6130=IFCCARTESIANPOINT((-281.08354098314885,25.642361828126013));
#6131=IFCCARTESIANPOINT((-281.4424162923824,25.723162681795657));
#6132=IFCCARTESIANPOINT((-281.84632355882786,25.68201649002731));
#6133=IFCCARTESIANPOINT((-282.1498056057608,25.362044483423233));
#6134=IFCCARTESIANPOINT((-282.6835823695874,24.6992567460984));
#6135=IFCCARTESIANPOINT((-283.00898403744213,24.390585569664836));
#6136=IFCCARTESIANPOINT((-283.0762108619092,24.24658192321658));
#6137=IFCCARTESIANPOINT((-282.9229577227961,24.145238192752004));
#6138=IFCCARTESIANPOINT((-282.46154650847893,24.0413512699306));
#6139=IFCCARTESIANPOINT((-281.7886441515293,23.78004064783454));
#6140=IFCCARTESIANPOINT((-280.9263536237413,23.350368928164244));
#6141=IFCCARTESIANPOINT((-280.0570929106325,22.876160291023552));
#6142=IFCCARTESIANPOINT((-279.51625808805693,22.615939820185304));
#6143=IFCCARTESIANPOINT((-279.0830939897569,22.64572485536337));
#6144=IFCCARTESIANPOINT((-278.74439460306894,22.787488285452127));
#6145=IFCCARTESIANPOINT((-278.18814804498106,23.50569035857916));
#6146=IFCCARTESIANPOINT((-277.825785833993,23.847416447475553));
#6147=IFCCARTESIANPOINT((-277.7138942651218,24.068890748545527));
#6148=IFCCARTESIANPOINT((-277.7496621928876,24.180384726263583));
#6149=IFCCARTESIANPOINT((-277.9470297561493,24.270972474478185));
#6150=IFCCARTESIANPOINT((-278.2694032236468,24.3292321478948));
#6151=IFCCARTESIANPOINT((-279.16195976594463,24.64795442018658));
#6152=IFCPOLYLINE((#6130,#6131,#6132,#6133,#6134,#6135,#6136,#6137,#6138,#6139,#6140,#6141,#6142,#6143,#6144,#6145,#6146,#6147,#6148,#6149,#6150,#6151,#6130));
#6153=IFCARBITRARYCLOSEDPROFILEDEF(.AREA.,$,#6152);
#6154=IFCEXTRUDEDAREASOLID(#6153,#8,#6,9.);
#6155=IFCSHAPEREPRESENTATION(#11,'Body','SweptSolid',(#6154));
#6156=IFCPRODUCTDEFINITIONSHAPE($,$,(#6155));
#6157=IFCLOCALPLACEMENT(#13,#8);
#6158=IFCBUILDINGELEMENTPROXY('0lIK6PP5jdYp3ngDIwtUEW',$,'Building 1216452348',$,$,#6157,#6156,$,.ELEMENT.);
#6159=IFCPROPERTYSINGLEVALUE('osm_id',$,IFCLABEL('way/1216452348'),$);
#6160=IFCPROPERTYSINGLEVALUE('height_source',$,IFCLABEL('fallback'),$);
#6161=IFCPROPERTYSINGLEVALUE('height_m',$,IFCREAL(9.),$);
#6162=IFCPROPERTYSET('24$2aIZU766aEiNbHp$Pvj',$,'Pset_SiteContext',$,(#6159,#6160,#6161));
#6163=IFCRELDEFINESBYPROPERTIES('2gs9lScNmkc2szKG7b_gUE',$,$,$,(#6158),#6162);
#6164=IFCCARTESIANPOINT((97.44617180351634,27.20120919495821));
#6165=IFCCARTESIANPOINT((100.27171717502642,28.16774530801922));
#6166=IFCCARTESIANPOINT((100.44715180445928,29.878770067356527));
#6167=IFCCARTESIANPOINT((99.66346705553588,32.74299434199929));
#6168=IFCCARTESIANPOINT((95.38354183884803,31.588208509609103));
#6169=IFCCARTESIANPOINT((96.26675758813508,28.333973071537912));
#6170=IFCPOLYLINE((#6164,#6165,#6166,#6167,#6168,#6169,#6164));
#6171=IFCARBITRARYCLOSEDPROFILEDEF(.AREA.,$,#6170);
#6172=IFCEXTRUDEDAREASOLID(#6171,#8,#6,9.);
#6173=IFCSHAPEREPRESENTATION(#11,'Body','SweptSolid',(#6172));
#6174=IFCPRODUCTDEFINITIONSHAPE($,$,(#6173));
#6175=IFCLOCALPLACEMENT(#13,#8);
#6176=IFCBUILDINGELEMENTPROXY('27xsCRoAEby6M$ORQdgFPI',$,'Building 1355032778',$,$,#6175,#6174,$,.ELEMENT.);
#6177=IFCPROPERTYSINGLEVALUE('osm_id',$,IFCLABEL('way/1355032778'),$);
#6178=IFCPROPERTYSINGLEVALUE('height_source',$,IFCLABEL('fallback'),$);
#6179=IFCPROPERTYSINGLEVALUE('height_m',$,IFCREAL(9.),$);
#6180=IFCPROPERTYSET('31ZBBg51fMXKeSFdJnySXm',$,'Pset_SiteContext',$,(#6177,#6178,#6179));
#6181=IFCRELDEFINESBYPROPERTIES('0eAc4q9fgHHaLRdxeBB37O',$,$,$,(#6176),#6180);
#6182=IFCCARTESIANPOINT((143.12769412482157,-179.41278373543173));
#6183=IFCCARTESIANPOINT((144.14655310160015,-177.75313842482865));
#6184=IFCCARTESIANPOINT((142.98573453666177,-177.0319731561467));
#6185=IFCCARTESIANPOINT((140.64263191993814,-175.52274717669934));
#6186=IFCCARTESIANPOINT((138.91993077949155,-174.41890993062407));
#6187=IFCCARTESIANPOINT((129.1601793806767,-189.71783086657524));
#6188=IFCCARTESIANPOINT((134.64380004128907,-193.03193037211895));
#6189=IFCPOLYLINE((#6182,#6183,#6184,#6185,#6186,#6187,#6188,#6182));
#6190=IFCARBITRARYCLOSEDPROFILEDEF(.AREA.,$,#6189);
#6191=IFCEXTRUDEDAREASOLID(#6190,#8,#6,9.);
#6192=IFCSHAPEREPRESENTATION(#11,'Body','SweptSolid',(#6191));
#6193=IFCPRODUCTDEFINITIONSHAPE($,$,(#6192));
#6194=IFCLOCALPLACEMENT(#13,#8);
#6195=IFCBUILDINGELEMENTPROXY('2$64nm35LasewQUi0TeuR_',$,'Building 1376686506',$,$,#6194,#6193,$,.ELEMENT.);
#6196=IFCPROPERTYSINGLEVALUE('osm_id',$,IFCLABEL('way/1376686506'),$);
#6197=IFCPROPERTYSINGLEVALUE('height_source',$,IFCLABEL('fallback'),$);
#6198=IFCPROPERTYSINGLEVALUE('height_m',$,IFCREAL(9.),$);
#6199=IFCPROPERTYSET('2Tg$6Xa$Up0jb5SgU_smm8',$,'Pset_SiteContext',$,(#6196,#6197,#6198));
#6200=IFCRELDEFINESBYPROPERTIES('07OwV4sCG2NtKhlbLUrUUc',$,$,$,(#6195),#6199);
#6201=IFCCARTESIANPOINT((-127.89800699276384,-204.6668661115691));
#6202=IFCCARTESIANPOINT((-127.68238740263041,-204.32392413634807));
#6203=IFCCARTESIANPOINT((-128.54968255292624,-203.60511886700988));
#6204=IFCCARTESIANPOINT((-129.79710955312476,-204.49556600954384));
#6205=IFCCARTESIANPOINT((-128.6245710584335,-205.5727178864181));
#6206=IFCCARTESIANPOINT((-128.95890069194138,-208.75024730712175));
#6207=IFCCARTESIANPOINT((-125.85768316546455,-211.75587930623442));
#6208=IFCCARTESIANPOINT((-123.43990172341,-208.63996618706733));
#6209=IFCCARTESIANPOINT((-127.3720017435262,-204.9491894133389));
#6210=IFCPOLYLINE((#6201,#6202,#6203,#6204,#6205,#6206,#6207,#6208,#6209,#6201));
#6211=IFCARBITRARYCLOSEDPROFILEDEF(.AREA.,$,#6210);
#6212=IFCEXTRUDEDAREASOLID(#6211,#8,#6,3.);
#6213=IFCSHAPEREPRESENTATION(#11,'Body','SweptSolid',(#6212));
#6214=IFCPRODUCTDEFINITIONSHAPE($,$,(#6213));
#6215=IFCLOCALPLACEMENT(#13,#8);
#6216=IFCBUILDINGELEMENTPROXY('36zNNe4pjQg64jZ$_UBErh',$,'Building 1384785790',$,$,#6215,#6214,$,.ELEMENT.);
#6217=IFCPROPERTYSINGLEVALUE('osm_id',$,IFCLABEL('way/1384785790'),$);
#6218=IFCPROPERTYSINGLEVALUE('height_source',$,IFCLABEL('tag:levels'),$);
#6219=IFCPROPERTYSINGLEVALUE('height_m',$,IFCREAL(3.),$);
#6220=IFCPROPERTYSET('0C445LX2lnU13SxDqM$GGv',$,'Pset_SiteContext',$,(#6217,#6218,#6219));
#6221=IFCRELDEFINESBYPROPERTIES('0TeMReJVgXYuFuVzit4yVz',$,$,$,(#6216),#6220);
#6222=IFCCARTESIANPOINT((24.129003861919045,-95.39512076135725));
#6223=IFCCARTESIANPOINT((24.77276706462726,-95.63391664158553));
#6224=IFCCARTESIANPOINT((24.885196286952123,-95.3457219908014));
#6225=IFCCARTESIANPOINT((26.99991735292133,-96.06361317168921));
#6226=IFCCARTESIANPOINT((26.89391378185246,-96.46305921114981));
#6227=IFCCARTESIANPOINT((27.815672202967107,-96.8042129073292));
#6228=IFCCARTESIANPOINT((27.928101295256056,-96.51601820066571));
#6229=IFCCARTESIANPOINT((28.323127610841766,-96.66381532140076));
#6230=IFCCARTESIANPOINT((30.027601679670624,-97.30050266627222));
#6231=IFCCARTESIANPOINT((30.481234945356846,-97.45990000665188));
#6232=IFCCARTESIANPOINT((30.405583381070755,-97.73727642092854));
#6233=IFCCARTESIANPOINT((31.334679459803738,-98.07848970871419));
#6234=IFCCARTESIANPOINT((31.46214754343964,-97.74593877233565));
#6235=IFCCARTESIANPOINT((33.335287907975726,-98.39512780867517));
#6236=IFCCARTESIANPOINT((33.28998820215929,-98.55043455958366));
#6237=IFCCARTESIANPOINT((34.38013951666653,-98.9374471809715));
#6238=IFCCARTESIANPOINT((34.206186874071136,-99.5698534809053));
#6239=IFCCARTESIANPOINT((34.89370101119857,-99.84236649237573));
#6240=IFCCARTESIANPOINT((35.12398162740283,-99.49953846074641));
#6241=IFCCARTESIANPOINT((36.37527937348932,-99.9212313555181));
#6242=IFCCARTESIANPOINT((36.154386555426754,-100.90908861719072));
#6243=IFCCARTESIANPOINT((36.49098878656514,-101.02304663043469));
#6244=IFCCARTESIANPOINT((37.142272670869716,-101.23966303560883));
#6245=IFCCARTESIANPOINT((37.29908950708341,-100.9073525685817));
#6246=IFCCARTESIANPOINT((37.614044587826356,-100.9766536001116));
#6247=IFCCARTESIANPOINT((37.726655564969406,-100.66622047498822));
#6248=IFCCARTESIANPOINT((38.19505495985504,-100.81461838260293));
#6249=IFCCARTESIANPOINT((39.79325425764546,-96.51321112178266));
#6250=IFCCARTESIANPOINT((38.615420645917766,-96.0810012910515));
#6251=IFCCARTESIANPOINT((39.76326674246229,-93.01020738855004));
#6252=IFCCARTESIANPOINT((40.443625392741524,-93.26042137201875));
#6253=IFCCARTESIANPOINT((40.968898762366734,-91.84138407278806));
#6254=IFCCARTESIANPOINT((41.45169858529698,-92.02325937058777));
#6255=IFCCARTESIANPOINT((42.77240016730502,-88.4534876383841));
#6256=IFCCARTESIANPOINT((42.35545347642619,-88.29439195245504));
#6257=IFCCARTESIANPOINT((42.43156004860066,-87.96141976118088));
#6258=IFCCARTESIANPOINT((42.01443112222478,-87.82456228882074));
#6259=IFCCARTESIANPOINT((42.546858594054356,-86.42782316543162));
#6260=IFCCARTESIANPOINT((48.42204600642435,-70.59680568706244));
#6261=IFCCARTESIANPOINT((48.736543923965655,-70.72170173749328));
#6262=IFCCARTESIANPOINT((48.667775142006576,-71.05473418999463));
#6263=IFCCARTESIANPOINT((49.73591060261242,-71.44156360719353));
#6264=IFCCARTESIANPOINT((49.80349469615612,-71.2530797244981));
#6265=IFCCARTESIANPOINT((50.35948299325537,-71.45779386535287));
#6266=IFCCARTESIANPOINT((50.27704223035835,-71.6683957381174));
#6267=IFCCARTESIANPOINT((51.352424005861394,-72.06640410795808));
#6268=IFCCARTESIANPOINT((51.712629219167866,-71.09080760646611));
#6269=IFCCARTESIANPOINT((52.0052067018114,-71.20440397132188));
#6270=IFCCARTESIANPOINT((52.12533581291791,-70.87179237790406));
#6271=IFCCARTESIANPOINT((52.5350354075199,-71.01970813423395));
#6272=IFCCARTESIANPOINT((52.685151191661134,-70.60950318817049));
#6273=IFCCARTESIANPOINT((52.686062391265295,-70.49831197131425));
#6274=IFCCARTESIANPOINT((52.687064710771665,-70.37600163184106));
#6275=IFCCARTESIANPOINT((53.54145770473406,-68.19238912779838));
#6276=IFCCARTESIANPOINT((53.05114005680662,-68.03269291762263));
#6277=IFCCARTESIANPOINT((53.7931964736199,-66.12615647818893));
#6278=IFCCARTESIANPOINT((54.61008236068301,-64.04231520928442));
#6279=IFCCARTESIANPOINT((55.070595299010165,-64.25736640486866));
#6280=IFCCARTESIANPOINT((55.100581941893324,-64.17977304663509));
#6281=IFCCARTESIANPOINT((55.87143935111817,-62.34019151516259));
#6282=IFCCARTESIANPOINT((55.48393413843587,-62.170218111015856));
#6283=IFCCARTESIANPOINT((55.77655428217258,-61.38310524635017));
#6284=IFCCARTESIANPOINT((56.12773787777405,-61.50830152258277));
#6285=IFCCARTESIANPOINT((56.35286525439005,-60.89855347573757));
#6286=IFCCARTESIANPOINT((55.840718766790815,-60.71643888019025));
#6287=IFCCARTESIANPOINT((56.05089839641005,-60.13992796000093));
#6288=IFCCARTESIANPOINT((55.48032770352438,-59.92397497501224));
#6289=IFCCARTESIANPOINT((56.12572312448174,-58.172324215993285));
#6290=IFCCARTESIANPOINT((56.74013465014286,-58.41087612230331));
#6291=IFCCARTESIANPOINT((57.3779189955676,-56.69252244848758));
#6292=IFCCARTESIANPOINT((56.75607931625564,-56.46502960845828));
#6293=IFCCARTESIANPOINT((57.423941128188744,-54.65796340722591));
#6294=IFCCARTESIANPOINT((58.04568952799309,-54.896575301885605));
#6295=IFCCARTESIANPOINT((58.691083636600524,-53.144924188032746));
#6296=IFCCARTESIANPOINT((58.12775962532032,-52.94015069305897));
#6297=IFCCARTESIANPOINT((58.780581801664084,-51.17744053713977));
#6298=IFCCARTESIANPOINT((59.343905663117766,-51.38221396878362));
#6299=IFCCARTESIANPOINT((59.99672730092425,-49.61950365267694));
#6300=IFCCARTESIANPOINT((59.41139201959595,-49.41454992350191));
#6301=IFCCARTESIANPOINT((60.064122318988666,-47.6629586936906));
#6302=IFCCARTESIANPOINT((60.642029151902534,-47.878971367143095));
#6303=IFCCARTESIANPOINT((61.29485001671128,-46.11626085545868));
#6304=IFCCARTESIANPOINT((60.73152660287451,-45.91148760356009));
#6305=IFCCARTESIANPOINT((61.39929490641225,-44.11553991306573));
#6306=IFCCARTESIANPOINT((61.962618167628534,-44.320313102565706));
#6307=IFCCARTESIANPOINT((62.56298476050142,-42.69061107747257));
#6308=IFCCARTESIANPOINT((61.96315793739632,-42.46329911518842));
#6309=IFCCARTESIANPOINT((62.630925478530116,-40.667351230978966));
#6310=IFCCARTESIANPOINT((63.23084324027877,-40.88354400265962));
#6311=IFCCARTESIANPOINT((63.89109083870426,-39.109774086624384));
#6312=IFCCARTESIANPOINT((63.33510519715492,-38.90506119094789));
#6313=IFCCARTESIANPOINT((63.98801537381951,-37.13123112171888));
#6314=IFCCARTESIANPOINT((64.55133804131765,-37.33600407000631));
#6315=IFCCARTESIANPOINT((65.18168957938906,-35.62870825547725));
#6316=IFCCARTESIANPOINT((64.66954506747425,-35.446594403125346));
#6317=IFCCARTESIANPOINT((65.32988272875082,-33.66170511953533));
#6318=IFCCARTESIANPOINT((65.84202710224781,-33.843818916007876));
#6319=IFCCARTESIANPOINT((66.47971506416798,-32.13658302370459));
#6320=IFCCARTESIANPOINT((65.98958232649602,-31.95464961230755));
#6321=IFCCARTESIANPOINT((66.63488049351145,-30.214116409420967));
#6322=IFCCARTESIANPOINT((67.11767593713012,-30.395989660173655));
#6323=IFCCARTESIANPOINT((67.77792120084632,-28.622219148091972));
#6324=IFCCARTESIANPOINT((67.25119399814866,-28.428866172209382));
#6325=IFCCARTESIANPOINT((67.91143900691532,-26.65509561728686));
#6326=IFCCARTESIANPOINT((68.43082890752703,-26.84838842973113));
#6327=IFCCARTESIANPOINT((69.06851536908653,-25.141152155585587));
#6328=IFCCARTESIANPOINT((68.54178844275884,-24.947799287736416));
#6329=IFCCARTESIANPOINT((69.21707134577446,-23.129672246053815));
#6330=IFCCARTESIANPOINT((69.73646097106393,-23.322964946739376));
#6331=IFCCARTESIANPOINT((70.38909424608573,-21.58249130938202));
#6332=IFCCARTESIANPOINT((69.89171621983405,-21.3893789825961));
#6333=IFCCARTESIANPOINT((70.54453141300473,-19.626667047850788));
#6334=IFCCARTESIANPOINT((71.04200039384887,-19.808660195209086));
#6335=IFCCARTESIANPOINT((71.67977642815094,-18.090304407291114));
#6336=IFCCARTESIANPOINT((71.17497042613104,-17.908251209184527));
#6337=IFCCARTESIANPOINT((71.83530416944996,-16.12336092814803));
#6338=IFCCARTESIANPOINT((72.34011003514752,-16.305414074100554));
#6339=IFCCARTESIANPOINT((72.98540462495293,-14.564879939891398));
#6340=IFCCARTESIANPOINT((72.49527318298351,-14.382947055622935));
#6341=IFCCARTESIANPOINT((73.13313929643482,-12.653471905738115));
#6342=IFCCARTESIANPOINT((73.63060775445774,-12.835464840754867));
#6343=IFCCARTESIANPOINT((74.28351196611766,-11.061633234843612));
#6344=IFCCARTESIANPOINT((73.86657003324945,-10.90253971889615));
#6345=IFCCARTESIANPOINT((74.51177250943147,-9.173124466091394));
#6346=IFCCARTESIANPOINT((74.92880541272461,-9.321098811924458));
#6347=IFCCARTESIANPOINT((75.34906618692912,-8.179194224067032));
#6348=IFCCARTESIANPOINT((75.84653432643972,-8.361186976544559));
#6349=IFCCARTESIANPOINT((76.04909978224896,-7.817972371354699));
#6350=IFCCARTESIANPOINT((76.89704872644506,-5.523103933781385));
#6351=IFCCARTESIANPOINT((76.39967187528964,-5.329992139711976));
#6352=IFCCARTESIANPOINT((77.11997472890653,-3.389914062805474));
#6353=IFCCARTESIANPOINT((77.79525253316388,-1.571785700507462));
#6354=IFCCARTESIANPOINT((77.87026313634124,-1.3722423491999507));
#6355=IFCCARTESIANPOINT((78.34571937739383,-1.5540546085685492));
#6356=IFCCARTESIANPOINT((78.36818612436764,-1.49863925203681));
#6357=IFCCARTESIANPOINT((79.14112273452338,0.59668627101928));
#6358=IFCCARTESIANPOINT((79.33616831561085,1.1177228670567274));
#6359=IFCCARTESIANPOINT((78.89730682247318,1.2881154473870993));
#6360=IFCCARTESIANPOINT((79.3173839377705,2.4077821653336287));
#6361=IFCCARTESIANPOINT((75.8792271905113,3.6924888864159584));
#6362=IFCCARTESIANPOINT((82.0247462670086,20.299727629870176));
#6363=IFCCARTESIANPOINT((82.47828060458414,20.129215078428388));
#6364=IFCCARTESIANPOINT((83.9565628740238,24.131383667699993));
#6365=IFCCARTESIANPOINT((83.7004929826362,24.22243980038911));
#6366=IFCCARTESIANPOINT((85.68146765651181,29.57711706124246));
#6367=IFCCARTESIANPOINT((85.93020025035366,29.486121095716953));
#6368=IFCCARTESIANPOINT((87.25093896337785,33.06702562607825));
#6369=IFCCARTESIANPOINT((86.87784027715679,33.20351949520409));
#6370=IFCCARTESIANPOINT((87.02034079434816,33.580428371205926));
#6371=IFCCARTESIANPOINT((86.65457923139911,33.71686217188835));
#6372=IFCCARTESIANPOINT((86.79010689177085,34.1383076524362));
#6373=IFCCARTESIANPOINT((83.10984374769032,35.42499319836497));
#6374=IFCCARTESIANPOINT((82.89976118900813,34.859599981456995));
#6375=IFCCARTESIANPOINT((73.5214005287271,38.32797739468515));
#6376=IFCCARTESIANPOINT((73.70140692149289,38.804657637141645));
#6377=IFCCARTESIANPOINT((70.02178721653763,40.16918546706438));
#6378=IFCCARTESIANPOINT((69.80427537497599,39.592733677476645));
#6379=IFCCARTESIANPOINT((69.43090424442198,39.6958712823689));
#6380=IFCCARTESIANPOINT((69.32545247033704,39.36313881818205));
#6381=IFCCARTESIANPOINT((67.54782605008222,40.022654643282294));
#6382=IFCCARTESIANPOINT((67.6903276683297,40.3995630601421));
#6383=IFCCARTESIANPOINT((66.22728503204416,40.94530331157148));
#6384=IFCCARTESIANPOINT((66.07771954347845,40.60181243438274));
#6385=IFCCARTESIANPOINT((64.22726971411612,41.32864518370479));
#6386=IFCCARTESIANPOINT((64.31759210128803,41.60590212792158));
#6387=IFCCARTESIANPOINT((62.91306446946692,42.128924053162336));
#6388=IFCCARTESIANPOINT((62.815313845989294,41.84060811530799));
#6389=IFCCARTESIANPOINT((60.920660162810236,42.545564350672066));
#6390=IFCCARTESIANPOINT((61.04812358506024,42.87811631988734));
#6391=IFCCARTESIANPOINT((59.48254539491609,43.44693818874657));
#6392=IFCCARTESIANPOINT((59.37002936704084,43.147623411379755));
#6393=IFCCARTESIANPOINT((57.636063205078244,43.7623050538823));
#6394=IFCCARTESIANPOINT((57.5882570866961,44.19637205451727));
#6395=IFCCARTESIANPOINT((56.21244115801528,44.64132120460272));
#6396=IFCCARTESIANPOINT((55.960520630236715,44.343148831278086));
#6397=IFCCARTESIANPOINT((54.51985576120205,44.933188213035464));
#6398=IFCCARTESIANPOINT((54.52268042974174,45.27788131032139));
#6399=IFCCARTESIANPOINT((54.032554648118094,45.45981584303081));
#6400=IFCCARTESIANPOINT((53.89351480070036,45.505434767343104));
#6401=IFCCARTESIANPOINT((53.63334591896273,45.09613129775971));
#6402=IFCCARTESIANPOINT((53.29738974000793,45.28792237304151));
#6403=IFCCARTESIANPOINT((53.06775366328657,45.0229271389544));
#6404=IFCCARTESIANPOINT((50.8212873559678,45.77524934057146));
#6405=IFCCARTESIANPOINT((50.93425940431189,46.13015962112695));
#6406=IFCCARTESIANPOINT((50.20962098718155,46.34737603645772));
#6407=IFCCARTESIANPOINT((50.13433663838077,46.114475569687784));
#6408=IFCCARTESIANPOINT((48.7367839087965,46.59296429064125));
#6409=IFCCARTESIANPOINT((47.30300173035357,47.127349684014916));
#6410=IFCCARTESIANPOINT((47.38644343672786,47.46026217006147));
#6411=IFCCARTESIANPOINT((46.6109926487552,47.74461477342993));
#6412=IFCCARTESIANPOINT((46.483893032884225,47.45653963834047));
#6413=IFCCARTESIANPOINT((43.923210600041784,48.36711821611971));
#6414=IFCCARTESIANPOINT((43.9769396672491,48.655794684775174));
#6415=IFCCARTESIANPOINT((43.26697595207952,48.87289169430733));
#6416=IFCCARTESIANPOINT((43.38076866522897,49.32787402532995));
#6417=IFCCARTESIANPOINT((43.007672042702325,49.46437073871493));
#6418=IFCCARTESIANPOINT((42.902856900705956,49.209472654387355));
#6419=IFCCARTESIANPOINT((40.6936257033376,50.028212901204824));
#6420=IFCCARTESIANPOINT((40.806142571382225,50.32752733398229));
#6421=IFCCARTESIANPOINT((39.51094590872526,50.76069977041334));
#6422=IFCCARTESIANPOINT((39.428232972393744,50.51674044597894));
#6423=IFCCARTESIANPOINT((37.753332198481075,51.175423447042704));
#6424=IFCCARTESIANPOINT((37.807517302338965,51.519695525988936));
#6425=IFCCARTESIANPOINT((36.57083531294484,51.93014918733388));
#6426=IFCCARTESIANPOINT((36.378339799819514,51.72044952400029));
#6427=IFCCARTESIANPOINT((34.469109548139386,52.436653894372284));
#6428=IFCCARTESIANPOINT((34.50110134156421,52.75886813271791));
#6429=IFCCARTESIANPOINT((33.16206564428285,53.214641166850924));
#6430=IFCCARTESIANPOINT((33.020655991043895,52.97116314806044));
#6431=IFCCARTESIANPOINT((31.12582718860358,53.653890926390886));
#6432=IFCCARTESIANPOINT((31.208358106319793,53.87561187054962));
#6433=IFCCARTESIANPOINT((29.70854579634033,54.41054304409772));
#6434=IFCCARTESIANPOINT((29.63353421946522,54.21100022736937));
#6435=IFCCARTESIANPOINT((27.614979103324004,55.017062284983695));
#6436=IFCCARTESIANPOINT((27.690628929995,55.29443900473416));
#6437=IFCCARTESIANPOINT((27.127498938236386,55.52145395241678));
#6438=IFCCARTESIANPOINT((27.403802088228986,56.108542068861425));
#6439=IFCCARTESIANPOINT((24.009619813296013,57.38180002104491));
#6440=IFCCARTESIANPOINT((23.88206338637974,57.03812969569117));
#6441=IFCCARTESIANPOINT((14.372253651265055,60.57440120913088));
#6442=IFCCARTESIANPOINT((14.5147582560312,60.951308379881084));
#6443=IFCCARTESIANPOINT((10.944857250200585,62.270494795404375));
#6444=IFCCARTESIANPOINT((10.749716264079325,61.738341111689806));
#6445=IFCCARTESIANPOINT((10.435043979319744,61.841001090593636));
#6446=IFCCARTESIANPOINT((10.277135401964188,61.37526131607592));
#6447=IFCCARTESIANPOINT((9.808932292857207,61.545899936929345));
#6448=IFCCARTESIANPOINT((8.45292581396643,58.14321928936988));
#6449=IFCCARTESIANPOINT((8.679188794107176,57.996804875321686));
#6450=IFCCARTESIANPOINT((7.741443984792568,55.49140395130962));
#6451=IFCCARTESIANPOINT((6.691271011251956,52.69780858512968));
#6452=IFCCARTESIANPOINT((6.391363634727895,52.81146753579378));
#6453=IFCCARTESIANPOINT((5.17585197230801,49.54107393976301));
#6454=IFCCARTESIANPOINT((5.760992901283316,49.31387630943209));
#6455=IFCCARTESIANPOINT((5.6409547090297565,48.9923844859004));
#6456=IFCCARTESIANPOINT((6.07256460248027,48.83316561114043));
#6457=IFCCARTESIANPOINT((5.929967950331047,48.44513955153525));
#6458=IFCCARTESIANPOINT((7.378420202294365,47.910623544827104));
#6459=IFCCARTESIANPOINT((5.900181882898323,43.919592876918614));
#6460=IFCCARTESIANPOINT((6.404980461578816,43.7375339018181));
#6461=IFCCARTESIANPOINT((6.209929672651924,43.21649958379567));
#6462=IFCCARTESIANPOINT((4.492250990821049,38.6603197325021));
#6463=IFCCARTESIANPOINT((2.8038267829688266,34.0927806654945));
#6464=IFCCARTESIANPOINT((2.6521593442885205,33.493551450781524));
#6465=IFCCARTESIANPOINT((2.059497404261492,33.698571297340095));
#6466=IFCCARTESIANPOINT((-1.84208655054681,23.211175587959588));
#6467=IFCCARTESIANPOINT((-5.25765459111426,24.56246485002339));
#6468=IFCCARTESIANPOINT((-6.786272213212214,25.16436092555523));
#6469=IFCCARTESIANPOINT((-7.250843205722049,23.989465826191008));
#6470=IFCCARTESIANPOINT((-7.836183750652708,22.404126268811524));
#6471=IFCCARTESIANPOINT((-7.353395005571656,22.22224673908204));
#6472=IFCCARTESIANPOINT((-7.551823498797603,21.289805203676224));
#6473=IFCCARTESIANPOINT((-8.050107658607885,21.371732997708023));
#6474=IFCCARTESIANPOINT((-7.99182897771243,20.426065198145807));
#6475=IFCCARTESIANPOINT((-8.149831351125613,19.949206952936947));
#6476=IFCCARTESIANPOINT((-8.64729446603451,20.13120695669204));
#6477=IFCCARTESIANPOINT((-8.99246529454831,19.199969593435526));
#6478=IFCCARTESIANPOINT((-8.450979490182362,19.017608332447708));
#6479=IFCCARTESIANPOINT((-8.609346894198097,18.496273591183126));
#6480=IFCCARTESIANPOINT((-8.053460517665371,18.280434570275247));
#6481=IFCCARTESIANPOINT((-10.372268870822154,12.00561158079654));
#6482=IFCCARTESIANPOINT((-10.920909900218248,12.21027147769928));
#6483=IFCCARTESIANPOINT((-11.101015309337527,11.722474842332304));
#6484=IFCCARTESIANPOINT((-11.678913544630632,11.938494772650301));
#6485=IFCCARTESIANPOINT((-11.949163022800349,11.195680731907487));
#6486=IFCCARTESIANPOINT((-11.31265905930195,10.968059979379177));
#6487=IFCCARTESIANPOINT((-11.507894988870248,10.424788140691817));
#6488=IFCCARTESIANPOINT((-12.166319100768305,10.66370867099613));
#6489=IFCCARTESIANPOINT((-12.526439004112035,9.69923462625593));
#6490=IFCCARTESIANPOINT((-11.60469984530937,9.358074372634292));
#6491=IFCCARTESIANPOINT((-12.730451275245287,6.298226606100798));
#6492=IFCCARTESIANPOINT((-13.183983961469494,6.468746589496732));
#6493=IFCCARTESIANPOINT((-13.274036843096837,6.224848316051066));
#6494=IFCCARTESIANPOINT((-13.661717943265103,6.3725881818681955));
#6495=IFCCARTESIANPOINT((-13.909317820216529,5.707427523098886));
#6496=IFCCARTESIANPOINT((-13.521545433090068,5.570806770585477));
#6497=IFCCARTESIANPOINT((-13.641676812549122,5.238196332938969));
#6498=IFCCARTESIANPOINT((-13.246658514486626,5.090396258980036));
#6499=IFCCARTESIANPOINT((-14.25970849453006,2.3521004170179367));
#6500=IFCCARTESIANPOINT((-14.676647077314556,2.5112003227695823));
#6501=IFCCARTESIANPOINT((-14.789258957840502,2.2007679576054215));
#6502=IFCCARTESIANPOINT((-15.191614539944567,2.3486283468082547));
#6503=IFCCARTESIANPOINT((-15.491852161474526,1.5282214945182204));
#6504=IFCCARTESIANPOINT((-15.09683365514502,1.380421300418675));
#6505=IFCCARTESIANPOINT((-15.224302334128879,1.0478711193427444));
#6506=IFCCARTESIANPOINT((-14.873124043806456,0.9226704780012369));
#6507=IFCCARTESIANPOINT((-15.81868128257338,-1.6382608907297254));
#6508=IFCCARTESIANPOINT((-16.199116972857155,-1.5017002066597342));
#6509=IFCCARTESIANPOINT((-16.326677029486746,-1.8453694814816117));
#6510=IFCCARTESIANPOINT((-16.685101333190687,-1.7089894115924835));
#6511=IFCCARTESIANPOINT((-16.90271458425559,-2.296556872315705));
#6512=IFCCARTESIANPOINT((-16.52237011154648,-2.4442367274314165));
#6513=IFCCARTESIANPOINT((-16.672306616557762,-2.8322018533945084));
#6514=IFCCARTESIANPOINT((-16.357722522108816,-2.945982377976179));
#6515=IFCCARTESIANPOINT((-16.868601778289303,-4.398493307642639));
#6516=IFCCARTESIANPOINT((-17.400762644945644,-5.761870515532792));
#6517=IFCCARTESIANPOINT((-17.620237892493606,-5.682230134494603));
#6518=IFCCARTESIANPOINT((-17.717810788657516,-5.948306349106133));
#6519=IFCCARTESIANPOINT((-18.237195993657224,-5.755005782470107));
#6520=IFCCARTESIANPOINT((-18.522577661671676,-6.553294605575502));
#6521=IFCCARTESIANPOINT((-18.134804555447772,-6.689915654249489));
#6522=IFCCARTESIANPOINT((-18.22504035534803,-6.956052075140178));
#6523=IFCCARTESIANPOINT((-17.932376217795536,-7.0585329020395875));
#6524=IFCCARTESIANPOINT((-18.87820983096026,-9.652820982970297));
#6525=IFCCARTESIANPOINT((-19.274689144804142,-9.682926558889449));
#6526=IFCCARTESIANPOINT((-19.36428622691892,-9.871229074895382));
#6527=IFCCARTESIANPOINT((-19.77507479826454,-9.856737673282623));
#6528=IFCCARTESIANPOINT((-19.992049832711928,-10.366471098735929));
#6529=IFCCARTESIANPOINT((-19.68598890886642,-10.624740215018392));
#6530=IFCCARTESIANPOINT((-19.761459296219982,-10.879877916537225));
#6531=IFCCARTESIANPOINT((-19.424772138358094,-10.982720131985843));
#6532=IFCCARTESIANPOINT((-20.33410383190494,-13.599547238089144));
#6533=IFCCARTESIANPOINT((-20.75984074047301,-13.618292704224586));
#6534=IFCCARTESIANPOINT((-20.849711715825833,-13.839952568523586));
#6535=IFCCARTESIANPOINT((-21.23803281749133,-13.770046100951731));
#6536=IFCCARTESIANPOINT((-21.545061660348438,-14.52367755677551));
#6537=IFCCARTESIANPOINT((-21.23872679413762,-14.748589368537068));
#6538=IFCCARTESIANPOINT((-21.24064331164118,-14.982091003097594));
#6539=IFCCARTESIANPOINT((-21.02217164391186,-15.184041895903647));
#6540=IFCCARTESIANPOINT((-21.93022699211724,-17.645200909115374));
#6541=IFCCARTESIANPOINT((-22.32625054579694,-17.619710649363697));
#6542=IFCCARTESIANPOINT((-22.45317245053593,-17.885545866563916));
#6543=IFCCARTESIANPOINT((-22.782887872075662,-17.827240203507245));
#6544=IFCCARTESIANPOINT((-23.00738314143382,-18.35915151052177));
#6545=IFCCARTESIANPOINT((-22.55622167768888,-18.818769480101764));
#6546=IFCCARTESIANPOINT((-22.810430633253418,-19.394916398450732));
#6547=IFCCARTESIANPOINT((-23.315233848174103,-19.212854970246553));
#6548=IFCCARTESIANPOINT((-23.57769271999132,-19.900132878683507));
#6549=IFCCARTESIANPOINT((-23.088020089431666,-20.137669507414103));
#6550=IFCCARTESIANPOINT((-23.245842225733213,-20.592288931831717));
#6551=IFCCARTESIANPOINT((-22.448921715840697,-20.94354614801705));
#6552=IFCCARTESIANPOINT((-24.869750797981396,-27.128565216436982));
#6553=IFCCARTESIANPOINT((-25.65979121462442,-26.832963533699512));
#6554=IFCCARTESIANPOINT((-25.884925984195434,-27.442708559334278));
#6555=IFCCARTESIANPOINT((-26.440907398122363,-27.23798703122884));
#6556=IFCCARTESIANPOINT((-26.748576515936293,-28.069451997987926));
#6557=IFCCARTESIANPOINT((-26.19259503216017,-28.274173554964364));
#6558=IFCCARTESIANPOINT((-26.53786271449644,-29.216528629884124));
#6559=IFCCARTESIANPOINT((-27.057158456766047,-29.012108183465898));
#6560=IFCCARTESIANPOINT((-27.326955363037996,-29.69932563882321));
#6561=IFCCARTESIANPOINT((-26.84443666751031,-29.91456408984959));
#6562=IFCCARTESIANPOINT((-27.212081144331023,-30.90121492370963));
#6563=IFCCARTESIANPOINT((-27.592518505174667,-30.764653522521257));
#6564=IFCCARTESIANPOINT((-28.064617742667906,-31.961724435910583));
#6565=IFCCARTESIANPOINT((-28.462523991358466,-33.059325490146875));
#6566=IFCCARTESIANPOINT((-26.904361885855906,-33.63922967109829));
#6567=IFCCARTESIANPOINT((-26.772749192081392,-33.6959094023332));
#6568=IFCCARTESIANPOINT((-26.57528451026883,-33.7753694280982));
#6569=IFCCARTESIANPOINT((-26.49713126930874,-34.087367398664355));
#6570=IFCCARTESIANPOINT((-25.579893683665432,-34.08377669751644));
#6571=IFCCARTESIANPOINT((-25.453883997746743,-33.9291328182444));
#6572=IFCCARTESIANPOINT((-22.841906695161015,-34.851282151415944));
#6573=IFCCARTESIANPOINT((-27.005218882346526,-45.92586074862629));
#6574=IFCCARTESIANPOINT((-27.118014870095067,-46.25853099580854));
#6575=IFCCARTESIANPOINT((-26.730148016125895,-46.384033454582095));
#6576=IFCCARTESIANPOINT((-27.03093732544221,-47.27115411683917));
#6577=IFCCARTESIANPOINT((-27.35428593319375,-48.22480880562216));
#6578=IFCCARTESIANPOINT((-27.71289541956503,-48.1106663485989));
#6579=IFCCARTESIANPOINT((-27.84036586584989,-48.44321611709893));
#6580=IFCCARTESIANPOINT((-32.15832591999788,-59.58323968946934));
#6581=IFCCARTESIANPOINT((-34.023652866249904,-58.878493912518024));
#6582=IFCCARTESIANPOINT((-34.262094807461835,-59.321331159211695));
#6583=IFCCARTESIANPOINT((-34.54017820104491,-59.23008914850652));
#6584=IFCCARTESIANPOINT((-34.64508993958589,-59.49610472470522));
#6585=IFCCARTESIANPOINT((-35.15714221971575,-59.30286296084523));
#6586=IFCCARTESIANPOINT((-36.27685972023755,-62.51843237597495));
#6587=IFCCARTESIANPOINT((-35.95493553520646,-62.63227415084839));
#6588=IFCCARTESIANPOINT((-37.0355031483341,-65.54792827460915));
#6589=IFCCARTESIANPOINT((-38.13111143128481,-68.50793812330812));
#6590=IFCCARTESIANPOINT((-38.36517192481551,-68.41705738939345));
#6591=IFCCARTESIANPOINT((-39.58009412768297,-71.60960452910513));
#6592=IFCCARTESIANPOINT((-39.30219280696474,-71.72308501414955));
#6593=IFCCARTESIANPOINT((-39.35565315536223,-71.97840306721628));
#6594=IFCCARTESIANPOINT((-39.099398284219205,-72.04722632933408));
#6595=IFCCARTESIANPOINT((-39.3172902262304,-72.66814997326583));
#6596=IFCCARTESIANPOINT((-38.36004015686922,-73.15416403952986));
#6597=IFCCARTESIANPOINT((-38.17009408562444,-73.25580243393779));
#6598=IFCCARTESIANPOINT((-37.73823607026134,-72.49207721743733));
#6599=IFCCARTESIANPOINT((-36.45062842837069,-72.95856361929327));
#6600=IFCCARTESIANPOINT((-36.52683065040037,-73.30265393201262));
#6601=IFCCARTESIANPOINT((-35.89719906344544,-73.47462139464915));
#6602=IFCCARTESIANPOINT((-35.73240249964874,-73.06453922949731));
#6603=IFCCARTESIANPOINT((-33.52965029084589,-73.78317550197244));
#6604=IFCCARTESIANPOINT((-33.5392696459312,-74.06109326519072));
#6605=IFCCARTESIANPOINT((-32.79288133594673,-74.31185801606625));
#6606=IFCCARTESIANPOINT((-32.787643644725904,-74.5676580099389));
#6607=IFCCARTESIANPOINT((-32.22422937559895,-74.76132118608803));
#6608=IFCCARTESIANPOINT((-32.08272265805863,-74.50672589428723));
#6609=IFCCARTESIANPOINT((-30.802633903338574,-74.99538903962821));
#6610=IFCCARTESIANPOINT((-30.136863527004607,-75.23437175899744));
#6611=IFCCARTESIANPOINT((-29.68332489335444,-75.40489295776933));
#6612=IFCCARTESIANPOINT((-29.707983623608015,-75.7271667374298));
#6613=IFCCARTESIANPOINT((-29.100910907029174,-75.96566748153418));
#6614=IFCCARTESIANPOINT((-28.944821128854528,-75.7223116979003));
#6615=IFCCARTESIANPOINT((-25.404101087362505,-77.03016122430563));
#6616=IFCCARTESIANPOINT((-25.42976355215069,-77.47474533692002));
#6617=IFCCARTESIANPOINT((-24.764449015026912,-77.76932303328067));
#6618=IFCCARTESIANPOINT((-24.55590357701294,-77.39295927621424));
#6619=IFCCARTESIANPOINT((-23.45099432335701,-77.76898417342454));
#6620=IFCCARTESIANPOINT((-23.45400609972421,-78.1359151257202));
#6621=IFCCARTESIANPOINT((-22.883253950742073,-78.32963761407882));
#6622=IFCCARTESIANPOINT((-22.675347467069514,-78.03110762964934));
#6623=IFCCARTESIANPOINT((-22.185213529970497,-78.21304847393185));
#6624=IFCCARTESIANPOINT((-22.0951590196928,-77.96915050875396));
#6625=IFCCARTESIANPOINT((-21.862594288075343,-77.34834668692201));
#6626=IFCCARTESIANPOINT((-22.096107810619287,-77.19075189810246));
#6627=IFCCARTESIANPOINT((-21.735342313419096,-76.14844528865069));
#6628=IFCCARTESIANPOINT((-21.37645718199201,-76.22922999132425));
#6629=IFCCARTESIANPOINT((-21.166451833210886,-75.67496018856764));
#6630=IFCCARTESIANPOINT((-21.450960818561725,-75.47246739454567));
#6631=IFCCARTESIANPOINT((-20.81306016095914,-73.74300345685333));
#6632=IFCCARTESIANPOINT((-20.498381012352183,-73.84566502086818));
#6633=IFCCARTESIANPOINT((-20.36284315318335,-73.42422241810709));
#6634=IFCCARTESIANPOINT((-19.99652969278395,-73.49394813738763));
#6635=IFCCARTESIANPOINT((-19.891070831101388,-73.1612176047638));
#6636=IFCCARTESIANPOINT((-17.55018703849055,-74.03665965609252));
#6637=IFCCARTESIANPOINT((-17.597039263113402,-74.38099108170718));
#6638=IFCCARTESIANPOINT((-17.34096654318273,-74.47205161955208));
#6639=IFCCARTESIANPOINT((-17.416985137970187,-74.79390394221991));
#6640=IFCCARTESIANPOINT((-16.904839648050256,-74.976024992764));
#6641=IFCCARTESIANPOINT((-16.792408729786985,-74.68783110566437));
#6642=IFCCARTESIANPOINT((-16.477546954876743,-74.76825421117246));
#6643=IFCCARTESIANPOINT((-16.40932189684827,-74.50193726364523));
#6644=IFCCARTESIANPOINT((-13.958652446046472,-75.41163844056427));
#6645=IFCCARTESIANPOINT((-14.019722673809156,-75.70025386847556));
#6646=IFCCARTESIANPOINT((-13.771078311139718,-75.8023731559515));
#6647=IFCCARTESIANPOINT((-13.825358794652857,-76.15776351746172));
#6648=IFCCARTESIANPOINT((-13.35668893775437,-76.27280826028436));
#6649=IFCCARTESIANPOINT((-13.07312963239383,-75.69690203759819));
#6650=IFCCARTESIANPOINT((-11.061415231670253,-76.44732162542641));
#6651=IFCCARTESIANPOINT((-11.33057364996057,-77.05670572351664));
#6652=IFCCARTESIANPOINT((-10.774586904328316,-77.26142572052777));
#6653=IFCCARTESIANPOINT((-10.677013181964867,-76.99534954410046));
#6654=IFCCARTESIANPOINT((-10.384345355792902,-77.09782993327826));
#6655=IFCCARTESIANPOINT((-10.286862894776277,-76.84287286829203));
#6656=IFCCARTESIANPOINT((-8.077590067870915,-77.66163173131645));
#6657=IFCCARTESIANPOINT((-8.182592143770307,-77.93876686692238));
#6658=IFCCARTESIANPOINT((-7.919273131294176,-78.04100631270558));
#6659=IFCCARTESIANPOINT((-7.994378882343881,-78.25166754890233));
#6660=IFCCARTESIANPOINT((-7.4238086878322065,-78.46762675233185));
#6661=IFCCARTESIANPOINT((-7.333754796884023,-78.22372855711728));
#6662=IFCCARTESIANPOINT((-6.9972459599375725,-78.34880823548883));
#6663=IFCCARTESIANPOINT((-6.906827152008191,-78.06043355446309));
#6664=IFCCARTESIANPOINT((-4.653621257515624,-78.89067144319415));
#6665=IFCCARTESIANPOINT((-4.758988110581413,-79.21228311862797));
#6666=IFCCARTESIANPOINT((-4.576104797306471,-79.28050284553319));
#6667=IFCCARTESIANPOINT((-4.67367827531416,-79.54657912068069));
#6668=IFCCARTESIANPOINT((-4.022580776596442,-79.78543842956424));
#6669=IFCCARTESIANPOINT((-3.910059183370322,-79.48612518329173));
#6670=IFCCARTESIANPOINT((-3.6247283418197185,-79.58854502998292));
#6671=IFCCARTESIANPOINT((-3.5197264560265467,-79.31140981521457));
#6672=IFCCARTESIANPOINT((-1.3032057416858152,-80.14134539850056));
#6673=IFCCARTESIANPOINT((-1.4306753412820399,-80.47389566153288));
#6674=IFCCARTESIANPOINT((-1.174602102371864,-80.56495548225939));
#6675=IFCCARTESIANPOINT((-1.257136091706343,-80.78667572606355));
#6676=IFCCARTESIANPOINT((-0.6279587829485536,-81.01423494331539));
#6677=IFCCARTESIANPOINT((-0.522957016248256,-80.73709967825562));
#6678=IFCCARTESIANPOINT((-0.23038004583213478,-80.85069867130369));
#6679=IFCCARTESIANPOINT((-0.14023520203772932,-80.59568124916404));
#6680=IFCCARTESIANPOINT((0.8181140527594835,-80.94825937598944));
#6681=IFCCARTESIANPOINT((2.0909609410446137,-81.42573591414839));
#6682=IFCCARTESIANPOINT((1.9934789526741952,-81.68069317843765));
#6683=IFCCARTESIANPOINT((2.2202945908065885,-81.76039296202362));
#6684=IFCCARTESIANPOINT((2.122812602785416,-82.01535022631288));
#6685=IFCCARTESIANPOINT((2.72997848095838,-82.24272850248963));
#6686=IFCCARTESIANPOINT((2.8350713233230636,-81.95447405800223));
#6687=IFCCARTESIANPOINT((3.2008383034262806,-82.0909130256623));
#6688=IFCCARTESIANPOINT((3.2833721393253654,-81.8691927222535));
#6689=IFCCARTESIANPOINT((5.543826973531395,-82.71060592867434));
#6690=IFCCARTESIANPOINT((5.4537735597696155,-82.954504317604));
#6691=IFCCARTESIANPOINT((5.702509782160632,-83.04550364334136));
#6692=IFCCARTESIANPOINT((5.604845506954007,-83.32269920315593));
#6693=IFCCARTESIANPOINT((6.1680794667918235,-83.53859687317163));
#6694=IFCCARTESIANPOINT((6.273172159912065,-83.25034237094223));
#6695=IFCCARTESIANPOINT((6.587761087226681,-83.36412157770246));
#6696=IFCCARTESIANPOINT((6.6778144591953605,-83.12022317387164));
#6697=IFCCARTESIANPOINT((8.909103739424609,-83.9391560787335));
#6698=IFCCARTESIANPOINT((8.803919961792417,-84.23852974642068));
#6699=IFCCARTESIANPOINT((9.10392572672572,-84.34106933046132));
#6700=IFCCARTESIANPOINT((9.013872439041734,-84.58496776781976));
#6701=IFCCARTESIANPOINT((9.547848910209723,-84.78950525447726));
#6702=IFCCARTESIANPOINT((9.638084582984447,-84.52336856909096));
#6703=IFCCARTESIANPOINT((9.996514648315497,-84.65974692255259));
#6704=IFCCARTESIANPOINT((10.12407487956807,-84.31607729941607));
#6705=IFCCARTESIANPOINT((12.66252581437584,-85.2598466835916));
#6706=IFCCARTESIANPOINT((12.550004972727038,-85.5591602390632));
#6707=IFCCARTESIANPOINT((12.857256910763681,-85.67287892475724));
#6708=IFCCARTESIANPOINT((12.744644875288941,-85.98331160284579));
#6709=IFCCARTESIANPOINT((13.351811579545029,-86.2106887595728));
#6710=IFCCARTESIANPOINT((13.561905136564746,-85.64529862161726));
#6711=IFCCARTESIANPOINT((15.4785158818122,-86.36156927421689));
#6712=IFCCARTESIANPOINT((15.28337053686846,-86.89372246898711));
#6713=IFCCARTESIANPOINT((15.83202191395685,-87.0983797237277));
#6714=IFCCARTESIANPOINT((16.019647597917356,-86.5884045753628));
#6715=IFCCARTESIANPOINT((17.74612907564733,-87.22527610510588));
#6716=IFCCARTESIANPOINT((18.09722225787118,-87.36159378197044));
#6717=IFCCARTESIANPOINT((18.01468891580589,-87.58331428840756));
#6718=IFCCARTESIANPOINT((18.292683298815973,-87.68567287735641));
#6719=IFCCARTESIANPOINT((18.187591128516942,-87.97392758913338));
#6720=IFCCARTESIANPOINT((18.765500480192713,-88.18994436785579));
#6721=IFCCARTESIANPOINT((18.878021048614755,-87.89063069690019));
#6722=IFCCARTESIANPOINT((19.156015461310744,-87.99298924580216));
#6723=IFCCARTESIANPOINT((19.238548765075393,-87.7712687253952));
#6724=IFCCARTESIANPOINT((22.230179152218625,-88.9300276869908));
#6725=IFCCARTESIANPOINT((22.117567559937015,-89.24046054109931));
#6726=IFCCARTESIANPOINT((22.263856476987712,-89.29725946299732));
#6727=IFCCARTESIANPOINT((22.15885565523058,-89.57439512386918));
#6728=IFCCARTESIANPOINT((22.722182007390074,-89.77917205449194));
#6729=IFCCARTESIANPOINT((22.001668274053372,-91.741480239667));
#6730=IFCCARTESIANPOINT((21.467143650865182,-91.60365862771869));
#6731=IFCCARTESIANPOINT((21.360866234870628,-92.03646193537861));
#6732=IFCCARTESIANPOINT((21.60226584970951,-92.12740040849894));
#6733=IFCCARTESIANPOINT((21.100640679127537,-93.34647230431437));
#6734=IFCCARTESIANPOINT((20.89574488683138,-93.27807289082557));
#6735=IFCCARTESIANPOINT((20.706842893501744,-93.94371583685279));
#6736=IFCCARTESIANPOINT((21.292090182658285,-94.15979252196848));
#6737=IFCCARTESIANPOINT((21.178019562736154,-94.64813124760985));
#6738=IFCCARTESIANPOINT((21.91680206626188,-94.93218610063195));
#6739=IFCCARTESIANPOINT((22.132773482706398,-94.54476176202297));
#6740=IFCCARTESIANPOINT((23.34729181637522,-94.97727577481419));
#6741=IFCCARTESIANPOINT((23.189744922332466,-95.39853883255273));
#6742=IFCCARTESIANPOINT((24.01639225182589,-95.70555363222957));
#6743=IFCPOLYLINE((#6222,#6223,#6224,#6225,#6226,#6227,#6228,#6229,#6230,#6231,#6232,#6233,#6234,#6235,#6236,#6237,#6238,#6239,#6240,#6241,#6242,#6243,#6244,#6245,#6246,#6247,#6248,#6249,#6250,#6251,#6252,#6253,#6254,#6255,#6256,#6257,#6258,#6259,#6260,#6261,#6262,#6263,#6264,#6265,#6266,#6267,#6268,#6269,#6270,#6271,#6272,#6273,#6274,#6275,#6276,#6277,#6278,#6279,#6280,#6281,#6282,#6283,#6284,#6285,#6286,#6287,#6288,#6289,#6290,#6291,#6292,#6293,#6294,#6295,#6296,#6297,#6298,#6299,#6300,#6301,#6302,#6303,#6304,#6305,#6306,#6307,#6308,#6309,#6310,#6311,#6312,#6313,#6314,#6315,#6316,#6317,#6318,#6319,#6320,#6321,#6322,#6323,#6324,#6325,#6326,#6327,#6328,#6329,#6330,#6331,#6332,#6333,#6334,#6335,#6336,#6337,#6338,#6339,#6340,#6341,#6342,#6343,#6344,#6345,#6346,#6347,#6348,#6349,#6350,#6351,#6352,#6353,#6354,#6355,#6356,#6357,#6358,#6359,#6360,#6361,#6362,#6363,#6364,#6365,#6366,#6367,#6368,#6369,#6370,#6371,#6372,#6373,#6374,#6375,#6376,#6377,#6378,#6379,#6380,#6381,#6382,#6383,#6384,#6385,#6386,#6387,#6388,#6389,#6390,#6391,#6392,#6393,#6394,#6395,#6396,#6397,#6398,#6399,#6400,#6401,#6402,#6403,#6404,#6405,#6406,#6407,#6408,#6409,#6410,#6411,#6412,#6413,#6414,#6415,#6416,#6417,#6418,#6419,#6420,#6421,#6422,#6423,#6424,#6425,#6426,#6427,#6428,#6429,#6430,#6431,#6432,#6433,#6434,#6435,#6436,#6437,#6438,#6439,#6440,#6441,#6442,#6443,#6444,#6445,#6446,#6447,#6448,#6449,#6450,#6451,#6452,#6453,#6454,#6455,#6456,#6457,#6458,#6459,#6460,#6461,#6462,#6463,#6464,#6465,#6466,#6467,#6468,#6469,#6470,#6471,#6472,#6473,#6474,#6475,#6476,#6477,#6478,#6479,#6480,#6481,#6482,#6483,#6484,#6485,#6486,#6487,#6488,#6489,#6490,#6491,#6492,#6493,#6494,#6495,#6496,#6497,#6498,#6499,#6500,#6501,#6502,#6503,#6504,#6505,#6506,#6507,#6508,#6509,#6510,#6511,#6512,#6513,#6514,#6515,#6516,#6517,#6518,#6519,#6520,#6521,#6522,#6523,#6524,#6525,#6526,#6527,#6528,#6529,#6530,#6531,#6532,#6533,#6534,#6535,#6536,#6537,#6538,#6539,#6540,#6541,#6542,#6543,#6544,#6545,#6546,#6547,#6548,#6549,#6550,#6551,#6552,#6553,#6554,#6555,#6556,#6557,#6558,#6559,#6560,#6561,#6562,#6563,#6564,#6565,#6566,#6567,#6568,#6569,#6570,#6571,#6572,#6573,#6574,#6575,#6576,#6577,#6578,#6579,#6580,#6581,#6582,#6583,#6584,#6585,#6586,#6587,#6588,#6589,#6590,#6591,#6592,#6593,#6594,#6595,#6596,#6597,#6598,#6599,#6600,#6601,#6602,#6603,#6604,#6605,#6606,#6607,#6608,#6609,#6610,#6611,#6612,#6613,#6614,#6615,#6616,#6617,#6618,#6619,#6620,#6621,#6622,#6623,#6624,#6625,#6626,#6627,#6628,#6629,#6630,#6631,#6632,#6633,#6634,#6635,#6636,#6637,#6638,#6639,#6640,#6641,#6642,#6643,#6644,#6645,#6646,#6647,#6648,#6649,#6650,#6651,#6652,#6653,#6654,#6655,#6656,#6657,#6658,#6659,#6660,#6661,#6662,#6663,#6664,#6665,#6666,#6667,#6668,#6669,#6670,#6671,#6672,#6673,#6674,#6675,#6676,#6677,#6678,#6679,#6680,#6681,#6682,#6683,#6684,#6685,#6686,#6687,#6688,#6689,#6690,#6691,#6692,#6693,#6694,#6695,#6696,#6697,#6698,#6699,#6700,#6701,#6702,#6703,#6704,#6705,#6706,#6707,#6708,#6709,#6710,#6711,#6712,#6713,#6714,#6715,#6716,#6717,#6718,#6719,#6720,#6721,#6722,#6723,#6724,#6725,#6726,#6727,#6728,#6729,#6730,#6731,#6732,#6733,#6734,#6735,#6736,#6737,#6738,#6739,#6740,#6741,#6742,#6222));
#6744=IFCARBITRARYCLOSEDPROFILEDEF(.AREA.,$,#6743);
#6745=IFCEXTRUDEDAREASOLID(#6744,#8,#6,40.);
#6746=IFCSHAPEREPRESENTATION(#11,'Body','SweptSolid',(#6745));
#6747=IFCPRODUCTDEFINITIONSHAPE($,$,(#6746));
#6748=IFCLOCALPLACEMENT(#13,#8);
#6749=IFCBUILDINGELEMENTPROXY('09Ftd9X0A_G3OlYMHcgFRg',$,'Hôtel de Ville',$,$,#6748,#6747,$,.ELEMENT.);
#6750=IFCPROPERTYSINGLEVALUE('osm_id',$,IFCLABEL('way/284089'),$);
#6751=IFCPROPERTYSINGLEVALUE('height_source',$,IFCLABEL('tag:height'),$);
#6752=IFCPROPERTYSINGLEVALUE('height_m',$,IFCREAL(40.),$);
#6753=IFCPROPERTYSET('06qLIHe$q7RaGTcWOhmxLl',$,'Pset_SiteContext',$,(#6750,#6751,#6752));
#6754=IFCRELDEFINESBYPROPERTIES('3gCXBf8gDVuXkN$1mrI4nc',$,$,$,(#6749),#6753);
#6755=IFCCARTESIANPOINT((-221.44100431061815,36.63729855976999));
#6756=IFCCARTESIANPOINT((-224.23272248008288,29.09878987353295));
#6757=IFCCARTESIANPOINT((-224.71292812749743,27.812841890379786));
#6758=IFCCARTESIANPOINT((-223.4221298986813,24.17712081130594));
#6759=IFCCARTESIANPOINT((-222.0738246369874,20.39636768773198));
#6760=IFCCARTESIANPOINT((-205.04037836182397,10.059065570123494));
#6761=IFCCARTESIANPOINT((-201.52854034875054,7.928473684005439));
#6762=IFCCARTESIANPOINT((-198.5997569259489,8.949613191187382));
#6763=IFCCARTESIANPOINT((-195.59401375974994,17.531638419255614));
#6764=IFCCARTESIANPOINT((-188.4782670114655,37.81128636095673));
#6765=IFCCARTESIANPOINT((-186.47943975264207,43.5215622773394));
#6766=IFCCARTESIANPOINT((-187.77482534607407,45.71172859892249));
#6767=IFCCARTESIANPOINT((-193.00670969113708,54.59513065498322));
#6768=IFCCARTESIANPOINT((-205.09363923722412,59.698656735010445));
#6769=IFCCARTESIANPOINT((-209.6370011109393,57.745634611696005));
#6770=IFCCARTESIANPOINT((-214.37186261592433,55.70523516461253));
#6771=IFCPOLYLINE((#6755,#6756,#6757,#6758,#6759,#6760,#6761,#6762,#6763,#6764,#6765,#6766,#6767,#6768,#6769,#6770,#6755));
#6772=IFCARBITRARYCLOSEDPROFILEDEF(.AREA.,$,#6771);
#6773=IFCEXTRUDEDAREASOLID(#6772,#8,#6,21.);
#6774=IFCSHAPEREPRESENTATION(#11,'Body','SweptSolid',(#6773));
#6775=IFCPRODUCTDEFINITIONSHAPE($,$,(#6774));
#6776=IFCLOCALPLACEMENT(#13,#8);
#6777=IFCBUILDINGELEMENTPROXY('2xncBdNihU8EBcLx6IylcG',$,'Annexe du siège de l''AP-HP',$,$,#6776,#6775,$,.ELEMENT.);
#6778=IFCPROPERTYSINGLEVALUE('osm_id',$,IFCLABEL('way/399435'),$);
#6779=IFCPROPERTYSINGLEVALUE('height_source',$,IFCLABEL('tag:levels'),$);
#6780=IFCPROPERTYSINGLEVALUE('height_m',$,IFCREAL(21.),$);
#6781=IFCPROPERTYSET('2NbAlL55R0hWtagcc_HSI6',$,'Pset_SiteContext',$,(#6778,#6779,#6780));
#6782=IFCRELDEFINESBYPROPERTIES('07NmRSOKPJYF4AY3Ea9LZZ',$,$,$,(#6777),#6781);
#6783=IFCCARTESIANPOINT((-88.6696637350833,90.83252768125385));
#6784=IFCCARTESIANPOINT((-116.14578096510377,84.04178564343601));
#6785=IFCCARTESIANPOINT((-143.0191376406001,77.3907722029835));
#6786=IFCCARTESIANPOINT((-152.474416292971,75.05557126086205));
#6787=IFCCARTESIANPOINT((-153.03634523635264,70.07848803326488));
#6788=IFCCARTESIANPOINT((-144.1594668168109,66.32475127000362));
#6789=IFCCARTESIANPOINT((-120.77562486508396,56.402473918162286));
#6790=IFCCARTESIANPOINT((-98.61306302680168,46.968487485311925));
#6791=IFCCARTESIANPOINT((-88.67562039452605,42.79468242544681));
#6792=IFCCARTESIANPOINT((-88.10902070533484,42.9901831690222));
#6793=IFCCARTESIANPOINT((-85.6716763835866,44.03765884786844));
#6794=IFCCARTESIANPOINT((-85.58895807759836,44.28161637112498));
#6795=IFCCARTESIANPOINT((-83.65030189824756,49.82562357094139));
#6796=IFCCARTESIANPOINT((-82.9215181915788,51.89905186276883));
#6797=IFCCARTESIANPOINT((-79.00981856440194,62.70878987386823));
#6798=IFCCARTESIANPOINT((-77.4868642971851,66.77727162931114));
#6799=IFCCARTESIANPOINT((-72.12052690901328,80.4884715853259));
#6800=IFCCARTESIANPOINT((-77.4804748040624,82.73425190057606));
#6801=IFCCARTESIANPOINT((-87.33580674999394,81.71437864471227));
#6802=IFCPOLYLINE((#6783,#6784,#6785,#6786,#6787,#6788,#6789,#6790,#6791,#6792,#6793,#6794,#6795,#6796,#6797,#6798,#6799,#6800,#6801,#6783));
#6803=IFCARBITRARYCLOSEDPROFILEDEF(.AREA.,$,#6802);
#6804=IFCEXTRUDEDAREASOLID(#6803,#8,#6,18.);
#6805=IFCSHAPEREPRESENTATION(#11,'Body','SweptSolid',(#6804));
#6806=IFCPRODUCTDEFINITIONSHAPE($,$,(#6805));
#6807=IFCLOCALPLACEMENT(#13,#8);
#6808=IFCBUILDINGELEMENTPROXY('3Yxo3_HoODaSKPww_n1z5K',$,'Building 400094',$,$,#6807,#6806,$,.ELEMENT.);
#6809=IFCPROPERTYSINGLEVALUE('osm_id',$,IFCLABEL('way/400094'),$);
#6810=IFCPROPERTYSINGLEVALUE('height_source',$,IFCLABEL('tag:levels'),$);
#6811=IFCPROPERTYSINGLEVALUE('height_m',$,IFCREAL(18.),$);
#6812=IFCPROPERTYSET('3HXKsHRURUrYPfUTd2a1eW',$,'Pset_SiteContext',$,(#6809,#6810,#6811));
#6813=IFCRELDEFINESBYPROPERTIES('3KV2eftHBLBwn8ULLCiSIq',$,$,$,(#6808),#6812);
#6814=IFCCARTESIANPOINT((-130.39908991579432,107.65534541476518));
#6815=IFCCARTESIANPOINT((-131.2922597792931,102.54754533432424));
#6816=IFCCARTESIANPOINT((-131.15087565768044,95.65205257106572));
#6817=IFCCARTESIANPOINT((-101.47022188757546,102.84715392906219));
#6818=IFCCARTESIANPOINT((-101.05025539104827,105.73487157467753));
#6819=IFCCARTESIANPOINT((-100.73574966622982,108.28985976800323));
#6820=IFCCARTESIANPOINT((-102.9792463327758,109.3980543045327));
#6821=IFCCARTESIANPOINT((-117.09797605150379,116.36400657519698));
#6822=IFCCARTESIANPOINT((-117.44144236738794,116.53362972848117));
#6823=IFCCARTESIANPOINT((-130.8737553037936,123.09365483932197));
#6824=IFCCARTESIANPOINT((-132.8505988845136,113.80257190484554));
#6825=IFCCARTESIANPOINT((-129.18364306446165,112.69377527199686));
#6826=IFCPOLYLINE((#6814,#6815,#6816,#6817,#6818,#6819,#6820,#6821,#6822,#6823,#6824,#6825,#6814));
#6827=IFCARBITRARYCLOSEDPROFILEDEF(.AREA.,$,#6826);
#6828=IFCEXTRUDEDAREASOLID(#6827,#8,#6,21.);
#6829=IFCSHAPEREPRESENTATION(#11,'Body','SweptSolid',(#6828));
#6830=IFCPRODUCTDEFINITIONSHAPE($,$,(#6829));
#6831=IFCLOCALPLACEMENT(#13,#8);
#6832=IFCBUILDINGELEMENTPROXY('37VXRjycnnn68GrQbW3F$E',$,'Building 400095',$,$,#6831,#6830,$,.ELEMENT.);
#6833=IFCPROPERTYSINGLEVALUE('osm_id',$,IFCLABEL('way/400095'),$);
#6834=IFCPROPERTYSINGLEVALUE('height_source',$,IFCLABEL('tag:levels'),$);
#6835=IFCPROPERTYSINGLEVALUE('height_m',$,IFCREAL(21.),$);
#6836=IFCPROPERTYSET('06NEhtujNBztS_OBpoltcD',$,'Pset_SiteContext',$,(#6833,#6834,#6835));
#6837=IFCRELDEFINESBYPROPERTIES('39a7SZaIqKTm1$_par8oyK',$,$,$,(#6832),#6836);
#6838=IFCCARTESIANPOINT((-197.5871411341941,100.69142954796553));
#6839=IFCCARTESIANPOINT((-189.87638239143416,97.90353850461543));
#6840=IFCCARTESIANPOINT((-188.49990552058443,101.10584808513522));
#6841=IFCCARTESIANPOINT((-187.96970806375612,100.44540763832629));
#6842=IFCCARTESIANPOINT((-187.164011794026,100.27197312936187));
#6843=IFCCARTESIANPOINT((-187.68326975242235,98.69722603168339));
#6844=IFCCARTESIANPOINT((-186.85849286115263,98.16779801808298));
#6845=IFCCARTESIANPOINT((-185.59747593302745,100.71498590614647));
#6846=IFCCARTESIANPOINT((-180.4612785751233,98.9268628237769));
#6847=IFCCARTESIANPOINT((-178.09866059024353,98.02893518749624));
#6848=IFCCARTESIANPOINT((-168.58673890202772,94.77032506465912));
#6849=IFCCARTESIANPOINT((-166.9335994462017,99.49378627259284));
#6850=IFCCARTESIANPOINT((-161.55353165825363,114.85053888056427));
#6851=IFCCARTESIANPOINT((-170.27017947111744,117.55771561339498));
#6852=IFCCARTESIANPOINT((-188.91461078310385,123.80495645292103));
#6853=IFCCARTESIANPOINT((-192.125543848495,115.24685087706894));
#6854=IFCPOLYLINE((#6838,#6839,#6840,#6841,#6842,#6843,#6844,#6845,#6846,#6847,#6848,#6849,#6850,#6851,#6852,#6853,#6838));
#6855=IFCARBITRARYCLOSEDPROFILEDEF(.AREA.,$,#6854);
#6856=IFCEXTRUDEDAREASOLID(#6855,#8,#6,21.);
#6857=IFCSHAPEREPRESENTATION(#11,'Body','SweptSolid',(#6856));
#6858=IFCPRODUCTDEFINITIONSHAPE($,$,(#6857));
#6859=IFCLOCALPLACEMENT(#13,#8);
#6860=IFCBUILDINGELEMENTPROXY('2KCmfBEFycR$CePuisQs_n',$,'Building 400096',$,$,#6859,#6858,$,.ELEMENT.);
#6861=IFCPROPERTYSINGLEVALUE('osm_id',$,IFCLABEL('way/400096'),$);
#6862=IFCPROPERTYSINGLEVALUE('height_source',$,IFCLABEL('tag:levels'),$);
#6863=IFCPROPERTYSINGLEVALUE('height_m',$,IFCREAL(21.),$);
#6864=IFCPROPERTYSET('0C1f6GxRf5hbpVqknGjAaK',$,'Pset_SiteContext',$,(#6861,#6862,#6863));
#6865=IFCRELDEFINESBYPROPERTIES('1$HjQR9xkFObVPbWzNdHCh',$,$,$,(#6860),#6864);
#6866=IFCCARTESIANPOINT((78.67730366555043,-109.78645896352828));
#6867=IFCCARTESIANPOINT((74.9269748905208,-119.73025934863836));
#6868=IFCCARTESIANPOINT((73.69098221394233,-119.2308612242341));
#6869=IFCCARTESIANPOINT((73.61606108781416,-119.41928521357477));
#6870=IFCCARTESIANPOINT((73.26374046329875,-120.32822809088975));
#6871=IFCCARTESIANPOINT((72.49830576835666,-122.40137264225632));
#6872=IFCCARTESIANPOINT((71.16275842732284,-125.99326820112765));
#6873=IFCCARTESIANPOINT((69.84215730638243,-129.55192620866));
#6874=IFCCARTESIANPOINT((68.86681268073153,-132.16822385974228));
#6875=IFCCARTESIANPOINT((68.75402061676141,-132.50089574418962));
#6876=IFCCARTESIANPOINT((69.98304277320858,-132.95575829781592));
#6877=IFCCARTESIANPOINT((63.40448168339208,-150.44900619145483));
#6878=IFCCARTESIANPOINT((83.805694121751,-162.73676346894354));
#6879=IFCCARTESIANPOINT((98.97884828504175,-171.8792080609128));
#6880=IFCCARTESIANPOINT((99.29129513225053,-171.35913262423128));
#6881=IFCCARTESIANPOINT((106.41840360709466,-159.45250741019845));
#6882=IFCCARTESIANPOINT((113.39673479855992,-147.78929180372506));
#6883=IFCCARTESIANPOINT((114.46062180108856,-146.00770131871104));
#6884=IFCCARTESIANPOINT((119.61626074218657,-137.3875216767192));
#6885=IFCCARTESIANPOINT((126.39370334497653,-126.0562406880781));
#6886=IFCCARTESIANPOINT((129.8233156867791,-120.32421228382736));
#6887=IFCCARTESIANPOINT((81.69769346504472,-102.06065046042204));
#6888=IFCPOLYLINE((#6866,#6867,#6868,#6869,#6870,#6871,#6872,#6873,#6874,#6875,#6876,#6877,#6878,#6879,#6880,#6881,#6882,#6883,#6884,#6885,#6886,#6887,#6866));
#6889=IFCARBITRARYCLOSEDPROFILEDEF(.AREA.,$,#6888);
#6890=IFCEXTRUDEDAREASOLID(#6889,#8,#6,9.);
#6891=IFCSHAPEREPRESENTATION(#11,'Body','SweptSolid',(#6890));
#6892=IFCPRODUCTDEFINITIONSHAPE($,$,(#6891));
#6893=IFCLOCALPLACEMENT(#13,#8);
#6894=IFCBUILDINGELEMENTPROXY('1Gihm2qUNL7mm9dn1iyh54',$,'Building 400097',$,$,#6893,#6892,$,.ELEMENT.);
#6895=IFCPROPERTYSINGLEVALUE('osm_id',$,IFCLABEL('way/400097'),$);
#6896=IFCPROPERTYSINGLEVALUE('height_source',$,IFCLABEL('fallback'),$);
#6897=IFCPROPERTYSINGLEVALUE('height_m',$,IFCREAL(9.),$);
#6898=IFCPROPERTYSET('1K9ykVYYy65Ne19L0F8E9d',$,'Pset_SiteContext',$,(#6895,#6896,#6897));
#6899=IFCRELDEFINESBYPROPERTIES('3XS6z1YAEsS3QDZ19DIJCe',$,$,$,(#6894),#6898);
#6900=IFCCARTESIANPOINT((-44.14746584929526,-309.715002046898));
#6901=IFCCARTESIANPOINT((-45.50112166022882,-302.9874980915338));
#6902=IFCCARTESIANPOINT((-45.87476176163182,-301.12741514481604));
#6903=IFCCARTESIANPOINT((-47.54571212059818,-298.18917341530323));
#6904=IFCCARTESIANPOINT((-48.61199841776397,-296.6792374374345));
#6905=IFCCARTESIANPOINT((-46.819215299445204,-295.5041356841102));
#6906=IFCCARTESIANPOINT((-48.33781095035374,-292.778421822004));
#6907=IFCCARTESIANPOINT((-48.68459088949021,-293.0090908994898));
#6908=IFCCARTESIANPOINT((-52.40662994829472,-287.8522731317207));
#6909=IFCCARTESIANPOINT((-53.76430806773715,-288.7640703236684));
#6910=IFCCARTESIANPOINT((-55.394843756221235,-289.84042391367257));
#6911=IFCCARTESIANPOINT((-56.50901557051111,-290.58742267172784));
#6912=IFCCARTESIANPOINT((-59.177430645911954,-286.69579728506505));
#6913=IFCCARTESIANPOINT((-62.57815972145181,-281.73064928129315));
#6914=IFCCARTESIANPOINT((-73.25457899016328,-289.7270697839558));
#6915=IFCCARTESIANPOINT((-73.48682076914702,-289.4138057930395));
#6916=IFCCARTESIANPOINT((-76.2757141700713,-292.14861350506544));
#6917=IFCCARTESIANPOINT((-87.90292519703507,-303.3285909341648));
#6918=IFCCARTESIANPOINT((-87.59061068866868,-303.7203525174409));
#6919=IFCCARTESIANPOINT((-89.20012318773661,-305.8087756242603));
#6920=IFCCARTESIANPOINT((-87.7353351538768,-307.04399801418185));
#6921=IFCCARTESIANPOINT((-95.28945668169763,-314.5878840563819));
#6922=IFCCARTESIANPOINT((-92.44966489775106,-317.2688704673201));
#6923=IFCCARTESIANPOINT((-87.73825548461173,-313.6491642622277));
#6924=IFCCARTESIANPOINT((-87.66204729524907,-313.30507529340684));
#6925=IFCCARTESIANPOINT((-87.34561991109513,-313.1964774420485));
#6926=IFCCARTESIANPOINT((-86.84054557059426,-312.45559861976653));
#6927=IFCCARTESIANPOINT((-86.79919738904573,-311.888826161623));
#6928=IFCCARTESIANPOINT((-87.07327125966549,-311.30834150873125));
#6929=IFCCARTESIANPOINT((-85.32489346293733,-309.2877782387659));
#6930=IFCCARTESIANPOINT((-81.64877731539309,-312.88746020477265));
#6931=IFCCARTESIANPOINT((-77.45240331196692,-308.5407229634002));
#6932=IFCCARTESIANPOINT((-65.95323969540186,-321.87893945444375));
#6933=IFCCARTESIANPOINT((-69.05086958932225,-324.67793282400817));
#6934=IFCCARTESIANPOINT((-70.94787923630793,-322.46061775647104));
#6935=IFCCARTESIANPOINT((-76.65357055549975,-327.41766906902194));
#6936=IFCCARTESIANPOINT((-77.24270364805125,-326.7789969276637));
#6937=IFCCARTESIANPOINT((-77.99837902339641,-326.7616676846519));
#6938=IFCCARTESIANPOINT((-82.44077074236702,-330.68382808193564));
#6939=IFCCARTESIANPOINT((-90.94394326361362,-322.4519760487601));
#6940=IFCCARTESIANPOINT((-94.26427095464896,-325.5604813294485));
#6941=IFCCARTESIANPOINT((-93.07793991011567,-326.7489365590736));
#6942=IFCCARTESIANPOINT((-81.14829046197701,-338.6006602803245));
#6943=IFCCARTESIANPOINT((-80.70831120701041,-338.6376353800297));
#6944=IFCCARTESIANPOINT((-70.0134015235817,-329.29588143434376));
#6945=IFCCARTESIANPOINT((-53.97775194665883,-316.5397003442049));
#6946=IFCCARTESIANPOINT((-53.766881352174096,-316.7749490151182));
#6947=IFCCARTESIANPOINT((-46.41734122042544,-311.7980143772438));
#6948=IFCCARTESIANPOINT((-44.05609536776319,-310.205025636591));
#6949=IFCPOLYLINE((#6900,#6901,#6902,#6903,#6904,#6905,#6906,#6907,#6908,#6909,#6910,#6911,#6912,#6913,#6914,#6915,#6916,#6917,#6918,#6919,#6920,#6921,#6922,#6923,#6924,#6925,#6926,#6927,#6928,#6929,#6930,#6931,#6932,#6933,#6934,#6935,#6936,#6937,#6938,#6939,#6940,#6941,#6942,#6943,#6944,#6945,#6946,#6947,#6948,#6900));
#6950=IFCARBITRARYCLOSEDPROFILEDEF(.AREA.,$,#6949);
#6951=IFCEXTRUDEDAREASOLID(#6950,#8,#6,12.);
#6952=IFCSHAPEREPRESENTATION(#11,'Body','SweptSolid',(#6951));
#6953=IFCPRODUCTDEFINITIONSHAPE($,$,(#6952));
#6954=IFCLOCALPLACEMENT(#13,#8);
#6955=IFCBUILDINGELEMENTPROXY('1vd53PFpmApEmu8DaRbjbN',$,'Building 538026',$,$,#6954,#6953,$,.ELEMENT.);
#6956=IFCPROPERTYSINGLEVALUE('osm_id',$,IFCLABEL('way/538026'),$);
#6957=IFCPROPERTYSINGLEVALUE('height_source',$,IFCLABEL('tag:levels'),$);
#6958=IFCPROPERTYSINGLEVALUE('height_m',$,IFCREAL(12.),$);
#6959=IFCPROPERTYSET('0ix7Q3pgz73riSo7080h4H',$,'Pset_SiteContext',$,(#6956,#6957,#6958));
#6960=IFCRELDEFINESBYPROPERTIES('3CBX9d1_nV70h_6fJ0VB1O',$,$,$,(#6955),#6959);
#6961=IFCCARTESIANPOINT((-87.7353351538768,-307.04399801418185));
#6962=IFCCARTESIANPOINT((-89.20012318773661,-305.8087756242603));
#6963=IFCCARTESIANPOINT((-87.59061068866868,-303.7203525174409));
#6964=IFCCARTESIANPOINT((-87.90292519703507,-303.3285909341648));
#6965=IFCCARTESIANPOINT((-91.87511664489284,-299.1482388591394));
#6966=IFCCARTESIANPOINT((-80.0706185073359,-287.82516782544553));
#6967=IFCCARTESIANPOINT((-76.2757141700713,-292.14861350506544));
#6968=IFCCARTESIANPOINT((-73.48682076914702,-289.4138057930395));
#6969=IFCCARTESIANPOINT((-73.25457899016328,-289.7270697839558));
#6970=IFCCARTESIANPOINT((-62.57815972145181,-281.73064928129315));
#6971=IFCCARTESIANPOINT((-63.919153035618365,-279.7180603388697));
#6972=IFCCARTESIANPOINT((-65.27463768131565,-277.68311229813844));
#6973=IFCCARTESIANPOINT((-66.89831953507382,-275.2456459403038));
#6974=IFCCARTESIANPOINT((-68.50750776217319,-272.83053784258664));
#6975=IFCCARTESIANPOINT((-91.77792659320403,-291.78769681137055));
#6976=IFCCARTESIANPOINT((-104.0703398437472,-305.3307023840025));
#6977=IFCCARTESIANPOINT((-102.67250685370527,-306.6765765985474));
#6978=IFCCARTESIANPOINT((-99.40666435658932,-310.1950580375269));
#6979=IFCCARTESIANPOINT((-96.49715750175528,-313.3214136250317));
#6980=IFCCARTESIANPOINT((-95.28945668169763,-314.5878840563819));
#6981=IFCPOLYLINE((#6961,#6962,#6963,#6964,#6965,#6966,#6967,#6968,#6969,#6970,#6971,#6972,#6973,#6974,#6975,#6976,#6977,#6978,#6979,#6980,#6961));
#6982=IFCARBITRARYCLOSEDPROFILEDEF(.AREA.,$,#6981);
#6983=IFCEXTRUDEDAREASOLID(#6982,#8,#6,15.);
#6984=IFCSHAPEREPRESENTATION(#11,'Body','SweptSolid',(#6983));
#6985=IFCPRODUCTDEFINITIONSHAPE($,$,(#6984));
#6986=IFCLOCALPLACEMENT(#13,#8);
#6987=IFCBUILDINGELEMENTPROXY('2mBot1x$yTo30mZNfQGmtl',$,'Building 538027',$,$,#6986,#6985,$,.ELEMENT.);
#6988=IFCPROPERTYSINGLEVALUE('osm_id',$,IFCLABEL('way/538027'),$);
#6989=IFCPROPERTYSINGLEVALUE('height_source',$,IFCLABEL('tag:levels'),$);
#6990=IFCPROPERTYSINGLEVALUE('height_m',$,IFCREAL(15.),$);
#6991=IFCPROPERTYSET('09FMWEeMM91_c$7eBl$JLf',$,'Pset_SiteContext',$,(#6988,#6989,#6990));
#6992=IFCRELDEFINESBYPROPERTIES('0A1xilWRWD$XjLcjb1ojwG',$,$,$,(#6987),#6991);
#6993=IFCCARTESIANPOINT((-125.09969258261845,-240.92949911672622));
#6994=IFCCARTESIANPOINT((-136.41418805834837,-228.37106348760426));
#6995=IFCCARTESIANPOINT((-138.09716346883215,-230.46998971700668));
#6996=IFCCARTESIANPOINT((-140.97381601238158,-234.0602745236829));
#6997=IFCCARTESIANPOINT((-140.25290030951146,-234.73339762538671));
#6998=IFCCARTESIANPOINT((-141.93661085423082,-236.9212754573673));
#6999=IFCCARTESIANPOINT((-147.43293726083357,-244.08171448670328));
#7000=IFCCARTESIANPOINT((-147.1488817522768,-244.33980870526284));
#7001=IFCCARTESIANPOINT((-149.62070633482654,-247.77774230577052));
#7002=IFCCARTESIANPOINT((-155.33624455123208,-255.71475918684155));
#7003=IFCCARTESIANPOINT((-155.3282503222581,-256.5265743844211));
#7004=IFCCARTESIANPOINT((-150.98854593210854,-259.73144936561584));
#7005=IFCCARTESIANPOINT((-147.76661859103478,-262.3377703903243));
#7006=IFCPOLYLINE((#6993,#6994,#6995,#6996,#6997,#6998,#6999,#7000,#7001,#7002,#7003,#7004,#7005,#6993));
#7007=IFCARBITRARYCLOSEDPROFILEDEF(.AREA.,$,#7006);
#7008=IFCEXTRUDEDAREASOLID(#7007,#8,#6,15.);
#7009=IFCSHAPEREPRESENTATION(#11,'Body','SweptSolid',(#7008));
#7010=IFCPRODUCTDEFINITIONSHAPE($,$,(#7009));
#7011=IFCLOCALPLACEMENT(#13,#8);
#7012=IFCBUILDINGELEMENTPROXY('2B_2mhQzTIeQdsC8b6VO$D',$,'Building 538028',$,$,#7011,#7010,$,.ELEMENT.);
#7013=IFCPROPERTYSINGLEVALUE('osm_id',$,IFCLABEL('way/538028'),$);
#7014=IFCPROPERTYSINGLEVALUE('height_source',$,IFCLABEL('tag:levels'),$);
#7015=IFCPROPERTYSINGLEVALUE('height_m',$,IFCREAL(15.),$);
#7016=IFCPROPERTYSET('0rlwI$TJqrMTbDXK72WlHF',$,'Pset_SiteContext',$,(#7013,#7014,#7015));
#7017=IFCRELDEFINESBYPROPERTIES('3B2hEkvVeUqowNgUpbDhDc',$,$,$,(#7012),#7016);
#7018=IFCCARTESIANPOINT((-125.09969258261845,-240.92949911672622));
#7019=IFCCARTESIANPOINT((-124.43601033778396,-241.42423173598945));
#7020=IFCCARTESIANPOINT((-120.34889320412185,-236.97654583211988));
#7021=IFCCARTESIANPOINT((-120.35431019670796,-236.74298430420458));
#7022=IFCCARTESIANPOINT((-116.61525874899235,-232.6816279347986));
#7023=IFCCARTESIANPOINT((-118.79113299085293,-230.47312167286873));
#7024=IFCCARTESIANPOINT((-113.23629332671408,-225.11455307900906));
#7025=IFCCARTESIANPOINT((-117.26617497950792,-221.7120959945023));
#7026=IFCCARTESIANPOINT((-123.75752877560444,-216.03205942269415));
#7027=IFCCARTESIANPOINT((-129.35692287038546,-222.34655956923962));
#7028=IFCCARTESIANPOINT((-131.28266887029167,-224.5213297875598));
#7029=IFCCARTESIANPOINT((-131.76408272702247,-225.06224246043712));
#7030=IFCCARTESIANPOINT((-132.28092274826486,-224.55759707279503));
#7031=IFCCARTESIANPOINT((-136.41418805834837,-228.37106348760426));
#7032=IFCPOLYLINE((#7018,#7019,#7020,#7021,#7022,#7023,#7024,#7025,#7026,#7027,#7028,#7029,#7030,#7031,#7018));
#7033=IFCARBITRARYCLOSEDPROFILEDEF(.AREA.,$,#7032);
#7034=IFCEXTRUDEDAREASOLID(#7033,#8,#6,9.);
#7035=IFCSHAPEREPRESENTATION(#11,'Body','SweptSolid',(#7034));
#7036=IFCPRODUCTDEFINITIONSHAPE($,$,(#7035));
#7037=IFCLOCALPLACEMENT(#13,#8);
#7038=IFCBUILDINGELEMENTPROXY('3WmCdIk7hlBbV_nr9LlYSU',$,'Building 538029',$,$,#7037,#7036,$,.ELEMENT.);
#7039=IFCPROPERTYSINGLEVALUE('osm_id',$,IFCLABEL('way/538029'),$);
#7040=IFCPROPERTYSINGLEVALUE('height_source',$,IFCLABEL('fallback'),$);
#7041=IFCPROPERTYSINGLEVALUE('height_m',$,IFCREAL(9.),$);
#7042=IFCPROPERTYSET('2xfmGHuCMr9NZge22xYvRc',$,'Pset_SiteContext',$,(#7039,#7040,#7041));
#7043=IFCRELDEFINESBYPROPERTIES('3bX6Fn$7$hpS658yHGyO70',$,$,$,(#7038),#7042);
#7044=IFCCARTESIANPOINT((-141.16586838813964,-207.45999448560178));
#7045=IFCCARTESIANPOINT((-138.28381065477151,-208.56233409326524));
#7046=IFCCARTESIANPOINT((-135.68973973812535,-209.88470010273159));
#7047=IFCCARTESIANPOINT((-129.79710955312476,-204.49556600954384));
#7048=IFCCARTESIANPOINT((-128.54968255292624,-203.60511886700988));
#7049=IFCCARTESIANPOINT((-127.68238740263041,-204.32392413634807));
#7050=IFCCARTESIANPOINT((-127.89800699276384,-204.6668661115691));
#7051=IFCCARTESIANPOINT((-127.3720017435262,-204.9491894133389));
#7052=IFCCARTESIANPOINT((-121.4356768206926,-197.8145881863311));
#7053=IFCCARTESIANPOINT((-121.5594977219589,-197.70237119309604));
#7054=IFCCARTESIANPOINT((-125.37611407320946,-194.24606228340417));
#7055=IFCCARTESIANPOINT((-135.79144043510314,-184.7863397942856));
#7056=IFCCARTESIANPOINT((-140.78972061094828,-185.82384201418608));
#7057=IFCCARTESIANPOINT((-145.03522442036774,-194.36232047528028));
#7058=IFCCARTESIANPOINT((-149.4823271492496,-203.32169091980904));
#7059=IFCPOLYLINE((#7044,#7045,#7046,#7047,#7048,#7049,#7050,#7051,#7052,#7053,#7054,#7055,#7056,#7057,#7058,#7044));
#7060=IFCARBITRARYCLOSEDPROFILEDEF(.AREA.,$,#7059);
#7061=IFCEXTRUDEDAREASOLID(#7060,#8,#6,21.);
#7062=IFCSHAPEREPRESENTATION(#11,'Body','SweptSolid',(#7061));
#7063=IFCPRODUCTDEFINITIONSHAPE($,$,(#7062));
#7064=IFCLOCALPLACEMENT(#13,#8);
#7065=IFCBUILDINGELEMENTPROXY('1TeruscXPoToma6x31a93j',$,'Building 538093',$,$,#7064,#7063,$,.ELEMENT.);
#7066=IFCPROPERTYSINGLEVALUE('osm_id',$,IFCLABEL('way/538093'),$);
#7067=IFCPROPERTYSINGLEVALUE('height_source',$,IFCLABEL('tag:levels'),$);
#7068=IFCPROPERTYSINGLEVALUE('height_m',$,IFCREAL(21.),$);
#7069=IFCPROPERTYSET('3b_ecu6W30Un1rstc9hbn8',$,'Pset_SiteContext',$,(#7066,#7067,#7068));
#7070=IFCRELDEFINESBYPROPERTIES('0bnZaE7fJ6477R0mr756AF',$,$,$,(#7065),#7069);
#7071=IFCCARTESIANPOINT((-106.7481530335499,-12.54493703879416));
#7072=IFCCARTESIANPOINT((-106.20074764254969,-11.11497403215617));
#7073=IFCCARTESIANPOINT((-105.56246267654933,-9.341042033396661));
#7074=IFCCARTESIANPOINT((-97.64709666068666,11.843966159969568));
#7075=IFCCARTESIANPOINT((-98.92254681815393,14.678900792263448));
#7076=IFCCARTESIANPOINT((-107.71900837251451,18.409664820879698));
#7077=IFCCARTESIANPOINT((-132.40445510984864,28.898587172850966));
#7078=IFCCARTESIANPOINT((-148.08146289247088,35.55495272856206));
#7079=IFCCARTESIANPOINT((-157.03139097441453,39.35377502813935));
#7080=IFCCARTESIANPOINT((-165.88620007166173,43.118468621745706));
#7081=IFCCARTESIANPOINT((-177.44956174620893,39.63307673390955));
#7082=IFCCARTESIANPOINT((-178.31374462274835,37.16045952308923));
#7083=IFCCARTESIANPOINT((-186.511825382011,13.753907712176442));
#7084=IFCPOLYLINE((#7071,#7072,#7073,#7074,#7075,#7076,#7077,#7078,#7079,#7080,#7081,#7082,#7083,#7071));
#7085=IFCARBITRARYCLOSEDPROFILEDEF(.AREA.,$,#7084);
#7086=IFCEXTRUDEDAREASOLID(#7085,#8,#6,18.);
#7087=IFCSHAPEREPRESENTATION(#11,'Body','SweptSolid',(#7086));
#7088=IFCPRODUCTDEFINITIONSHAPE($,$,(#7087));
#7089=IFCLOCALPLACEMENT(#13,#8);
#7090=IFCBUILDINGELEMENTPROXY('1UtykEkpOhz$RdlBnCdlKX',$,'Building 556016',$,$,#7089,#7088,$,.ELEMENT.);
#7091=IFCPROPERTYSINGLEVALUE('osm_id',$,IFCLABEL('way/556016'),$);
#7092=IFCPROPERTYSINGLEVALUE('height_source',$,IFCLABEL('tag:levels'),$);
#7093=IFCPROPERTYSINGLEVALUE('height_m',$,IFCREAL(18.),$);
#7094=IFCPROPERTYSET('0wnLwTPmnKuvbnBFYcVy6A',$,'Pset_SiteContext',$,(#7091,#7092,#7093));
#7095=IFCRELDEFINESBYPROPERTIES('0vbrYGdd02I1X9$4El84jy',$,$,$,(#7090),#7094);
#7096=IFCCARTESIANPOINT((-186.511825382011,13.753907712176442));
#7097=IFCCARTESIANPOINT((-190.11120229575317,3.475426341407001));
#7098=IFCCARTESIANPOINT((-189.1234989123186,0.4538037134334445));
#7099=IFCCARTESIANPOINT((-179.5798406766262,-5.206975701265037));
#7100=IFCCARTESIANPOINT((-155.7535393271828,-19.34746347181499));
#7101=IFCCARTESIANPOINT((-141.92358132265508,-27.556549908593297));
#7102=IFCCARTESIANPOINT((-137.4754313287558,-18.452612274326384));
#7103=IFCCARTESIANPOINT((-112.41378847148735,-27.832656864076853));
#7104=IFCCARTESIANPOINT((-111.56567042891402,-25.526697288267314));
#7105=IFCCARTESIANPOINT((-107.22109010571148,-13.8420737888664));
#7106=IFCCARTESIANPOINT((-106.7481530335499,-12.54493703879416));
#7107=IFCPOLYLINE((#7096,#7097,#7098,#7099,#7100,#7101,#7102,#7103,#7104,#7105,#7106,#7096));
#7108=IFCARBITRARYCLOSEDPROFILEDEF(.AREA.,$,#7107);
#7109=IFCEXTRUDEDAREASOLID(#7108,#8,#6,18.);
#7110=IFCSHAPEREPRESENTATION(#11,'Body','SweptSolid',(#7109));
#7111=IFCPRODUCTDEFINITIONSHAPE($,$,(#7110));
#7112=IFCLOCALPLACEMENT(#13,#8);
#7113=IFCBUILDINGELEMENTPROXY('2IaGMf19kFYWkdtxgkVuN1',$,'Building 556016',$,$,#7112,#7111,$,.ELEMENT.);
#7114=IFCPROPERTYSINGLEVALUE('osm_id',$,IFCLABEL('way/556016'),$);
#7115=IFCPROPERTYSINGLEVALUE('height_source',$,IFCLABEL('tag:levels'),$);
#7116=IFCPROPERTYSINGLEVALUE('height_m',$,IFCREAL(18.),$);
#7117=IFCPROPERTYSET('0A_c6Hvm81GKGon9S8qTk1',$,'Pset_SiteContext',$,(#7114,#7115,#7116));
#7118=IFCRELDEFINESBYPROPERTIES('2ZYsBIJHZ3R1IdPe4hKLhN',$,$,$,(#7113),#7117);
#7119=IFCCARTESIANPOINT((231.66561854351312,-187.56433332618326));
#7120=IFCCARTESIANPOINT((232.2894913846394,-186.64647850114852));
#7121=IFCCARTESIANPOINT((235.9734808682697,-181.20558352582157));
#7122=IFCCARTESIANPOINT((228.21258643700276,-179.0961719127372));
#7123=IFCCARTESIANPOINT((225.62649502139539,-178.58578368462622));
#7124=IFCCARTESIANPOINT((219.841335449717,-177.14856359921396));
#7125=IFCCARTESIANPOINT((218.6256958639715,-176.8495204327628));
#7126=IFCCARTESIANPOINT((218.60141381493304,-177.12731855083257));
#7127=IFCCARTESIANPOINT((218.14385061641224,-182.83918804582208));
#7128=IFCPOLYLINE((#7119,#7120,#7121,#7122,#7123,#7124,#7125,#7126,#7127,#7119));
#7129=IFCARBITRARYCLOSEDPROFILEDEF(.AREA.,$,#7128);
#7130=IFCEXTRUDEDAREASOLID(#7129,#8,#6,21.);
#7131=IFCSHAPEREPRESENTATION(#11,'Body','SweptSolid',(#7130));
#7132=IFCPRODUCTDEFINITIONSHAPE($,$,(#7131));
#7133=IFCLOCALPLACEMENT(#13,#8);
#7134=IFCBUILDINGELEMENTPROXY('2IVOBlS_b8PuBUt05UHsWC',$,'Building 557241',$,$,#7133,#7132,$,.ELEMENT.);
#7135=IFCPROPERTYSINGLEVALUE('osm_id',$,IFCLABEL('way/557241'),$);
#7136=IFCPROPERTYSINGLEVALUE('height_source',$,IFCLABEL('tag:levels'),$);
#7137=IFCPROPERTYSINGLEVALUE('height_m',$,IFCREAL(21.),$);
#7138=IFCPROPERTYSET('1IHhZcM1M9qAizMLR8H9v0',$,'Pset_SiteContext',$,(#7135,#7136,#7137));
#7139=IFCRELDEFINESBYPROPERTIES('32EJCeIhyIA1q7aLfz0UEh',$,$,$,(#7134),#7138);
#7140=IFCCARTESIANPOINT((135.8325140940724,-172.4031999176368));
#7141=IFCCARTESIANPOINT((134.83991079905536,-171.75012818165123));
#7142=IFCCARTESIANPOINT((133.32192979182582,-170.73692280985415));
#7143=IFCCARTESIANPOINT((132.68703756353352,-170.30917421914637));
#7144=IFCCARTESIANPOINT((128.97225283063017,-167.84353361465037));
#7145=IFCCARTESIANPOINT((124.40355189261027,-164.81491061486304));
#7146=IFCCARTESIANPOINT((121.93681619339623,-163.17122692242265));
#7147=IFCCARTESIANPOINT((121.1206107463222,-164.27653391472995));
#7148=IFCCARTESIANPOINT((116.03480877855327,-172.43025067355484));
#7149=IFCCARTESIANPOINT((116.3201462959405,-172.53266453836113));
#7150=IFCCARTESIANPOINT((116.05117902217899,-173.11981585528702));
#7151=IFCCARTESIANPOINT((117.09304901806172,-174.02905073482543));
#7152=IFCCARTESIANPOINT((113.13961985369679,-180.10149799194187));
#7153=IFCCARTESIANPOINT((115.0235577065032,-181.22890215273947));
#7154=IFCCARTESIANPOINT((120.72646422078833,-184.64488852210343));
#7155=IFCCARTESIANPOINT((125.85245490027592,-187.72255307808518));
#7156=IFCPOLYLINE((#7140,#7141,#7142,#7143,#7144,#7145,#7146,#7147,#7148,#7149,#7150,#7151,#7152,#7153,#7154,#7155,#7140));
#7157=IFCARBITRARYCLOSEDPROFILEDEF(.AREA.,$,#7156);
#7158=IFCEXTRUDEDAREASOLID(#7157,#8,#6,9.);
#7159=IFCSHAPEREPRESENTATION(#11,'Body','SweptSolid',(#7158));
#7160=IFCPRODUCTDEFINITIONSHAPE($,$,(#7159));
#7161=IFCLOCALPLACEMENT(#13,#8);
#7162=IFCBUILDINGELEMENTPROXY('1LQ29n2Xqi6itx0cgdOyPP',$,'Building 557242',$,$,#7161,#7160,$,.ELEMENT.);
#7163=IFCPROPERTYSINGLEVALUE('osm_id',$,IFCLABEL('way/557242'),$);
#7164=IFCPROPERTYSINGLEVALUE('height_source',$,IFCLABEL('fallback'),$);
#7165=IFCPROPERTYSINGLEVALUE('height_m',$,IFCREAL(9.),$);
#7166=IFCPROPERTYSET('2MOCauGc6z_jjz$KczOkko',$,'Pset_SiteContext',$,(#7163,#7164,#7165));
#7167=IFCRELDEFINESBYPROPERTIES('0wmA7OYUsZGlHx9wVLg4IZ',$,$,$,(#7162),#7166);
#7168=IFCCARTESIANPOINT((189.01483244099654,-211.30158795416355));
#7169=IFCCARTESIANPOINT((190.08540882915258,-209.59787822701037));
#7170=IFCCARTESIANPOINT((189.5674521564506,-209.226690816693));
#7171=IFCCARTESIANPOINT((187.3787730379263,-207.6742667146027));
#7172=IFCCARTESIANPOINT((186.21876086003613,-206.8530382718891));
#7173=IFCCARTESIANPOINT((182.55647293583024,-204.24330399092287));
#7174=IFCCARTESIANPOINT((174.86310086771846,-217.21289529185742));
#7175=IFCCARTESIANPOINT((178.62023468117695,-219.89012841321528));
#7176=IFCCARTESIANPOINT((182.23144160257652,-222.46608778182417));
#7177=IFCCARTESIANPOINT((182.49270347040147,-221.92335010133684));
#7178=IFCPOLYLINE((#7168,#7169,#7170,#7171,#7172,#7173,#7174,#7175,#7176,#7177,#7168));
#7179=IFCARBITRARYCLOSEDPROFILEDEF(.AREA.,$,#7178);
#7180=IFCEXTRUDEDAREASOLID(#7179,#8,#6,15.);
#7181=IFCSHAPEREPRESENTATION(#11,'Body','SweptSolid',(#7180));
#7182=IFCPRODUCTDEFINITIONSHAPE($,$,(#7181));
#7183=IFCLOCALPLACEMENT(#13,#8);
#7184=IFCBUILDINGELEMENTPROXY('1r_d2CofA72e29BOohwzRn',$,'Building 557243',$,$,#7183,#7182,$,.ELEMENT.);
#7185=IFCPROPERTYSINGLEVALUE('osm_id',$,IFCLABEL('way/557243'),$);
#7186=IFCPROPERTYSINGLEVALUE('height_source',$,IFCLABEL('tag:levels'),$);
#7187=IFCPROPERTYSINGLEVALUE('height_m',$,IFCREAL(15.),$);
#7188=IFCPROPERTYSET('0rl53$3n3myQ$afjVgorc8',$,'Pset_SiteContext',$,(#7185,#7186,#7187));
#7189=IFCRELDEFINESBYPROPERTIES('39_nyIcwaqa7bZPRPqebsP',$,$,$,(#7184),#7188);
#7190=IFCCARTESIANPOINT((267.49834159901366,-111.76356614846736));
#7191=IFCCARTESIANPOINT((268.18847861874383,-113.5150143140927));
#7192=IFCCARTESIANPOINT((267.1090632871492,-115.4077050127089));
#7193=IFCCARTESIANPOINT((276.40570862439927,-119.94260205049068));
#7194=IFCCARTESIANPOINT((280.0764821572229,-114.3125313129276));
#7195=IFCCARTESIANPOINT((283.59126186417416,-108.91470301616937));
#7196=IFCCARTESIANPOINT((276.73890810401645,-106.97956153657287));
#7197=IFCCARTESIANPOINT((277.32546115887817,-104.33781840000302));
#7198=IFCCARTESIANPOINT((271.10990486328956,-103.49761036131531));
#7199=IFCCARTESIANPOINT((270.22006277320907,-107.3378239814192));
#7200=IFCCARTESIANPOINT((261.9929585478967,-103.02291992586106));
#7201=IFCCARTESIANPOINT((260.0160162168322,-106.99882081057876));
#7202=IFCCARTESIANPOINT((265.42498900857754,-110.46786779910326));
#7203=IFCPOLYLINE((#7190,#7191,#7192,#7193,#7194,#7195,#7196,#7197,#7198,#7199,#7200,#7201,#7202,#7190));
#7204=IFCARBITRARYCLOSEDPROFILEDEF(.AREA.,$,#7203);
#7205=IFCEXTRUDEDAREASOLID(#7204,#8,#6,9.);
#7206=IFCSHAPEREPRESENTATION(#11,'Body','SweptSolid',(#7205));
#7207=IFCPRODUCTDEFINITIONSHAPE($,$,(#7206));
#7208=IFCLOCALPLACEMENT(#13,#8);
#7209=IFCBUILDINGELEMENTPROXY('36PzKdTkcRxN3XDLCCjEC_',$,'Building 557932',$,$,#7208,#7207,$,.ELEMENT.);
#7210=IFCPROPERTYSINGLEVALUE('osm_id',$,IFCLABEL('way/557932'),$);
#7211=IFCPROPERTYSINGLEVALUE('height_source',$,IFCLABEL('fallback'),$);
#7212=IFCPROPERTYSINGLEVALUE('height_m',$,IFCREAL(9.),$);
#7213=IFCPROPERTYSET('2dxBCdRr0xcKMwHKE3bsv5',$,'Pset_SiteContext',$,(#7210,#7211,#7212));
#7214=IFCRELDEFINESBYPROPERTIES('1yVlyJKQeujo4oO9_9w82E',$,$,$,(#7209),#7213);
#7215=IFCCARTESIANPOINT((305.58143067429774,-64.93701410014182));
#7216=IFCCARTESIANPOINT((311.0415501118405,-49.52490491233766));
#7217=IFCCARTESIANPOINT((310.27694873465225,-47.90629246458411));
#7218=IFCCARTESIANPOINT((309.7215917282738,-46.72306015715003));
#7219=IFCCARTESIANPOINT((309.3682322775712,-45.96402913238853));
#7220=IFCCARTESIANPOINT((308.59647592750844,-44.32311835791916));
#7221=IFCCARTESIANPOINT((301.86657102103345,-41.77741040382534));
#7222=IFCCARTESIANPOINT((301.6948246706743,-42.142965958453715));
#7223=IFCCARTESIANPOINT((290.9697966274107,-38.21917183790356));
#7224=IFCCARTESIANPOINT((291.10531098302454,-37.797721818089485));
#7225=IFCCARTESIANPOINT((283.52648553298786,-34.97819349355996));
#7226=IFCCARTESIANPOINT((279.5907855805708,-33.51163314282894));
#7227=IFCCARTESIANPOINT((279.3959383192705,-34.010438084602356));
#7228=IFCCARTESIANPOINT((276.00907662091777,-32.72626936528832));
#7229=IFCCARTESIANPOINT((268.68697510671336,-29.91993521247059));
#7230=IFCCARTESIANPOINT((268.82919312722515,-29.57637944072485));
#7231=IFCCARTESIANPOINT((265.3983133493457,-28.29184535332024));
#7232=IFCCARTESIANPOINT((263.54736331279855,-27.62067229859531));
#7233=IFCCARTESIANPOINT((261.5647983941017,-26.89282547030598));
#7234=IFCCARTESIANPOINT((257.1742097736569,-38.910939171910286));
#7235=IFCCARTESIANPOINT((256.85191837430466,-38.84159017261118));
#7236=IFCCARTESIANPOINT((255.43280092533678,-42.79980333335698));
#7237=IFCCARTESIANPOINT((254.79609931691084,-42.5944502344355));
#7238=IFCCARTESIANPOINT((253.94024354044814,-44.967118063010275));
#7239=IFCCARTESIANPOINT((254.5395335946232,-45.26112491078675));
#7240=IFCCARTESIANPOINT((253.49734412680846,-47.98810788523406));
#7241=IFCCARTESIANPOINT((252.90484661143273,-47.76087557338178));
#7242=IFCCARTESIANPOINT((252.4024573188508,-49.08004009537399));
#7243=IFCCARTESIANPOINT((251.9976289946353,-50.133123896084726));
#7244=IFCCARTESIANPOINT((252.6413963206578,-50.37189454678446));
#7245=IFCCARTESIANPOINT((251.1793389894301,-54.196317529305816));
#7246=IFCCARTESIANPOINT((251.4718287026044,-54.32102296408266));
#7247=IFCCARTESIANPOINT((246.91887313034385,-66.44900019280612));
#7248=IFCCARTESIANPOINT((247.07965655450244,-66.52815146464854));
#7249=IFCCARTESIANPOINT((249.4522335815709,-70.71746400278062));
#7250=IFCCARTESIANPOINT((249.39869524445385,-70.98390385042876));
#7251=IFCCARTESIANPOINT((255.4564120793948,-72.27876222319901));
#7252=IFCCARTESIANPOINT((258.9797173081897,-73.03030215855688));
#7253=IFCCARTESIANPOINT((259.09204370121006,-72.7532220305875));
#7254=IFCCARTESIANPOINT((261.51630883442704,-73.30675525218248));
#7255=IFCCARTESIANPOINT((266.9361459562788,-74.5407978426665));
#7256=IFCCARTESIANPOINT((270.2832699504215,-75.30201346054673));
#7257=IFCCARTESIANPOINT((270.2151487902738,-75.55721466243267));
#7258=IFCCARTESIANPOINT((273.7968835659558,-76.34258175827563));
#7259=IFCCARTESIANPOINT((276.6388292304473,-76.96623468864709));
#7260=IFCCARTESIANPOINT((276.72235009097494,-76.62220010347664));
#7261=IFCCARTESIANPOINT((279.2052255886374,-77.18732378352433));
#7262=IFCCARTESIANPOINT((287.90634475904517,-79.15977844782174));
#7263=IFCCARTESIANPOINT((287.8528081215918,-79.42621863353997));
#7264=IFCCARTESIANPOINT((292.45224658888765,-80.48674942646176));
#7265=IFCCARTESIANPOINT((297.95262504532,-81.74365924764425));
#7266=IFCCARTESIANPOINT((299.07305101444945,-81.11896122153848));
#7267=IFCCARTESIANPOINT((300.04609763994813,-80.57090056408197));
#7268=IFCPOLYLINE((#7215,#7216,#7217,#7218,#7219,#7220,#7221,#7222,#7223,#7224,#7225,#7226,#7227,#7228,#7229,#7230,#7231,#7232,#7233,#7234,#7235,#7236,#7237,#7238,#7239,#7240,#7241,#7242,#7243,#7244,#7245,#7246,#7247,#7248,#7249,#7250,#7251,#7252,#7253,#7254,#7255,#7256,#7257,#7258,#7259,#7260,#7261,#7262,#7263,#7264,#7265,#7266,#7267,#7215));
#7269=IFCARBITRARYCLOSEDPROFILEDEF(.AREA.,$,#7268);
#7270=IFCEXTRUDEDAREASOLID(#7269,#8,#6,15.);
#7271=IFCSHAPEREPRESENTATION(#11,'Body','SweptSolid',(#7270));
#7272=IFCPRODUCTDEFINITIONSHAPE($,$,(#7271));
#7273=IFCLOCALPLACEMENT(#13,#8);
#7274=IFCBUILDINGELEMENTPROXY('3Fp7IVQeU76169WRBbw_kR',$,'Académie du Climat',$,$,#7273,#7272,$,.ELEMENT.);
#7275=IFCPROPERTYSINGLEVALUE('osm_id',$,IFCLABEL('way/558038'),$);
#7276=IFCPROPERTYSINGLEVALUE('height_source',$,IFCLABEL('tag:levels'),$);
#7277=IFCPROPERTYSINGLEVALUE('height_m',$,IFCREAL(15.),$);
#7278=IFCPROPERTYSET('3SwDLvYo9pFCfOFMsUCewh',$,'Pset_SiteContext',$,(#7275,#7276,#7277));
#7279=IFCRELDEFINESBYPROPERTIES('0t4rvwSqQ3R6kREAibRx2A',$,$,$,(#7274),#7278);
#7280=IFCCARTESIANPOINT((-57.24964841606561,120.40900956001133));
#7281=IFCCARTESIANPOINT((-52.18954967916943,134.3673862265423));
#7282=IFCCARTESIANPOINT((-50.02728423313238,140.34324734751135));
#7283=IFCCARTESIANPOINT((-76.3524400953902,149.46654516737908));
#7284=IFCCARTESIANPOINT((-77.24636874417774,146.93855612911284));
#7285=IFCCARTESIANPOINT((-72.9924404702615,144.93538001272827));
#7286=IFCCARTESIANPOINT((-74.8896202284377,139.96925872005522));
#7287=IFCCARTESIANPOINT((-82.64858530112542,126.17763947695494));
#7288=IFCCARTESIANPOINT((-72.34137664933223,121.47818513866514));
#7289=IFCCARTESIANPOINT((-61.07647802727297,116.34832644090056));
#7290=IFCCARTESIANPOINT((-59.624790603644215,117.10367351770401));
#7291=IFCCARTESIANPOINT((-58.17301222390961,117.87014010269195));
#7292=IFCPOLYLINE((#7280,#7281,#7282,#7283,#7284,#7285,#7286,#7287,#7288,#7289,#7290,#7291,#7280));
#7293=IFCARBITRARYCLOSEDPROFILEDEF(.AREA.,$,#7292);
#7294=IFCEXTRUDEDAREASOLID(#7293,#8,#6,21.);
#7295=IFCSHAPEREPRESENTATION(#11,'Body','SweptSolid',(#7294));
#7296=IFCPRODUCTDEFINITIONSHAPE($,$,(#7295));
#7297=IFCLOCALPLACEMENT(#13,#8);
#7298=IFCBUILDINGELEMENTPROXY('3S8GpJ47faqTJ5Eh1vi$4X',$,'Building 558386',$,$,#7297,#7296,$,.ELEMENT.);
#7299=IFCPROPERTYSINGLEVALUE('osm_id',$,IFCLABEL('way/558386'),$);
#7300=IFCPROPERTYSINGLEVALUE('height_source',$,IFCLABEL('tag:levels'),$);
#7301=IFCPROPERTYSINGLEVALUE('height_m',$,IFCREAL(21.),$);
#7302=IFCPROPERTYSET('1E55bduMdTLEbbKw7pvfbd',$,'Pset_SiteContext',$,(#7299,#7300,#7301));
#7303=IFCRELDEFINESBYPROPERTIES('3zY4krGS5_QTQ7deBzEXN_',$,$,$,(#7298),#7302);
#7304=IFCCARTESIANPOINT((-74.8896202284377,139.96925872005522));
#7305=IFCCARTESIANPOINT((-72.9924404702615,144.93538001272827));
#7306=IFCCARTESIANPOINT((-77.24636874417774,146.93855612911284));
#7307=IFCCARTESIANPOINT((-83.55402336933184,149.9260445078835));
#7308=IFCCARTESIANPOINT((-86.09080421098042,144.80950489640236));
#7309=IFCCARTESIANPOINT((-96.1433578642318,132.282182328403));
#7310=IFCCARTESIANPOINT((-89.37410132098012,129.21304730977863));
#7311=IFCCARTESIANPOINT((-82.64858530112542,126.17763947695494));
#7312=IFCPOLYLINE((#7304,#7305,#7306,#7307,#7308,#7309,#7310,#7311,#7304));
#7313=IFCARBITRARYCLOSEDPROFILEDEF(.AREA.,$,#7312);
#7314=IFCEXTRUDEDAREASOLID(#7313,#8,#6,21.);
#7315=IFCSHAPEREPRESENTATION(#11,'Body','SweptSolid',(#7314));
#7316=IFCPRODUCTDEFINITIONSHAPE($,$,(#7315));
#7317=IFCLOCALPLACEMENT(#13,#8);
#7318=IFCBUILDINGELEMENTPROXY('1ckx7aZ4aMawRZQkOp1oaQ',$,'Building 558387',$,$,#7317,#7316,$,.ELEMENT.);
#7319=IFCPROPERTYSINGLEVALUE('osm_id',$,IFCLABEL('way/558387'),$);
#7320=IFCPROPERTYSINGLEVALUE('height_source',$,IFCLABEL('tag:levels'),$);
#7321=IFCPROPERTYSINGLEVALUE('height_m',$,IFCREAL(21.),$);
#7322=IFCPROPERTYSET('1Ph5gLbv8u7hAEZSMAYZQe',$,'Pset_SiteContext',$,(#7319,#7320,#7321));
#7323=IFCRELDEFINESBYPROPERTIES('2zdZ6UcDLVyTPsEn8iqLCq',$,$,$,(#7318),#7322);
#7324=IFCCARTESIANPOINT((-107.87042421952356,177.56983850710094));
#7325=IFCCARTESIANPOINT((-104.54084167513065,184.51463366672397));
#7326=IFCCARTESIANPOINT((-104.36688186286483,185.14703725092113));
#7327=IFCCARTESIANPOINT((-104.77386209159158,187.40772207267582));
#7328=IFCCARTESIANPOINT((-101.45310821884777,187.92529315780848));
#7329=IFCCARTESIANPOINT((-100.86910585174337,188.45424651633948));
#7330=IFCCARTESIANPOINT((-100.59243012184743,189.0858057262376));
#7331=IFCCARTESIANPOINT((-100.29987119405996,192.54168752022088));
#7332=IFCCARTESIANPOINT((-110.19318666239269,195.80332540906966));
#7333=IFCCARTESIANPOINT((-109.93888663151301,196.39058863930404));
#7334=IFCCARTESIANPOINT((-118.06757007574197,199.2040533516556));
#7335=IFCCARTESIANPOINT((-120.72970754955895,193.12112696561962));
#7336=IFCCARTESIANPOINT((-123.93787031865213,185.77502555120736));
#7337=IFCPOLYLINE((#7324,#7325,#7326,#7327,#7328,#7329,#7330,#7331,#7332,#7333,#7334,#7335,#7336,#7324));
#7338=IFCARBITRARYCLOSEDPROFILEDEF(.AREA.,$,#7337);
#7339=IFCEXTRUDEDAREASOLID(#7338,#8,#6,9.);
#7340=IFCSHAPEREPRESENTATION(#11,'Body','SweptSolid',(#7339));
#7341=IFCPRODUCTDEFINITIONSHAPE($,$,(#7340));
#7342=IFCLOCALPLACEMENT(#13,#8);
#7343=IFCBUILDINGELEMENTPROXY('2PfZ5zhNziI$6u9adnN_WZ',$,'Building 558388',$,$,#7342,#7341,$,.ELEMENT.);
#7344=IFCPROPERTYSINGLEVALUE('osm_id',$,IFCLABEL('way/558388'),$);
#7345=IFCPROPERTYSINGLEVALUE('height_source',$,IFCLABEL('fallback'),$);
#7346=IFCPROPERTYSINGLEVALUE('height_m',$,IFCREAL(9.),$);
#7347=IFCPROPERTYSET('3s4X5sP79W1sl2st7a8mhy',$,'Pset_SiteContext',$,(#7344,#7345,#7346));
#7348=IFCRELDEFINESBYPROPERTIES('2$qvF6otQrBureVLMD3jk1',$,$,$,(#7343),#7347);
#7349=IFCCARTESIANPOINT((-48.21567039936781,167.95017623528838));
#7350=IFCCARTESIANPOINT((-55.55471583199687,171.32418156322092));
#7351=IFCCARTESIANPOINT((-63.391263008350506,173.97949044313282));
#7352=IFCCARTESIANPOINT((-65.34048573533073,168.03524206578732));
#7353=IFCCARTESIANPOINT((-66.29088098276407,164.88500100094825));
#7354=IFCCARTESIANPOINT((-68.01149397192057,165.33281316421926));
#7355=IFCCARTESIANPOINT((-69.96678210876416,159.54429500736296));
#7356=IFCCARTESIANPOINT((-72.09671102534048,160.18450961541384));
#7357=IFCCARTESIANPOINT((-74.84610208042432,153.30164913088083));
#7358=IFCCARTESIANPOINT((-80.16396985785104,155.3024504110217));
#7359=IFCCARTESIANPOINT((-81.09643809648696,153.44197199959308));
#7360=IFCCARTESIANPOINT((-81.8520894217072,151.6689997278154));
#7361=IFCCARTESIANPOINT((-76.3524400953902,149.46654516737908));
#7362=IFCCARTESIANPOINT((-50.02728423313238,140.34324734751135));
#7363=IFCCARTESIANPOINT((-48.45118490396999,144.63370029069483));
#7364=IFCCARTESIANPOINT((-46.289474859368056,150.54284846782684));
#7365=IFCCARTESIANPOINT((-44.7432765426347,154.76682894304395));
#7366=IFCCARTESIANPOINT((-41.1104848299874,164.6892995852977));
#7367=IFCCARTESIANPOINT((-42.76920867024455,165.52579222805798));
#7368=IFCPOLYLINE((#7349,#7350,#7351,#7352,#7353,#7354,#7355,#7356,#7357,#7358,#7359,#7360,#7361,#7362,#7363,#7364,#7365,#7366,#7367,#7349));
#7369=IFCARBITRARYCLOSEDPROFILEDEF(.AREA.,$,#7368);
#7370=IFCEXTRUDEDAREASOLID(#7369,#8,#6,21.);
#7371=IFCSHAPEREPRESENTATION(#11,'Body','SweptSolid',(#7370));
#7372=IFCPRODUCTDEFINITIONSHAPE($,$,(#7371));
#7373=IFCLOCALPLACEMENT(#13,#8);
#7374=IFCBUILDINGELEMENTPROXY('0xwLhZ7OtjdUck5YduOYyM',$,'Building 558389',$,$,#7373,#7372,$,.ELEMENT.);
#7375=IFCPROPERTYSINGLEVALUE('osm_id',$,IFCLABEL('way/558389'),$);
#7376=IFCPROPERTYSINGLEVALUE('height_source',$,IFCLABEL('tag:levels'),$);
#7377=IFCPROPERTYSINGLEVALUE('height_m',$,IFCREAL(21.),$);
#7378=IFCPROPERTYSET('3gir7FO1L9wVQE7dhyoM4z',$,'Pset_SiteContext',$,(#7375,#7376,#7377));
#7379=IFCRELDEFINESBYPROPERTIES('1vpw0f1RGqVQM3WPtsvatW',$,$,$,(#7374),#7378);
#7380=IFCCARTESIANPOINT((-103.92245859734248,149.9600440170616));
#7381=IFCCARTESIANPOINT((-103.24151786824223,150.67723809741437));
#7382=IFCCARTESIANPOINT((-107.19020616495982,152.32209018617868));
#7383=IFCCARTESIANPOINT((-107.51769426488318,151.75766862928867));
#7384=IFCCARTESIANPOINT((-108.09447774430737,152.10712808277458));
#7385=IFCCARTESIANPOINT((-106.18899938149843,156.29477855656296));
#7386=IFCCARTESIANPOINT((-104.58406323683448,156.94877545442432));
#7387=IFCCARTESIANPOINT((-104.01333702239208,156.75504461769015));
#7388=IFCCARTESIANPOINT((-102.58501420204993,160.02366871666163));
#7389=IFCCARTESIANPOINT((-97.85475242417306,157.94983824063092));
#7390=IFCCARTESIANPOINT((-88.75022280681878,175.65570248290896));
#7391=IFCCARTESIANPOINT((-90.46836313605309,176.4037381755188));
#7392=IFCCARTESIANPOINT((-92.33545945491642,177.775712845847));
#7393=IFCCARTESIANPOINT((-103.15725412336178,183.23558955546468));
#7394=IFCCARTESIANPOINT((-104.54084167513065,184.51463366672397));
#7395=IFCCARTESIANPOINT((-107.87042421952356,177.56983850710094));
#7396=IFCCARTESIANPOINT((-102.97517824277747,175.03873116336763));
#7397=IFCCARTESIANPOINT((-109.19336395384744,163.02477775979787));
#7398=IFCCARTESIANPOINT((-111.13133875024505,163.80798690766096));
#7399=IFCCARTESIANPOINT((-114.01244648231659,159.65060106199235));
#7400=IFCCARTESIANPOINT((-117.43747619516216,154.48578014411032));
#7401=IFCCARTESIANPOINT((-123.68813935725484,144.77392831258476));
#7402=IFCCARTESIANPOINT((-116.70705484133214,141.59181950148195));
#7403=IFCCARTESIANPOINT((-108.95098878641147,138.06974976416677));
#7404=IFCPOLYLINE((#7380,#7381,#7382,#7383,#7384,#7385,#7386,#7387,#7388,#7389,#7390,#7391,#7392,#7393,#7394,#7395,#7396,#7397,#7398,#7399,#7400,#7401,#7402,#7403,#7380));
#7405=IFCARBITRARYCLOSEDPROFILEDEF(.AREA.,$,#7404);
#7406=IFCEXTRUDEDAREASOLID(#7405,#8,#6,21.);
#7407=IFCSHAPEREPRESENTATION(#11,'Body','SweptSolid',(#7406));
#7408=IFCPRODUCTDEFINITIONSHAPE($,$,(#7407));
#7409=IFCLOCALPLACEMENT(#13,#8);
#7410=IFCBUILDINGELEMENTPROXY('2e7A6p23JyE6caDD8cTnRn',$,'Building 558390',$,$,#7409,#7408,$,.ELEMENT.);
#7411=IFCPROPERTYSINGLEVALUE('osm_id',$,IFCLABEL('way/558390'),$);
#7412=IFCPROPERTYSINGLEVALUE('height_source',$,IFCLABEL('tag:levels'),$);
#7413=IFCPROPERTYSINGLEVALUE('height_m',$,IFCREAL(21.),$);
#7414=IFCPROPERTYSET('3LjghEJYMCKzSNvy8qxlic',$,'Pset_SiteContext',$,(#7411,#7412,#7413));
#7415=IFCRELDEFINESBYPROPERTIES('1gzHXb6CFfWbCEoGSKjGEB',$,$,$,(#7410),#7414);
#7416=IFCCARTESIANPOINT((-180.48615833290387,239.34908327367157));
#7417=IFCCARTESIANPOINT((-168.4298606531229,235.02424347121269));
#7418=IFCCARTESIANPOINT((-164.25097265664954,246.1986970929429));
#7419=IFCCARTESIANPOINT((-156.7482178218197,266.29731398355216));
#7420=IFCCARTESIANPOINT((-158.62339552876074,271.13878739252687));
#7421=IFCCARTESIANPOINT((-163.40665316709783,273.8914206465706));
#7422=IFCCARTESIANPOINT((-165.9280332645867,267.9741509621963));
#7423=IFCCARTESIANPOINT((-163.4703788094921,267.04208538495004));
#7424=IFCCARTESIANPOINT((-164.25538836419582,265.26936384197325));
#7425=IFCCARTESIANPOINT((-166.4939467534423,266.0773069448769));
#7426=IFCCARTESIANPOINT((-166.2399185972754,266.6312105907127));
#7427=IFCCARTESIANPOINT((-166.43727955012582,266.7217947151512));
#7428=IFCCARTESIANPOINT((-166.36850206647068,267.05482552107424));
#7429=IFCCARTESIANPOINT((-171.29793351015542,268.985795895569));
#7430=IFCCARTESIANPOINT((-172.16872219915967,269.27096362318844));
#7431=IFCCARTESIANPOINT((-174.39968675747514,264.7635339926928));
#7432=IFCCARTESIANPOINT((-179.67138265352696,267.00868713576347));
#7433=IFCCARTESIANPOINT((-185.94098006736021,254.105637954548));
#7434=IFCCARTESIANPOINT((-191.16568084759638,243.3512499993667));
#7435=IFCPOLYLINE((#7416,#7417,#7418,#7419,#7420,#7421,#7422,#7423,#7424,#7425,#7426,#7427,#7428,#7429,#7430,#7431,#7432,#7433,#7434,#7416));
#7436=IFCARBITRARYCLOSEDPROFILEDEF(.AREA.,$,#7435);
#7437=IFCEXTRUDEDAREASOLID(#7436,#8,#6,21.);
#7438=IFCSHAPEREPRESENTATION(#11,'Body','SweptSolid',(#7437));
#7439=IFCPRODUCTDEFINITIONSHAPE($,$,(#7438));
#7440=IFCLOCALPLACEMENT(#13,#8);
#7441=IFCBUILDINGELEMENTPROXY('0Sudtczy7jbWL3jcvM_e7s',$,'Building 558408',$,$,#7440,#7439,$,.ELEMENT.);
#7442=IFCPROPERTYSINGLEVALUE('osm_id',$,IFCLABEL('way/558408'),$);
#7443=IFCPROPERTYSINGLEVALUE('height_source',$,IFCLABEL('tag:levels'),$);
#7444=IFCPROPERTYSINGLEVALUE('height_m',$,IFCREAL(21.),$);
#7445=IFCPROPERTYSET('2irOcZj1wtims9Pvgh9zvv',$,'Pset_SiteContext',$,(#7442,#7443,#7444));
#7446=IFCRELDEFINESBYPROPERTIES('1sZxBaC3c_aKnqdQpMh83K',$,$,$,(#7441),#7445);
#7447=IFCCARTESIANPOINT((-48.50370052200742,260.63687175605446));
#7448=IFCCARTESIANPOINT((-48.665110061876476,260.63819738663733));
#7449=IFCCARTESIANPOINT((-49.99127491482068,261.7610791195184));
#7450=IFCCARTESIANPOINT((-49.97587074351031,261.849911804311));
#7451=IFCCARTESIANPOINT((-50.67581959068775,262.389415779151));
#7452=IFCCARTESIANPOINT((-50.77844339737203,262.40137855056673));
#7453=IFCCARTESIANPOINT((-53.21459432714619,264.1672120215371));
#7454=IFCCARTESIANPOINT((-53.4181066142628,264.40240150596946));
#7455=IFCCARTESIANPOINT((-53.69507813639939,264.62707447167486));
#7456=IFCCARTESIANPOINT((-54.05945182777941,264.93030465673655));
#7457=IFCCARTESIANPOINT((-54.191879403195344,264.88691278733313));
#7458=IFCCARTESIANPOINT((-55.53262445679866,266.0210355045274));
#7459=IFCCARTESIANPOINT((-55.51694621122442,266.14322562702));
#7460=IFCCARTESIANPOINT((-56.37041859549936,266.7507107714191));
#7461=IFCCARTESIANPOINT((-71.92963209224399,243.0263532595709));
#7462=IFCCARTESIANPOINT((-70.55156118387822,241.96975957229733));
#7463=IFCCARTESIANPOINT((-68.40796538221184,240.3175218384713));
#7464=IFCCARTESIANPOINT((-62.41722685471177,236.27626026887447));
#7465=IFCCARTESIANPOINT((-58.7710928581655,241.57273887470365));
#7466=IFCCARTESIANPOINT((-58.70533548214007,241.53883901331574));
#7467=IFCCARTESIANPOINT((-58.18563834147062,242.27960313670337));
#7468=IFCCARTESIANPOINT((-58.279829613282345,242.42493554763496));
#7469=IFCCARTESIANPOINT((-57.26071079692338,244.11790855042636));
#7470=IFCCARTESIANPOINT((-56.434907154762186,245.50111251417547));
#7471=IFCCARTESIANPOINT((-56.35401950508822,245.52268788591027));
#7472=IFCCARTESIANPOINT((-53.88367380585987,249.70571831893176));
#7473=IFCCARTESIANPOINT((-53.94145499600563,249.81739190779626));
#7474=IFCCARTESIANPOINT((-51.986485033878125,252.89266653731465));
#7475=IFCCARTESIANPOINT((-51.891106541850604,252.89188315533102));
#7476=IFCCARTESIANPOINT((-51.39975392038468,253.75519963912666));
#7477=IFCCARTESIANPOINT((-51.36261326551903,253.81049408763647));
#7478=IFCCARTESIANPOINT((-51.4059948255308,253.88868968747556));
#7479=IFCCARTESIANPOINT((-48.407803069916554,258.91249970998615));
#7480=IFCCARTESIANPOINT((-48.30517919675913,258.9005369814113));
#7481=IFCCARTESIANPOINT((-47.62867260654457,259.97361128591));
#7482=IFCPOLYLINE((#7447,#7448,#7449,#7450,#7451,#7452,#7453,#7454,#7455,#7456,#7457,#7458,#7459,#7460,#7461,#7462,#7463,#7464,#7465,#7466,#7467,#7468,#7469,#7470,#7471,#7472,#7473,#7474,#7475,#7476,#7477,#7478,#7479,#7480,#7481,#7447));
#7483=IFCARBITRARYCLOSEDPROFILEDEF(.AREA.,$,#7482);
#7484=IFCEXTRUDEDAREASOLID(#7483,#8,#6,9.);
#7485=IFCSHAPEREPRESENTATION(#11,'Body','SweptSolid',(#7484));
#7486=IFCPRODUCTDEFINITIONSHAPE($,$,(#7485));
#7487=IFCLOCALPLACEMENT(#13,#8);
#7488=IFCBUILDINGELEMENTPROXY('3KTtGYvSDV9hMAEucaGDqf',$,'Building 562693',$,$,#7487,#7486,$,.ELEMENT.);
#7489=IFCPROPERTYSINGLEVALUE('osm_id',$,IFCLABEL('way/562693'),$);
#7490=IFCPROPERTYSINGLEVALUE('height_source',$,IFCLABEL('tag:levels'),$);
#7491=IFCPROPERTYSINGLEVALUE('height_m',$,IFCREAL(9.),$);
#7492=IFCPROPERTYSET('2ovuP6PNGk9dCrJ27L785a',$,'Pset_SiteContext',$,(#7489,#7490,#7491));
#7493=IFCRELDEFINESBYPROPERTIES('3sPgZzgruoemch9x_mxtit',$,$,$,(#7488),#7492);
#7494=IFCCARTESIANPOINT((67.1118999129394,220.56870010402054));
#7495=IFCCARTESIANPOINT((63.50251045625191,214.37113150022924));
#7496=IFCCARTESIANPOINT((53.72892525175121,203.59820270352066));
#7497=IFCCARTESIANPOINT((57.817440165323205,199.3168993005529));
#7498=IFCCARTESIANPOINT((55.131786441546865,195.7138222279027));
#7499=IFCCARTESIANPOINT((61.81788697442971,190.55500409193337));
#7500=IFCCARTESIANPOINT((64.81624292605557,194.711516674608));
#7501=IFCCARTESIANPOINT((70.61280939308926,190.23831036128104));
#7502=IFCCARTESIANPOINT((75.0513448943384,200.02081552613527));
#7503=IFCCARTESIANPOINT((77.34538749267813,205.08381548989564));
#7504=IFCCARTESIANPOINT((78.3691177071305,207.34388835541904));
#7505=IFCCARTESIANPOINT((79.50481259985827,209.8365621296689));
#7506=IFCPOLYLINE((#7494,#7495,#7496,#7497,#7498,#7499,#7500,#7501,#7502,#7503,#7504,#7505,#7494));
#7507=IFCARBITRARYCLOSEDPROFILEDEF(.AREA.,$,#7506);
#7508=IFCEXTRUDEDAREASOLID(#7507,#8,#6,18.);
#7509=IFCSHAPEREPRESENTATION(#11,'Body','SweptSolid',(#7508));
#7510=IFCPRODUCTDEFINITIONSHAPE($,$,(#7509));
#7511=IFCLOCALPLACEMENT(#13,#8);
#7512=IFCBUILDINGELEMENTPROXY('04Fx419pUJ$Qnor2y13J77',$,'Building 562836',$,$,#7511,#7510,$,.ELEMENT.);
#7513=IFCPROPERTYSINGLEVALUE('osm_id',$,IFCLABEL('way/562836'),$);
#7514=IFCPROPERTYSINGLEVALUE('height_source',$,IFCLABEL('tag:levels'),$);
#7515=IFCPROPERTYSINGLEVALUE('height_m',$,IFCREAL(18.),$);
#7516=IFCPROPERTYSET('2YOOKhEAWWY2it0Zv8eFjy',$,'Pset_SiteContext',$,(#7513,#7514,#7515));
#7517=IFCRELDEFINESBYPROPERTIES('3zoqEjlDwylRJvNH5rwE3b',$,$,$,(#7512),#7516);
#7518=IFCCARTESIANPOINT((88.42777600314002,249.35031009465456));
#7519=IFCCARTESIANPOINT((85.06116873805877,251.29050305951387));
#7520=IFCCARTESIANPOINT((84.11628063500393,249.69697638321668));
#7521=IFCCARTESIANPOINT((80.1360241738148,251.9646750120446));
#7522=IFCCARTESIANPOINT((76.2826807552483,246.43628905899823));
#7523=IFCCARTESIANPOINT((75.41397165588569,246.97715999092907));
#7524=IFCCARTESIANPOINT((73.17243524175137,242.94787942711264));
#7525=IFCCARTESIANPOINT((76.74447449634317,241.00599696021527));
#7526=IFCCARTESIANPOINT((80.33588552416768,238.7414810983464));
#7527=IFCCARTESIANPOINT((89.44257995439693,231.70584484934807));
#7528=IFCCARTESIANPOINT((94.76145603880286,243.27146213967353));
#7529=IFCCARTESIANPOINT((94.8286709873937,243.41547042876482));
#7530=IFCCARTESIANPOINT((95.4934834750602,244.85561344306916));
#7531=IFCPOLYLINE((#7518,#7519,#7520,#7521,#7522,#7523,#7524,#7525,#7526,#7527,#7528,#7529,#7530,#7518));
#7532=IFCARBITRARYCLOSEDPROFILEDEF(.AREA.,$,#7531);
#7533=IFCEXTRUDEDAREASOLID(#7532,#8,#6,18.);
#7534=IFCSHAPEREPRESENTATION(#11,'Body','SweptSolid',(#7533));
#7535=IFCPRODUCTDEFINITIONSHAPE($,$,(#7534));
#7536=IFCLOCALPLACEMENT(#13,#8);
#7537=IFCBUILDINGELEMENTPROXY('0ZyjE0VsfO3zIPt$ZbnOMy',$,'Building 562837',$,$,#7536,#7535,$,.ELEMENT.);
#7538=IFCPROPERTYSINGLEVALUE('osm_id',$,IFCLABEL('way/562837'),$);
#7539=IFCPROPERTYSINGLEVALUE('height_source',$,IFCLABEL('tag:levels'),$);
#7540=IFCPROPERTYSINGLEVALUE('height_m',$,IFCREAL(18.),$);
#7541=IFCPROPERTYSET('312zO6ZTUbb02DvSLykht9',$,'Pset_SiteContext',$,(#7538,#7539,#7540));
#7542=IFCRELDEFINESBYPROPERTIES('22qXIiBQQSSM9WcwhiuHM1',$,$,$,(#7537),#7541);
#7543=IFCCARTESIANPOINT((77.76120551140048,279.13891848921776));
#7544=IFCCARTESIANPOINT((60.292466075043194,251.53788520395756));
#7545=IFCCARTESIANPOINT((56.893665118608624,246.8620195677504));
#7546=IFCCARTESIANPOINT((70.83178232889622,238.46349608059973));
#7547=IFCCARTESIANPOINT((73.17243524175137,242.94787942711264));
#7548=IFCCARTESIANPOINT((75.41397165588569,246.97715999092907));
#7549=IFCCARTESIANPOINT((76.2826807552483,246.43628905899823));
#7550=IFCCARTESIANPOINT((80.1360241738148,251.9646750120446));
#7551=IFCCARTESIANPOINT((84.11628063500393,249.69697638321668));
#7552=IFCCARTESIANPOINT((85.06116873805877,251.29050305951387));
#7553=IFCCARTESIANPOINT((86.54295716842171,253.93602315988392));
#7554=IFCCARTESIANPOINT((91.57283804833423,262.4682740792632));
#7555=IFCCARTESIANPOINT((93.15196398028638,264.4569250186905));
#7556=IFCCARTESIANPOINT((95.0975486820098,268.18839984573424));
#7557=IFCCARTESIANPOINT((96.65916008548811,271.62278203479946));
#7558=IFCCARTESIANPOINT((88.45044315152336,277.205468935892));
#7559=IFCCARTESIANPOINT((82.38691324612591,281.3250108351931));
#7560=IFCCARTESIANPOINT((82.18337330815848,285.1408035438508));
#7561=IFCCARTESIANPOINT((81.85467594501097,285.32141408417374));
#7562=IFCPOLYLINE((#7543,#7544,#7545,#7546,#7547,#7548,#7549,#7550,#7551,#7552,#7553,#7554,#7555,#7556,#7557,#7558,#7559,#7560,#7561,#7543));
#7563=IFCARBITRARYCLOSEDPROFILEDEF(.AREA.,$,#7562);
#7564=IFCEXTRUDEDAREASOLID(#7563,#8,#6,18.);
#7565=IFCSHAPEREPRESENTATION(#11,'Body','SweptSolid',(#7564));
#7566=IFCPRODUCTDEFINITIONSHAPE($,$,(#7565));
#7567=IFCLOCALPLACEMENT(#13,#8);
#7568=IFCBUILDINGELEMENTPROXY('3zrpg_ah2Ea7B3XLpEDLWr',$,'Building 562838',$,$,#7567,#7566,$,.ELEMENT.);
#7569=IFCPROPERTYSINGLEVALUE('osm_id',$,IFCLABEL('way/562838'),$);
#7570=IFCPROPERTYSINGLEVALUE('height_source',$,IFCLABEL('tag:levels'),$);
#7571=IFCPROPERTYSINGLEVALUE('height_m',$,IFCREAL(18.),$);
#7572=IFCPROPERTYSET('2SBYuZ87mYtlPyCpGhJeou',$,'Pset_SiteContext',$,(#7569,#7570,#7571));
#7573=IFCRELDEFINESBYPROPERTIES('1_aggm$rVAF1S7skIaeayQ',$,$,$,(#7568),#7572);
#7574=IFCCARTESIANPOINT((-15.053085030638613,140.82338507845998));
#7575=IFCCARTESIANPOINT((-27.09735624899622,143.96909301821142));
#7576=IFCCARTESIANPOINT((-35.05381447728723,122.19495252985507));
#7577=IFCCARTESIANPOINT((-39.35476861486677,110.43206654023379));
#7578=IFCCARTESIANPOINT((-38.070513542043045,107.77498876396567));
#7579=IFCCARTESIANPOINT((-33.82829572248738,106.1277748607099));
#7580=IFCCARTESIANPOINT((-25.64366577740293,102.95813623070717));
#7581=IFCPOLYLINE((#7574,#7575,#7576,#7577,#7578,#7579,#7580,#7574));
#7582=IFCARBITRARYCLOSEDPROFILEDEF(.AREA.,$,#7581);
#7583=IFCEXTRUDEDAREASOLID(#7582,#8,#6,21.);
#7584=IFCSHAPEREPRESENTATION(#11,'Body','SweptSolid',(#7583));
#7585=IFCPRODUCTDEFINITIONSHAPE($,$,(#7584));
#7586=IFCLOCALPLACEMENT(#13,#8);
#7587=IFCBUILDINGELEMENTPROXY('0S9ELB97MLu3YitJYYIJQs',$,'Building 562839',$,$,#7586,#7585,$,.ELEMENT.);
#7588=IFCPROPERTYSINGLEVALUE('osm_id',$,IFCLABEL('way/562839'),$);
#7589=IFCPROPERTYSINGLEVALUE('height_source',$,IFCLABEL('tag:levels'),$);
#7590=IFCPROPERTYSINGLEVALUE('height_m',$,IFCREAL(21.),$);
#7591=IFCPROPERTYSET('39PQkbpErbd3vJtIjXSMM8',$,'Pset_SiteContext',$,(#7588,#7589,#7590));
#7592=IFCRELDEFINESBYPROPERTIES('3f_BFr6rXevdBKVNdol13P',$,$,$,(#7587),#7591);
#7593=IFCCARTESIANPOINT((26.56676305946894,226.06065201573074));
#7594=IFCCARTESIANPOINT((30.298883899464272,223.06103845126927));
#7595=IFCCARTESIANPOINT((26.851280107628554,217.80735681112856));
#7596=IFCCARTESIANPOINT((24.236066212761216,213.8478792225942));
#7597=IFCCARTESIANPOINT((21.226524021592923,209.224443025887));
#7598=IFCCARTESIANPOINT((24.538312054704875,206.86210721358657));
#7599=IFCCARTESIANPOINT((20.939172497484833,201.92102929670364));
#7600=IFCCARTESIANPOINT((22.40403598197736,200.7080680122599));
#7601=IFCCARTESIANPOINT((23.44627912528813,199.85440930258483));
#7602=IFCCARTESIANPOINT((23.730775981326587,199.65191826876253));
#7603=IFCCARTESIANPOINT((27.16394474648405,204.03836404532194));
#7604=IFCCARTESIANPOINT((30.523084929329343,201.18636822141707));
#7605=IFCCARTESIANPOINT((40.897156101535074,213.60007995273918));
#7606=IFCCARTESIANPOINT((50.01954413251951,227.2806176962331));
#7607=IFCCARTESIANPOINT((50.202691731392406,227.24575697816908));
#7608=IFCCARTESIANPOINT((50.56720896123443,227.85436374600977));
#7609=IFCCARTESIANPOINT((46.93551815568935,230.5751437637955));
#7610=IFCCARTESIANPOINT((41.51600831060205,222.85787927825004));
#7611=IFCCARTESIANPOINT((39.63568095455412,224.40783859044313));
#7612=IFCCARTESIANPOINT((44.89783736667596,231.7260749451816));
#7613=IFCCARTESIANPOINT((44.715692483005114,231.88324646931142));
#7614=IFCCARTESIANPOINT((36.53490367415361,238.1885694283992));
#7615=IFCCARTESIANPOINT((35.272560873650946,239.0440305341035));
#7616=IFCCARTESIANPOINT((30.549087289720774,232.09946214873344));
#7617=IFCCARTESIANPOINT((29.115664946031757,229.98731502331793));
#7618=IFCPOLYLINE((#7593,#7594,#7595,#7596,#7597,#7598,#7599,#7600,#7601,#7602,#7603,#7604,#7605,#7606,#7607,#7608,#7609,#7610,#7611,#7612,#7613,#7614,#7615,#7616,#7617,#7593));
#7619=IFCARBITRARYCLOSEDPROFILEDEF(.AREA.,$,#7618);
#7620=IFCEXTRUDEDAREASOLID(#7619,#8,#6,9.);
#7621=IFCSHAPEREPRESENTATION(#11,'Body','SweptSolid',(#7620));
#7622=IFCPRODUCTDEFINITIONSHAPE($,$,(#7621));
#7623=IFCLOCALPLACEMENT(#13,#8);
#7624=IFCBUILDINGELEMENTPROXY('1ci1ffBmaEuyxPyvtSmPYr',$,'Building 562840',$,$,#7623,#7622,$,.ELEMENT.);
#7625=IFCPROPERTYSINGLEVALUE('osm_id',$,IFCLABEL('way/562840'),$);
#7626=IFCPROPERTYSINGLEVALUE('height_source',$,IFCLABEL('fallback'),$);
#7627=IFCPROPERTYSINGLEVALUE('height_m',$,IFCREAL(9.),$);
#7628=IFCPROPERTYSET('3ENtfsMc2wy7hijQgigErF',$,'Pset_SiteContext',$,(#7625,#7626,#7627));
#7629=IFCRELDEFINESBYPROPERTIES('2F3aszYxdjejA3LxYz5ari',$,$,$,(#7624),#7628);
#7630=IFCCARTESIANPOINT((14.510557077475823,88.17281414475292));
#7631=IFCCARTESIANPOINT((14.5700739644235,88.27240495476872));
#7632=IFCCARTESIANPOINT((26.447114593349397,107.6681619528681));
#7633=IFCCARTESIANPOINT((33.76598634815309,119.71770935039967));
#7634=IFCCARTESIANPOINT((8.02158501651138,127.21235575899482));
#7635=IFCCARTESIANPOINT((7.22215851501096,124.572380351834));
#7636=IFCCARTESIANPOINT((6.811653063283302,124.6202272940427));
#7637=IFCCARTESIANPOINT((4.4540789048187435,118.97954493016005));
#7638=IFCCARTESIANPOINT((3.4979002844775096,118.69827195908874));
#7639=IFCCARTESIANPOINT((-4.034831050084904,98.47740170918405));
#7640=IFCCARTESIANPOINT((-0.5618354899343103,97.87067311815917));
#7641=IFCCARTESIANPOINT((-1.8521717763505876,94.42297558486462));
#7642=IFCCARTESIANPOINT((7.012644980219193,90.9809258710593));
#7643=IFCCARTESIANPOINT((14.458468400291167,88.08428229484707));
#7644=IFCPOLYLINE((#7630,#7631,#7632,#7633,#7634,#7635,#7636,#7637,#7638,#7639,#7640,#7641,#7642,#7643,#7630));
#7645=IFCARBITRARYCLOSEDPROFILEDEF(.AREA.,$,#7644);
#7646=IFCEXTRUDEDAREASOLID(#7645,#8,#6,18.);
#7647=IFCSHAPEREPRESENTATION(#11,'Body','SweptSolid',(#7646));
#7648=IFCPRODUCTDEFINITIONSHAPE($,$,(#7647));
#7649=IFCLOCALPLACEMENT(#13,#8);
#7650=IFCBUILDINGELEMENTPROXY('3kbBe8SiO7tX$vb9zfHnSX',$,'Building 562841',$,$,#7649,#7648,$,.ELEMENT.);
#7651=IFCPROPERTYSINGLEVALUE('osm_id',$,IFCLABEL('way/562841'),$);
#7652=IFCPROPERTYSINGLEVALUE('height_source',$,IFCLABEL('tag:levels'),$);
#7653=IFCPROPERTYSINGLEVALUE('height_m',$,IFCREAL(18.),$);
#7654=IFCPROPERTYSET('3pkx8It1qgAdYQ9ISl_9Ph',$,'Pset_SiteContext',$,(#7651,#7652,#7653));
#7655=IFCRELDEFINESBYPROPERTIES('3Cj3w_BF1clrHrrZxR42mf',$,$,$,(#7650),#7654);
#7656=IFCCARTESIANPOINT((33.76598634815309,119.71770935039967));
#7657=IFCCARTESIANPOINT((34.36087517684791,120.68026230297983));
#7658=IFCCARTESIANPOINT((39.4026116769528,128.84540675301105));
#7659=IFCCARTESIANPOINT((36.74995868711267,130.1681791273877));
#7660=IFCCARTESIANPOINT((35.99671066948213,128.68428942747414));
#7661=IFCCARTESIANPOINT((31.125516907311976,130.5812468631193));
#7662=IFCCARTESIANPOINT((34.48038625775371,137.04775569215417));
#7663=IFCCARTESIANPOINT((35.20373886462767,138.46517105121166));
#7664=IFCCARTESIANPOINT((36.29329851793591,138.01144322473556));
#7665=IFCCARTESIANPOINT((37.10314436617773,139.2391116693616));
#7666=IFCCARTESIANPOINT((36.38052355963737,139.70095105841756));
#7667=IFCCARTESIANPOINT((38.836946070427075,143.08349947538227));
#7668=IFCCARTESIANPOINT((44.67633190786,153.6773666627705));
#7669=IFCCARTESIANPOINT((45.22755848581437,154.68475839216262));
#7670=IFCCARTESIANPOINT((37.39864694059361,159.17464919388294));
#7671=IFCCARTESIANPOINT((29.715847726445645,163.5855136020109));
#7672=IFCCARTESIANPOINT((15.200355375534855,132.91357513330877));
#7673=IFCCARTESIANPOINT((9.095924697467126,134.74282673187554));
#7674=IFCCARTESIANPOINT((9.063658245140687,134.38725500181317));
#7675=IFCCARTESIANPOINT((9.084057384636253,131.50703683309257));
#7676=IFCCARTESIANPOINT((8.02158501651138,127.21235575899482));
#7677=IFCPOLYLINE((#7656,#7657,#7658,#7659,#7660,#7661,#7662,#7663,#7664,#7665,#7666,#7667,#7668,#7669,#7670,#7671,#7672,#7673,#7674,#7675,#7676,#7656));
#7678=IFCARBITRARYCLOSEDPROFILEDEF(.AREA.,$,#7677);
#7679=IFCEXTRUDEDAREASOLID(#7678,#8,#6,12.);
#7680=IFCSHAPEREPRESENTATION(#11,'Body','SweptSolid',(#7679));
#7681=IFCPRODUCTDEFINITIONSHAPE($,$,(#7680));
#7682=IFCLOCALPLACEMENT(#13,#8);
#7683=IFCBUILDINGELEMENTPROXY('1sobNOWXBdQPPO0oUgD0NI',$,'Building 562842',$,$,#7682,#7681,$,.ELEMENT.);
#7684=IFCPROPERTYSINGLEVALUE('osm_id',$,IFCLABEL('way/562842'),$);
#7685=IFCPROPERTYSINGLEVALUE('height_source',$,IFCLABEL('tag:levels'),$);
#7686=IFCPROPERTYSINGLEVALUE('height_m',$,IFCREAL(12.),$);
#7687=IFCPROPERTYSET('1o8w725MWS3e$GMdm9Ybnx',$,'Pset_SiteContext',$,(#7684,#7685,#7686));
#7688=IFCRELDEFINESBYPROPERTIES('19SP2UkDH31ojlSbZxOMGR',$,$,$,(#7683),#7687);
#7689=IFCCARTESIANPOINT((29.705140831065364,183.75708327256143));
#7690=IFCCARTESIANPOINT((31.657717587193474,186.54328673612326));
#7691=IFCCARTESIANPOINT((33.101403547567315,189.0111862225458));
#7692=IFCCARTESIANPOINT((33.53236555762123,188.7741352049634));
#7693=IFCCARTESIANPOINT((34.07734787778463,189.91501604951918));
#7694=IFCCARTESIANPOINT((47.60208909388166,208.95260513480753));
#7695=IFCCARTESIANPOINT((40.897156101535074,213.60007995273918));
#7696=IFCCARTESIANPOINT((30.523084929329343,201.18636822141707));
#7697=IFCCARTESIANPOINT((27.16394474648405,204.03836404532194));
#7698=IFCCARTESIANPOINT((23.730775981326587,199.65191826876253));
#7699=IFCCARTESIANPOINT((23.44627912528813,199.85440930258483));
#7700=IFCCARTESIANPOINT((19.318878982565366,194.91766455955803));
#7701=IFCCARTESIANPOINT((16.79324275336694,191.1464944910258));
#7702=IFCCARTESIANPOINT((14.515260652289726,192.5218046074733));
#7703=IFCCARTESIANPOINT((9.829504000023007,185.7103846045211));
#7704=IFCCARTESIANPOINT((8.158819575444795,183.2999524064362));
#7705=IFCCARTESIANPOINT((9.714920175727457,182.4754359163344));
#7706=IFCCARTESIANPOINT((17.4145414987579,178.33128342591226));
#7707=IFCCARTESIANPOINT((23.960048566921614,174.8193191299215));
#7708=IFCPOLYLINE((#7689,#7690,#7691,#7692,#7693,#7694,#7695,#7696,#7697,#7698,#7699,#7700,#7701,#7702,#7703,#7704,#7705,#7706,#7707,#7689));
#7709=IFCARBITRARYCLOSEDPROFILEDEF(.AREA.,$,#7708);
#7710=IFCEXTRUDEDAREASOLID(#7709,#8,#6,9.);
#7711=IFCSHAPEREPRESENTATION(#11,'Body','SweptSolid',(#7710));
#7712=IFCPRODUCTDEFINITIONSHAPE($,$,(#7711));
#7713=IFCLOCALPLACEMENT(#13,#8);
#7714=IFCBUILDINGELEMENTPROXY('0yNtW8Xjmu7UZ3VZGQEbpF',$,'Building 562843',$,$,#7713,#7712,$,.ELEMENT.);
#7715=IFCPROPERTYSINGLEVALUE('osm_id',$,IFCLABEL('way/562843'),$);
#7716=IFCPROPERTYSINGLEVALUE('height_source',$,IFCLABEL('tag:levels'),$);
#7717=IFCPROPERTYSINGLEVALUE('height_m',$,IFCREAL(9.),$);
#7718=IFCPROPERTYSET('1zpZz3rerq_1y4LmYwDqr6',$,'Pset_SiteContext',$,(#7715,#7716,#7717));
#7719=IFCRELDEFINESBYPROPERTIES('3S3VtGtad5yMCp$nfHXVZ2',$,$,$,(#7714),#7718);
#7720=IFCCARTESIANPOINT((135.9055460303789,238.35332075785846));
#7721=IFCCARTESIANPOINT((133.18428415700328,240.25484621245414));
#7722=IFCCARTESIANPOINT((127.8591789312195,229.71227575466037));
#7723=IFCCARTESIANPOINT((132.72892341285478,226.7478997465223));
#7724=IFCCARTESIANPOINT((124.70152740040794,212.35771983116865));
#7725=IFCCARTESIANPOINT((128.55764775257558,210.1577879562974));
#7726=IFCCARTESIANPOINT((130.96384369232692,214.58605760987848));
#7727=IFCCARTESIANPOINT((135.87898821395356,211.78811166156083));
#7728=IFCCARTESIANPOINT((133.13244735402986,206.11719664465636));
#7729=IFCCARTESIANPOINT((133.37280384427868,205.0032409876585));
#7730=IFCCARTESIANPOINT((137.48563188908156,202.7900951486081));
#7731=IFCCARTESIANPOINT((137.09729243826587,201.95928014349192));
#7732=IFCCARTESIANPOINT((139.3988563985331,200.77286356687546));
#7733=IFCCARTESIANPOINT((147.8841148003703,218.217288069427));
#7734=IFCCARTESIANPOINT((150.51474153948948,216.89474565535784));
#7735=IFCCARTESIANPOINT((159.24854203825817,236.02737990766764));
#7736=IFCCARTESIANPOINT((148.94644692598376,241.3490990381688));
#7737=IFCCARTESIANPOINT((139.34588518168312,246.3203812474385));
#7738=IFCPOLYLINE((#7720,#7721,#7722,#7723,#7724,#7725,#7726,#7727,#7728,#7729,#7730,#7731,#7732,#7733,#7734,#7735,#7736,#7737,#7720));
#7739=IFCARBITRARYCLOSEDPROFILEDEF(.AREA.,$,#7738);
#7740=IFCEXTRUDEDAREASOLID(#7739,#8,#6,21.);
#7741=IFCSHAPEREPRESENTATION(#11,'Body','SweptSolid',(#7740));
#7742=IFCPRODUCTDEFINITIONSHAPE($,$,(#7741));
#7743=IFCLOCALPLACEMENT(#13,#8);
#7744=IFCBUILDINGELEMENTPROXY('0VYf34nEY8tEoQkaI4NPV6',$,'Building 569318',$,$,#7743,#7742,$,.ELEMENT.);
#7745=IFCPROPERTYSINGLEVALUE('osm_id',$,IFCLABEL('way/569318'),$);
#7746=IFCPROPERTYSINGLEVALUE('height_source',$,IFCLABEL('tag:levels'),$);
#7747=IFCPROPERTYSINGLEVALUE('height_m',$,IFCREAL(21.),$);
#7748=IFCPROPERTYSET('1cqZhn_noTrQp$PekU110o',$,'Pset_SiteContext',$,(#7745,#7746,#7747));
#7749=IFCRELDEFINESBYPROPERTIES('3Fvo725GfYpVDeZdqoAmVv',$,$,$,(#7744),#7748);
#7750=IFCCARTESIANPOINT((100.06970495637506,159.4396123411134));
#7751=IFCCARTESIANPOINT((98.65371530363336,160.35191623866558));
#7752=IFCCARTESIANPOINT((99.88866794295609,162.4212246388197));
#7753=IFCCARTESIANPOINT((91.84722778364085,166.94614156056195));
#7754=IFCCARTESIANPOINT((90.51347153959796,165.3557990854606));
#7755=IFCCARTESIANPOINT((89.19140789133962,166.08941800612956));
#7756=IFCCARTESIANPOINT((88.39073482144158,165.084064793773));
#7757=IFCCARTESIANPOINT((87.2795046310639,162.89142679795623));
#7758=IFCCARTESIANPOINT((86.07043499033898,160.39935330301523));
#7759=IFCCARTESIANPOINT((84.63879781996366,157.60886586643755));
#7760=IFCCARTESIANPOINT((82.77662358153611,158.69162611104548));
#7761=IFCCARTESIANPOINT((82.13703604636248,158.5411859396845));
#7762=IFCCARTESIANPOINT((80.57205680548213,155.59611318539828));
#7763=IFCCARTESIANPOINT((82.70975666830782,154.11077971942723));
#7764=IFCCARTESIANPOINT((78.54652138357051,147.4840653045103));
#7765=IFCCARTESIANPOINT((79.76605295087211,146.7735236538574));
#7766=IFCCARTESIANPOINT((88.7408138429746,141.52927507273853));
#7767=IFCPOLYLINE((#7750,#7751,#7752,#7753,#7754,#7755,#7756,#7757,#7758,#7759,#7760,#7761,#7762,#7763,#7764,#7765,#7766,#7750));
#7768=IFCARBITRARYCLOSEDPROFILEDEF(.AREA.,$,#7767);
#7769=IFCEXTRUDEDAREASOLID(#7768,#8,#6,18.);
#7770=IFCSHAPEREPRESENTATION(#11,'Body','SweptSolid',(#7769));
#7771=IFCPRODUCTDEFINITIONSHAPE($,$,(#7770));
#7772=IFCLOCALPLACEMENT(#13,#8);
#7773=IFCBUILDINGELEMENTPROXY('3TRXrJ$dfoA9Aa$AHf1Q2p',$,'Building 569319',$,$,#7772,#7771,$,.ELEMENT.);
#7774=IFCPROPERTYSINGLEVALUE('osm_id',$,IFCLABEL('way/569319'),$);
#7775=IFCPROPERTYSINGLEVALUE('height_source',$,IFCLABEL('tag:levels'),$);
#7776=IFCPROPERTYSINGLEVALUE('height_m',$,IFCREAL(18.),$);
#7777=IFCPROPERTYSET('08C5z0LH89BElLUsd5i6ZA',$,'Pset_SiteContext',$,(#7774,#7775,#7776));
#7778=IFCRELDEFINESBYPROPERTIES('1PfRlPIQFjbyI1veMdEuyF',$,$,$,(#7773),#7777);
#7779=IFCCARTESIANPOINT((117.30213184771128,235.25853503029794));
#7780=IFCCARTESIANPOINT((127.8591789312195,229.71227575466037));
#7781=IFCCARTESIANPOINT((133.18428415700328,240.25484621245414));
#7782=IFCCARTESIANPOINT((131.2194122908404,241.33843196649104));
#7783=IFCCARTESIANPOINT((111.72622793517075,251.45026061031967));
#7784=IFCCARTESIANPOINT((109.14897436380852,245.84468884021044));
#7785=IFCCARTESIANPOINT((106.79997659428045,240.3373289871961));
#7786=IFCPOLYLINE((#7779,#7780,#7781,#7782,#7783,#7784,#7785,#7779));
#7787=IFCARBITRARYCLOSEDPROFILEDEF(.AREA.,$,#7786);
#7788=IFCEXTRUDEDAREASOLID(#7787,#8,#6,12.);
#7789=IFCSHAPEREPRESENTATION(#11,'Body','SweptSolid',(#7788));
#7790=IFCPRODUCTDEFINITIONSHAPE($,$,(#7789));
#7791=IFCLOCALPLACEMENT(#13,#8);
#7792=IFCBUILDINGELEMENTPROXY('1fJr6wiZzGVjuY0LkRD_Gf',$,'Building 569320',$,$,#7791,#7790,$,.ELEMENT.);
#7793=IFCPROPERTYSINGLEVALUE('osm_id',$,IFCLABEL('way/569320'),$);
#7794=IFCPROPERTYSINGLEVALUE('height_source',$,IFCLABEL('tag:levels'),$);
#7795=IFCPROPERTYSINGLEVALUE('height_m',$,IFCREAL(12.),$);
#7796=IFCPROPERTYSET('3hdL0IPwDEWsrUIng1UuLx',$,'Pset_SiteContext',$,(#7793,#7794,#7795));
#7797=IFCRELDEFINESBYPROPERTIES('2Qp3pSQMocpdjamy1dO5De',$,$,$,(#7792),#7796);
#7798=IFCCARTESIANPOINT((110.26459084113594,133.83601445611566));
#7799=IFCCARTESIANPOINT((117.83710238989443,144.6270456733182));
#7800=IFCCARTESIANPOINT((118.3974972233409,144.06646511796862));
#7801=IFCCARTESIANPOINT((119.5520364328986,144.37949337624013));
#7802=IFCCARTESIANPOINT((121.07439950644039,146.60213234927505));
#7803=IFCCARTESIANPOINT((124.09251325554214,144.20889883860946));
#7804=IFCCARTESIANPOINT((132.09859237307683,155.0853605819866));
#7805=IFCCARTESIANPOINT((127.5187486911891,158.51439816132188));
#7806=IFCCARTESIANPOINT((130.305121482932,162.7727568242699));
#7807=IFCCARTESIANPOINT((136.7970941181993,175.12944015488029));
#7808=IFCCARTESIANPOINT((129.59902293304913,179.60292619280517));
#7809=IFCCARTESIANPOINT((130.21092893497553,180.85446718614548));
#7810=IFCCARTESIANPOINT((130.77174932230264,182.13978589512408));
#7811=IFCCARTESIANPOINT((111.56878084479831,192.77186907920986));
#7812=IFCCARTESIANPOINT((111.44966149458196,192.56156614981592));
#7813=IFCCARTESIANPOINT((109.66350732150022,189.48485656548291));
#7814=IFCCARTESIANPOINT((107.83647593390197,190.3782832697034));
#7815=IFCCARTESIANPOINT((106.89194855338428,188.82923025172204));
#7816=IFCCARTESIANPOINT((92.77753615635447,196.32839458063245));
#7817=IFCCARTESIANPOINT((89.30583426426165,183.64678728580475));
#7818=IFCCARTESIANPOINT((88.4865882913582,180.37312834523618));
#7819=IFCCARTESIANPOINT((83.06645081273746,172.57799411192536));
#7820=IFCCARTESIANPOINT((90.50360884668771,167.7355361431837));
#7821=IFCCARTESIANPOINT((91.84722778364085,166.94614156056195));
#7822=IFCCARTESIANPOINT((99.88866794295609,162.4212246388197));
#7823=IFCCARTESIANPOINT((101.29795756714884,161.58681509830058));
#7824=IFCCARTESIANPOINT((102.21911457611714,162.96925990190357));
#7825=IFCCARTESIANPOINT((108.37829017930198,159.76079171709716));
#7826=IFCCARTESIANPOINT((94.73586086102296,137.98854050971568));
#7827=IFCCARTESIANPOINT((101.51460415474139,134.2745980368927));
#7828=IFCCARTESIANPOINT((108.47587000136264,130.44797076657414));
#7829=IFCPOLYLINE((#7798,#7799,#7800,#7801,#7802,#7803,#7804,#7805,#7806,#7807,#7808,#7809,#7810,#7811,#7812,#7813,#7814,#7815,#7816,#7817,#7818,#7819,#7820,#7821,#7822,#7823,#7824,#7825,#7826,#7827,#7828,#7798));
#7830=IFCARBITRARYCLOSEDPROFILEDEF(.AREA.,$,#7829);
#7831=IFCEXTRUDEDAREASOLID(#7830,#8,#6,9.);
#7832=IFCSHAPEREPRESENTATION(#11,'Body','SweptSolid',(#7831));
#7833=IFCPRODUCTDEFINITIONSHAPE($,$,(#7832));
#7834=IFCLOCALPLACEMENT(#13,#8);
#7835=IFCBUILDINGELEMENTPROXY('2UJXl6UZ5X6JQJKruq_4wt',$,'Building 569321',$,$,#7834,#7833,$,.ELEMENT.);
#7836=IFCPROPERTYSINGLEVALUE('osm_id',$,IFCLABEL('way/569321'),$);
#7837=IFCPROPERTYSINGLEVALUE('height_source',$,IFCLABEL('fallback'),$);
#7838=IFCPROPERTYSINGLEVALUE('height_m',$,IFCREAL(9.),$);
#7839=IFCPROPERTYSET('0skUemWWYXlNoG5x7QK6CQ',$,'Pset_SiteContext',$,(#7836,#7837,#7838));
#7840=IFCRELDEFINESBYPROPERTIES('22zlO54wV14C5VriVsp9o_',$,$,$,(#7835),#7839);
#7841=IFCCARTESIANPOINT((142.74749135563616,120.38204177189618));
#7842=IFCCARTESIANPOINT((145.24187882232945,123.03041143342853));
#7843=IFCCARTESIANPOINT((148.3006940804189,126.50815726816654));
#7844=IFCCARTESIANPOINT((145.38048809638713,129.2119336500764));
#7845=IFCCARTESIANPOINT((142.16835261206143,132.10713753290474));
#7846=IFCCARTESIANPOINT((146.00218352803495,136.14565718453377));
#7847=IFCCARTESIANPOINT((148.7537198915379,138.83640494011343));
#7848=IFCCARTESIANPOINT((151.8876220410457,142.52481676638126));
#7849=IFCCARTESIANPOINT((151.53102152631618,142.8835694361478));
#7850=IFCCARTESIANPOINT((152.63207518612035,144.73158598598093));
#7851=IFCCARTESIANPOINT((153.90948754060082,146.61152021214366));
#7852=IFCCARTESIANPOINT((148.87073288019747,149.55501837003976));
#7853=IFCCARTESIANPOINT((148.3059705387568,149.58187713380903));
#7854=IFCCARTESIANPOINT((147.8266141678905,149.28556071873754));
#7855=IFCCARTESIANPOINT((144.4683568981709,151.35908733028919));
#7856=IFCCARTESIANPOINT((144.90181152534205,152.32297214120626));
#7857=IFCCARTESIANPOINT((141.0454642905388,154.50065383967012));
#7858=IFCCARTESIANPOINT((140.43737807055004,153.71611598599702));
#7859=IFCCARTESIANPOINT((137.95437288912944,155.14865334890783));
#7860=IFCCARTESIANPOINT((140.04833987145685,159.07908416353166));
#7861=IFCCARTESIANPOINT((143.13694370735902,157.23015821631998));
#7862=IFCCARTESIANPOINT((143.79141543305013,158.30343403946608));
#7863=IFCCARTESIANPOINT((152.34312845859677,153.3629810810089));
#7864=IFCCARTESIANPOINT((150.57881330768578,150.26384156476706));
#7865=IFCCARTESIANPOINT((154.727917090524,147.99481319542974));
#7866=IFCCARTESIANPOINT((154.84694482421037,148.19399779569358));
#7867=IFCCARTESIANPOINT((155.4904132852098,147.92185854911804));
#7868=IFCCARTESIANPOINT((157.13388043188024,150.59943198319525));
#7869=IFCCARTESIANPOINT((159.8555664398009,155.02513170894235));
#7870=IFCCARTESIANPOINT((174.01740912289824,146.1246413970366));
#7871=IFCCARTESIANPOINT((180.15142638643738,155.09273155219853));
#7872=IFCCARTESIANPOINT((189.58281433407683,168.9043938377872));
#7873=IFCCARTESIANPOINT((188.99463505716994,170.5549436621368));
#7874=IFCCARTESIANPOINT((179.234120658366,174.82690983824432));
#7875=IFCCARTESIANPOINT((173.90728923177812,163.17232817597687));
#7876=IFCCARTESIANPOINT((170.53969421749935,165.0012786919251));
#7877=IFCCARTESIANPOINT((169.06409064109903,165.802853805013));
#7878=IFCCARTESIANPOINT((167.17210132279433,166.8302311943844));
#7879=IFCCARTESIANPOINT((163.2298979666084,160.3017280260101));
#7880=IFCCARTESIANPOINT((138.9667863569921,173.9663423327729));
#7881=IFCCARTESIANPOINT((139.68992692546453,175.3615328837186));
#7882=IFCCARTESIANPOINT((139.57808483415283,176.0407610265538));
#7883=IFCCARTESIANPOINT((139.25944510288537,176.55488249659538));
#7884=IFCCARTESIANPOINT((137.99498165154364,177.15458045806736));
#7885=IFCCARTESIANPOINT((139.87908147764392,181.44256515149027));
#7886=IFCCARTESIANPOINT((164.29043678194284,170.65679265838116));
#7887=IFCCARTESIANPOINT((167.9323260433739,179.04477367922664));
#7888=IFCCARTESIANPOINT((167.55941676348448,179.20350080356002));
#7889=IFCCARTESIANPOINT((136.39970491512213,192.92451529111713));
#7890=IFCCARTESIANPOINT((133.31917515851092,186.78929789643735));
#7891=IFCCARTESIANPOINT((135.168040294433,185.87346089072526));
#7892=IFCCARTESIANPOINT((132.4836072186008,179.72388390731066));
#7893=IFCCARTESIANPOINT((130.21092893497553,180.85446718614548));
#7894=IFCCARTESIANPOINT((129.59902293304913,179.60292619280517));
#7895=IFCCARTESIANPOINT((136.7970941181993,175.12944015488029));
#7896=IFCCARTESIANPOINT((130.305121482932,162.7727568242699));
#7897=IFCCARTESIANPOINT((127.5187486911891,158.51439816132188));
#7898=IFCCARTESIANPOINT((132.09859237307683,155.0853605819866));
#7899=IFCCARTESIANPOINT((124.09251325554214,144.20889883860946));
#7900=IFCCARTESIANPOINT((121.07439950644039,146.60213234927505));
#7901=IFCCARTESIANPOINT((119.5520364328986,144.37949337624013));
#7902=IFCCARTESIANPOINT((118.3974972233409,144.06646511796862));
#7903=IFCCARTESIANPOINT((117.83710238989443,144.6270456733182));
#7904=IFCCARTESIANPOINT((110.26459084113594,133.83601445611566));
#7905=IFCCARTESIANPOINT((108.47587000136264,130.44797076657414));
#7906=IFCCARTESIANPOINT((127.08013876632322,120.1543795298785));
#7907=IFCCARTESIANPOINT((137.66484440199565,114.37440114002675));
#7908=IFCPOLYLINE((#7841,#7842,#7843,#7844,#7845,#7846,#7847,#7848,#7849,#7850,#7851,#7852,#7853,#7854,#7855,#7856,#7857,#7858,#7859,#7860,#7861,#7862,#7863,#7864,#7865,#7866,#7867,#7868,#7869,#7870,#7871,#7872,#7873,#7874,#7875,#7876,#7877,#7878,#7879,#7880,#7881,#7882,#7883,#7884,#7885,#7886,#7887,#7888,#7889,#7890,#7891,#7892,#7893,#7894,#7895,#7896,#7897,#7898,#7899,#7900,#7901,#7902,#7903,#7904,#7905,#7906,#7907,#7841));
#7909=IFCARBITRARYCLOSEDPROFILEDEF(.AREA.,$,#7908);
#7910=IFCEXTRUDEDAREASOLID(#7909,#8,#6,21.);
#7911=IFCSHAPEREPRESENTATION(#11,'Body','SweptSolid',(#7910));
#7912=IFCPRODUCTDEFINITIONSHAPE($,$,(#7911));
#7913=IFCLOCALPLACEMENT(#13,#8);
#7914=IFCBUILDINGELEMENTPROXY('3TqeFAMhcnUQ4ZZJR1GP6U',$,'Building 569322',$,$,#7913,#7912,$,.ELEMENT.);
#7915=IFCPROPERTYSINGLEVALUE('osm_id',$,IFCLABEL('way/569322'),$);
#7916=IFCPROPERTYSINGLEVALUE('height_source',$,IFCLABEL('tag:levels'),$);
#7917=IFCPROPERTYSINGLEVALUE('height_m',$,IFCREAL(21.),$);
#7918=IFCPROPERTYSET('3K_qSK2kqI_1FWbZ8a9ba$',$,'Pset_SiteContext',$,(#7915,#7916,#7917));
#7919=IFCRELDEFINESBYPROPERTIES('2CebUdLvpZnU7KMvGCKA7y',$,$,$,(#7914),#7918);
#7920=IFCCARTESIANPOINT((193.95219965057913,114.5702900160104));
#7921=IFCCARTESIANPOINT((193.469321614597,114.74103376548737));
#7922=IFCCARTESIANPOINT((190.70727791683748,111.6611553337425));
#7923=IFCCARTESIANPOINT((186.7328817496309,114.66264152247459));
#7924=IFCCARTESIANPOINT((186.09544973180164,113.8783389609307));
#7925=IFCCARTESIANPOINT((181.3176247898955,117.3311900626868));
#7926=IFCCARTESIANPOINT((176.51691106287763,111.6992875924334));
#7927=IFCCARTESIANPOINT((174.24246110778768,109.02686720807105));
#7928=IFCCARTESIANPOINT((176.60792146169115,107.57306717336178));
#7929=IFCCARTESIANPOINT((177.15492397092748,107.16828036308289));
#7930=IFCCARTESIANPOINT((179.21150504658,105.6280470462516));
#7931=IFCCARTESIANPOINT((180.83666378690396,107.86098062898964));
#7932=IFCCARTESIANPOINT((182.52775905223098,106.49053385388106));
#7933=IFCCARTESIANPOINT((181.0353026430821,104.33435442484915));
#7934=IFCCARTESIANPOINT((183.27042723912746,103.09290018491447));
#7935=IFCCARTESIANPOINT((179.22746315738186,99.50086156185716));
#7936=IFCCARTESIANPOINT((182.53392592235468,96.4714697888121));
#7937=IFCCARTESIANPOINT((185.45516539306846,93.89002336189151));
#7938=IFCCARTESIANPOINT((188.967911716667,99.0431822957471));
#7939=IFCCARTESIANPOINT((190.44903171854094,100.71018149796873));
#7940=IFCCARTESIANPOINT((194.76747605099808,105.6899623433128));
#7941=IFCCARTESIANPOINT((197.22525166510604,108.3497729562223));
#7942=IFCCARTESIANPOINT((195.23017906746827,110.23421368561685));
#7943=IFCCARTESIANPOINT((196.64480734372046,111.84615844674408));
#7944=IFCCARTESIANPOINT((196.28141025966033,112.27168306615204));
#7945=IFCPOLYLINE((#7920,#7921,#7922,#7923,#7924,#7925,#7926,#7927,#7928,#7929,#7930,#7931,#7932,#7933,#7934,#7935,#7936,#7937,#7938,#7939,#7940,#7941,#7942,#7943,#7944,#7920));
#7946=IFCARBITRARYCLOSEDPROFILEDEF(.AREA.,$,#7945);
#7947=IFCEXTRUDEDAREASOLID(#7946,#8,#6,9.);
#7948=IFCSHAPEREPRESENTATION(#11,'Body','SweptSolid',(#7947));
#7949=IFCPRODUCTDEFINITIONSHAPE($,$,(#7948));
#7950=IFCLOCALPLACEMENT(#13,#8);
#7951=IFCBUILDINGELEMENTPROXY('1fZ1IHOyHQ_XcfaBeeFUOB',$,'Building 569366',$,$,#7950,#7949,$,.ELEMENT.);
#7952=IFCPROPERTYSINGLEVALUE('osm_id',$,IFCLABEL('way/569366'),$);
#7953=IFCPROPERTYSINGLEVALUE('height_source',$,IFCLABEL('fallback'),$);
#7954=IFCPROPERTYSINGLEVALUE('height_m',$,IFCREAL(9.),$);
#7955=IFCPROPERTYSET('02qozoCdNVZ9OdcB0BJIJP',$,'Pset_SiteContext',$,(#7952,#7953,#7954));
#7956=IFCRELDEFINESBYPROPERTIES('2DHWpY8cK_Dn$UykYxjzPM',$,$,$,(#7951),#7955);
#7957=IFCCARTESIANPOINT((219.51259925612248,81.81360630784184));
#7958=IFCCARTESIANPOINT((216.61941534548532,84.23912770207971));
#7959=IFCCARTESIANPOINT((221.85137918381952,90.56809291616082));
#7960=IFCCARTESIANPOINT((224.672372204368,88.28772191423923));
#7961=IFCCARTESIANPOINT((220.43537468020804,83.39621351286769));
#7962=IFCCARTESIANPOINT((220.61716581974179,83.19457114674151));
#7963=IFCCARTESIANPOINT((220.66164195234887,83.24980734847486));
#7964=IFCCARTESIANPOINT((229.44919135479722,76.61732509545982));
#7965=IFCCARTESIANPOINT((230.79227962577716,79.3529696399346));
#7966=IFCCARTESIANPOINT((232.091072172625,82.05561654362828));
#7967=IFCCARTESIANPOINT((235.643949133344,89.43245138414204));
#7968=IFCCARTESIANPOINT((241.74963759584352,102.12599374912679));
#7969=IFCCARTESIANPOINT((246.07126842718571,111.09782406687737));
#7970=IFCCARTESIANPOINT((239.3437653714791,114.81117750704288));
#7971=IFCCARTESIANPOINT((233.95665256062057,117.33488844987005));
#7972=IFCCARTESIANPOINT((225.91304866899736,121.6149965710938));
#7973=IFCCARTESIANPOINT((224.72260862402618,119.60089822486043));
#7974=IFCCARTESIANPOINT((222.79948622756638,118.61581226158887));
#7975=IFCCARTESIANPOINT((221.64478378370404,119.1812355844304));
#7976=IFCCARTESIANPOINT((216.28163177438546,110.26240809261799));
#7977=IFCCARTESIANPOINT((213.12244408088736,113.35729730129242));
#7978=IFCCARTESIANPOINT((207.31344925705343,117.22998462244868));
#7979=IFCCARTESIANPOINT((203.4999871815089,119.27383485995233));
#7980=IFCCARTESIANPOINT((202.49568837846164,117.59181694127619));
#7981=IFCCARTESIANPOINT((200.84298158052843,118.27251161914319));
#7982=IFCCARTESIANPOINT((196.28141025966033,112.27168306615204));
#7983=IFCCARTESIANPOINT((196.64480734372046,111.84615844674408));
#7984=IFCCARTESIANPOINT((198.65373622474726,109.86152603011578));
#7985=IFCCARTESIANPOINT((202.98111436492763,106.05653310753405));
#7986=IFCCARTESIANPOINT((194.34159840201028,95.77450753003359));
#7987=IFCCARTESIANPOINT((199.68610370880924,91.62760569527745));
#7988=IFCCARTESIANPOINT((207.41907823167276,101.4166491413489));
#7989=IFCCARTESIANPOINT((210.96269987605046,98.6744533572346));
#7990=IFCCARTESIANPOINT((213.76991877972614,96.50538814812899));
#7991=IFCCARTESIANPOINT((203.881278000772,85.11044339463115));
#7992=IFCCARTESIANPOINT((206.64420632307883,82.90837717428803));
#7993=IFCCARTESIANPOINT((206.93325664184522,83.26185222249478));
#7994=IFCCARTESIANPOINT((206.6626951014623,83.37526110652834));
#7995=IFCCARTESIANPOINT((209.2494724583812,86.55665698647499));
#7996=IFCCARTESIANPOINT((211.04293567617424,85.14090320374817));
#7997=IFCCARTESIANPOINT((209.8049384817714,83.59423181321472));
#7998=IFCCARTESIANPOINT((212.28336050966755,81.59465001616627));
#7999=IFCCARTESIANPOINT((212.4687840581173,81.83777291700244));
#8000=IFCCARTESIANPOINT((216.77536183490884,78.17751971352845));
#8001=IFCPOLYLINE((#7957,#7958,#7959,#7960,#7961,#7962,#7963,#7964,#7965,#7966,#7967,#7968,#7969,#7970,#7971,#7972,#7973,#7974,#7975,#7976,#7977,#7978,#7979,#7980,#7981,#7982,#7983,#7984,#7985,#7986,#7987,#7988,#7989,#7990,#7991,#7992,#7993,#7994,#7995,#7996,#7997,#7998,#7999,#8000,#7957));
#8002=IFCARBITRARYCLOSEDPROFILEDEF(.AREA.,$,#8001);
#8003=IFCEXTRUDEDAREASOLID(#8002,#8,#6,9.);
#8004=IFCSHAPEREPRESENTATION(#11,'Body','SweptSolid',(#8003));
#8005=IFCPRODUCTDEFINITIONSHAPE($,$,(#8004));
#8006=IFCLOCALPLACEMENT(#13,#8);
#8007=IFCBUILDINGELEMENTPROXY('0J9Z90c9cD$dYscAsdoU9C',$,'Building 569367',$,$,#8006,#8005,$,.ELEMENT.);
#8008=IFCPROPERTYSINGLEVALUE('osm_id',$,IFCLABEL('way/569367'),$);
#8009=IFCPROPERTYSINGLEVALUE('height_source',$,IFCLABEL('fallback'),$);
#8010=IFCPROPERTYSINGLEVALUE('height_m',$,IFCREAL(9.),$);
#8011=IFCPROPERTYSET('1rzXI9121cDP8xcqLcaQwT',$,'Pset_SiteContext',$,(#8008,#8009,#8010));
#8012=IFCRELDEFINESBYPROPERTIES('0bFbA42GCwTpL5A2l2lkW_',$,$,$,(#8007),#8011);
#8013=IFCCARTESIANPOINT((197.91672103386372,141.7927342718467));
#8014=IFCCARTESIANPOINT((195.1641659347806,137.1782314935699));
#8015=IFCCARTESIANPOINT((195.37548399728257,136.99858674500138));
#8016=IFCCARTESIANPOINT((194.58622880943585,135.5928100598976));
#8017=IFCCARTESIANPOINT((189.5230476121651,126.57147603109479));
#8018=IFCCARTESIANPOINT((203.4999871815089,119.27383485995233));
#8019=IFCCARTESIANPOINT((207.31344925705343,117.22998462244868));
#8020=IFCCARTESIANPOINT((213.12244408088736,113.35729730129242));
#8021=IFCCARTESIANPOINT((216.28163177438546,110.26240809261799));
#8022=IFCCARTESIANPOINT((221.64478378370404,119.1812355844304));
#8023=IFCCARTESIANPOINT((222.79948622756638,118.61581226158887));
#8024=IFCCARTESIANPOINT((224.72260862402618,119.60089822486043));
#8025=IFCCARTESIANPOINT((225.91304866899736,121.6149965710938));
#8026=IFCCARTESIANPOINT((229.2569179602433,127.65915029775351));
#8027=IFCCARTESIANPOINT((220.40163544693496,131.37877964228392));
#8028=IFCCARTESIANPOINT((215.97151047736406,133.3831782490015));
#8029=IFCPOLYLINE((#8013,#8014,#8015,#8016,#8017,#8018,#8019,#8020,#8021,#8022,#8023,#8024,#8025,#8026,#8027,#8028,#8013));
#8030=IFCARBITRARYCLOSEDPROFILEDEF(.AREA.,$,#8029);
#8031=IFCEXTRUDEDAREASOLID(#8030,#8,#6,9.);
#8032=IFCSHAPEREPRESENTATION(#11,'Body','SweptSolid',(#8031));
#8033=IFCPRODUCTDEFINITIONSHAPE($,$,(#8032));
#8034=IFCLOCALPLACEMENT(#13,#8);
#8035=IFCBUILDINGELEMENTPROXY('2R20dlIS_5$DoLEcJ0OmHa',$,'Building 569368',$,$,#8034,#8033,$,.ELEMENT.);
#8036=IFCPROPERTYSINGLEVALUE('osm_id',$,IFCLABEL('way/569368'),$);
#8037=IFCPROPERTYSINGLEVALUE('height_source',$,IFCLABEL('fallback'),$);
#8038=IFCPROPERTYSINGLEVALUE('height_m',$,IFCREAL(9.),$);
#8039=IFCPROPERTYSET('1GxhAWRW3g3LW4mqzvLCR0',$,'Pset_SiteContext',$,(#8036,#8037,#8038));
#8040=IFCRELDEFINESBYPROPERTIES('2nKRpW4s_3YBSE$zmGZxQh',$,$,$,(#8035),#8039);
#8041=IFCCARTESIANPOINT((214.01550552912522,67.28033840004355));
#8042=IFCCARTESIANPOINT((218.9188477214193,63.915450137108564));
#8043=IFCCARTESIANPOINT((223.97138335648924,65.3420152887702));
#8044=IFCCARTESIANPOINT((225.95644784427714,69.41792175360024));
#8045=IFCCARTESIANPOINT((229.44919135479722,76.61732509545982));
#8046=IFCCARTESIANPOINT((220.66164195234887,83.24980734847486));
#8047=IFCCARTESIANPOINT((220.61716581974179,83.19457114674151));
#8048=IFCCARTESIANPOINT((219.51259925612248,81.81360630784184));
#8049=IFCCARTESIANPOINT((216.77536183490884,78.17751971352845));
#8050=IFCCARTESIANPOINT((210.61633330071345,69.74335465114564));
#8051=IFCPOLYLINE((#8041,#8042,#8043,#8044,#8045,#8046,#8047,#8048,#8049,#8050,#8041));
#8052=IFCARBITRARYCLOSEDPROFILEDEF(.AREA.,$,#8051);
#8053=IFCEXTRUDEDAREASOLID(#8052,#8,#6,9.);
#8054=IFCSHAPEREPRESENTATION(#11,'Body','SweptSolid',(#8053));
#8055=IFCPRODUCTDEFINITIONSHAPE($,$,(#8054));
#8056=IFCLOCALPLACEMENT(#13,#8);
#8057=IFCBUILDINGELEMENTPROXY('2IId2yQizpp1OXhWz$G6bH',$,'Building 569369',$,$,#8056,#8055,$,.ELEMENT.);
#8058=IFCPROPERTYSINGLEVALUE('osm_id',$,IFCLABEL('way/569369'),$);
#8059=IFCPROPERTYSINGLEVALUE('height_source',$,IFCLABEL('fallback'),$);
#8060=IFCPROPERTYSINGLEVALUE('height_m',$,IFCREAL(9.),$);
#8061=IFCPROPERTYSET('1CicVU1blwaFJ79aq2PAQX',$,'Pset_SiteContext',$,(#8058,#8059,#8060));
#8062=IFCRELDEFINESBYPROPERTIES('14I1eT8xKUpTKyZb7$opzG',$,$,$,(#8057),#8061);
#8063=IFCCARTESIANPOINT((214.31982896581758,161.1407824214548));
#8064=IFCCARTESIANPOINT((212.47066563309636,157.53080233559012));
#8065=IFCCARTESIANPOINT((224.36081596673466,151.673599162139));
#8066=IFCCARTESIANPOINT((225.64419568085577,154.28741287160665));
#8067=IFCCARTESIANPOINT((227.0544130523922,153.56422541383654));
#8068=IFCCARTESIANPOINT((228.51782178436406,153.9637124920264));
#8069=IFCCARTESIANPOINT((229.2423956716666,155.53682032134384));
#8070=IFCCARTESIANPOINT((225.11319114326034,157.54987540654838));
#8071=IFCCARTESIANPOINT((229.2252148319967,166.91260466724634));
#8072=IFCCARTESIANPOINT((230.30976617673878,169.4390839766711));
#8073=IFCCARTESIANPOINT((213.99135344207752,176.62234872486442));
#8074=IFCCARTESIANPOINT((213.2052674003644,174.70502839051187));
#8075=IFCCARTESIANPOINT((209.34947024134453,165.27349751628935));
#8076=IFCCARTESIANPOINT((209.28207562945317,165.10724969860166));
#8077=IFCCARTESIANPOINT((208.93767476943322,164.2649514079094));
#8078=IFCCARTESIANPOINT((209.25604887597729,163.71747638192028));
#8079=IFCPOLYLINE((#8063,#8064,#8065,#8066,#8067,#8068,#8069,#8070,#8071,#8072,#8073,#8074,#8075,#8076,#8077,#8078,#8063));
#8080=IFCARBITRARYCLOSEDPROFILEDEF(.AREA.,$,#8079);
#8081=IFCEXTRUDEDAREASOLID(#8080,#8,#6,9.);
#8082=IFCSHAPEREPRESENTATION(#11,'Body','SweptSolid',(#8081));
#8083=IFCPRODUCTDEFINITIONSHAPE($,$,(#8082));
#8084=IFCLOCALPLACEMENT(#13,#8);
#8085=IFCBUILDINGELEMENTPROXY('20DtYGyFYf4SfFE6wnVhZg',$,'Building 569370',$,$,#8084,#8083,$,.ELEMENT.);
#8086=IFCPROPERTYSINGLEVALUE('osm_id',$,IFCLABEL('way/569370'),$);
#8087=IFCPROPERTYSINGLEVALUE('height_source',$,IFCLABEL('fallback'),$);
#8088=IFCPROPERTYSINGLEVALUE('height_m',$,IFCREAL(9.),$);
#8089=IFCPROPERTYSET('1ewtte15Fl$7ZF7okfGujA',$,'Pset_SiteContext',$,(#8086,#8087,#8088));
#8090=IFCRELDEFINESBYPROPERTIES('0tbUYq9dj6EJmO1VOi8RLe',$,$,$,(#8085),#8089);
#8091=IFCCARTESIANPOINT((261.05441692320164,56.2435090970248));
#8092=IFCCARTESIANPOINT((257.3245186373824,59.54318673443049));
#8093=IFCCARTESIANPOINT((257.56211689615157,59.88596418686211));
#8094=IFCCARTESIANPOINT((254.1965096940985,61.06989477202296));
#8095=IFCCARTESIANPOINT((253.96851672895718,61.00503600295633));
#8096=IFCCARTESIANPOINT((251.03404640685767,53.87890209350735));
#8097=IFCCARTESIANPOINT((245.78662691509817,43.858239711262286));
#8098=IFCCARTESIANPOINT((250.6896574293496,41.349612231366336));
#8099=IFCCARTESIANPOINT((255.92983484175056,38.7937583681196));
#8100=IFCCARTESIANPOINT((259.5036944752792,37.052136150188744));
#8101=IFCCARTESIANPOINT((260.09827016072813,37.08064445760101));
#8102=IFCCARTESIANPOINT((260.27690034371335,37.39054347574711));
#8103=IFCCARTESIANPOINT((263.2454903994221,42.40362636279315));
#8104=IFCCARTESIANPOINT((265.93870324490126,46.940802863799036));
#8105=IFCPOLYLINE((#8091,#8092,#8093,#8094,#8095,#8096,#8097,#8098,#8099,#8100,#8101,#8102,#8103,#8104,#8091));
#8106=IFCARBITRARYCLOSEDPROFILEDEF(.AREA.,$,#8105);
#8107=IFCEXTRUDEDAREASOLID(#8106,#8,#6,15.);
#8108=IFCSHAPEREPRESENTATION(#11,'Body','SweptSolid',(#8107));
#8109=IFCPRODUCTDEFINITIONSHAPE($,$,(#8108));
#8110=IFCLOCALPLACEMENT(#13,#8);
#8111=IFCBUILDINGELEMENTPROXY('2JKG3CscfOMQDeyjvk1J5b',$,'Building 570242',$,$,#8110,#8109,$,.ELEMENT.);
#8112=IFCPROPERTYSINGLEVALUE('osm_id',$,IFCLABEL('way/570242'),$);
#8113=IFCPROPERTYSINGLEVALUE('height_source',$,IFCLABEL('tag:levels'),$);
#8114=IFCPROPERTYSINGLEVALUE('height_m',$,IFCREAL(15.),$);
#8115=IFCPROPERTYSET('3vjq00ewCqnfbyHV$PzJ52',$,'Pset_SiteContext',$,(#8112,#8113,#8114));
#8116=IFCRELDEFINESBYPROPERTIES('2Fg3m3LEXnrVQWhyqKE83T',$,$,$,(#8111),#8115);
#8117=IFCCARTESIANPOINT((283.543077872484,91.2211195928976));
#8118=IFCCARTESIANPOINT((281.8260025571799,87.61004237085581));
#8119=IFCCARTESIANPOINT((276.1957453629002,91.81479795183986));
#8120=IFCCARTESIANPOINT((266.888599854894,98.61824701353908));
#8121=IFCCARTESIANPOINT((256.7537568799453,105.5952636692673));
#8122=IFCCARTESIANPOINT((255.00774637889117,106.53246137592942));
#8123=IFCCARTESIANPOINT((251.38805460033473,99.05608024913818));
#8124=IFCCARTESIANPOINT((247.21597685711458,90.42774253245443));
#8125=IFCCARTESIANPOINT((246.7011016982142,89.3755561299622));
#8126=IFCCARTESIANPOINT((255.55316191655584,82.55354884173721));
#8127=IFCCARTESIANPOINT((266.9237180027412,73.24239590764046));
#8128=IFCCARTESIANPOINT((271.46703430556227,78.80975149571896));
#8129=IFCCARTESIANPOINT((273.1477289664326,76.16063055209816));
#8130=IFCCARTESIANPOINT((273.3922091552522,76.44775315839797));
#8131=IFCCARTESIANPOINT((278.85662094224244,71.6994741037488));
#8132=IFCCARTESIANPOINT((284.44916142115835,81.76183306612074));
#8133=IFCCARTESIANPOINT((287.73311682243366,87.66194846760482));
#8134=IFCPOLYLINE((#8117,#8118,#8119,#8120,#8121,#8122,#8123,#8124,#8125,#8126,#8127,#8128,#8129,#8130,#8131,#8132,#8133,#8117));
#8135=IFCARBITRARYCLOSEDPROFILEDEF(.AREA.,$,#8134);
#8136=IFCEXTRUDEDAREASOLID(#8135,#8,#6,9.);
#8137=IFCSHAPEREPRESENTATION(#11,'Body','SweptSolid',(#8136));
#8138=IFCPRODUCTDEFINITIONSHAPE($,$,(#8137));
#8139=IFCLOCALPLACEMENT(#13,#8);
#8140=IFCBUILDINGELEMENTPROXY('1zdQvWPpElZ$jeTF4xu7kB',$,'Building 570243',$,$,#8139,#8138,$,.ELEMENT.);
#8141=IFCPROPERTYSINGLEVALUE('osm_id',$,IFCLABEL('way/570243'),$);
#8142=IFCPROPERTYSINGLEVALUE('height_source',$,IFCLABEL('fallback'),$);
#8143=IFCPROPERTYSINGLEVALUE('height_m',$,IFCREAL(9.),$);
#8144=IFCPROPERTYSET('1JvjM2o8qHNHECRdkCGgdI',$,'Pset_SiteContext',$,(#8141,#8142,#8143));
#8145=IFCRELDEFINESBYPROPERTIES('1UcrIaIK0XNOVFm482TRYS',$,$,$,(#8140),#8144);
#8146=IFCCARTESIANPOINT((273.3922091552522,76.44775315839797));
#8147=IFCCARTESIANPOINT((273.1477289664326,76.16063055209816));
#8148=IFCCARTESIANPOINT((271.46703430556227,78.80975149571896));
#8149=IFCCARTESIANPOINT((266.9237180027412,73.24239590764046));
#8150=IFCCARTESIANPOINT((264.61522987508215,69.99198512360454));
#8151=IFCCARTESIANPOINT((263.9987261745846,69.07406504172832));
#8152=IFCCARTESIANPOINT((268.06448289437685,64.67078364919871));
#8153=IFCCARTESIANPOINT((271.84997689328156,59.19116342347115));
#8154=IFCCARTESIANPOINT((275.26022916985676,65.27927855215967));
#8155=IFCCARTESIANPOINT((276.34739966026973,67.22750939521939));
#8156=IFCCARTESIANPOINT((278.85662094224244,71.6994741037488));
#8157=IFCPOLYLINE((#8146,#8147,#8148,#8149,#8150,#8151,#8152,#8153,#8154,#8155,#8156,#8146));
#8158=IFCARBITRARYCLOSEDPROFILEDEF(.AREA.,$,#8157);
#8159=IFCEXTRUDEDAREASOLID(#8158,#8,#6,21.);
#8160=IFCSHAPEREPRESENTATION(#11,'Body','SweptSolid',(#8159));
#8161=IFCPRODUCTDEFINITIONSHAPE($,$,(#8160));
#8162=IFCLOCALPLACEMENT(#13,#8);
#8163=IFCBUILDINGELEMENTPROXY('2yOnTliS8p4M6B8YoJaOzl',$,'Bourg Tibourg',$,$,#8162,#8161,$,.ELEMENT.);
#8164=IFCPROPERTYSINGLEVALUE('osm_id',$,IFCLABEL('way/570245'),$);
#8165=IFCPROPERTYSINGLEVALUE('height_source',$,IFCLABEL('tag:levels'),$);
#8166=IFCPROPERTYSINGLEVALUE('height_m',$,IFCREAL(21.),$);
#8167=IFCPROPERTYSET('3MREr5xHSmwH7h7ve6gQmR',$,'Pset_SiteContext',$,(#8164,#8165,#8166));
#8168=IFCRELDEFINESBYPROPERTIES('0OTi1cdgBWXW$lO1fxK4e6',$,$,$,(#8163),#8167);
#8169=IFCCARTESIANPOINT((300.15395781444386,41.568864684551954));
#8170=IFCCARTESIANPOINT((291.9725179349771,46.061278586275876));
#8171=IFCCARTESIANPOINT((288.96002289059106,41.059658927842975));
#8172=IFCCARTESIANPOINT((283.9504561845679,44.002797834575176));
#8173=IFCCARTESIANPOINT((282.29623556521256,40.90272341296077));
#8174=IFCCARTESIANPOINT((280.642557305051,37.869364351034164));
#8175=IFCCARTESIANPOINT((277.9458150458522,32.89853509142995));
#8176=IFCCARTESIANPOINT((277.670533900382,32.433745610527694));
#8177=IFCCARTESIANPOINT((283.2592921948526,30.330988557077944));
#8178=IFCCARTESIANPOINT((292.066764634219,27.023284998722374));
#8179=IFCPOLYLINE((#8169,#8170,#8171,#8172,#8173,#8174,#8175,#8176,#8177,#8178,#8169));
#8180=IFCARBITRARYCLOSEDPROFILEDEF(.AREA.,$,#8179);
#8181=IFCEXTRUDEDAREASOLID(#8180,#8,#6,18.);
#8182=IFCSHAPEREPRESENTATION(#11,'Body','SweptSolid',(#8181));
#8183=IFCPRODUCTDEFINITIONSHAPE($,$,(#8182));
#8184=IFCLOCALPLACEMENT(#13,#8);
#8185=IFCBUILDINGELEMENTPROXY('1s1gpPNkzjg$zdgsWSkGEr',$,'Building 570247',$,$,#8184,#8183,$,.ELEMENT.);
#8186=IFCPROPERTYSINGLEVALUE('osm_id',$,IFCLABEL('way/570247'),$);
#8187=IFCPROPERTYSINGLEVALUE('height_source',$,IFCLABEL('tag:levels'),$);
#8188=IFCPROPERTYSINGLEVALUE('height_m',$,IFCREAL(18.),$);
#8189=IFCPROPERTYSET('2o4TxqzNcaBOGVjlIFD5hE',$,'Pset_SiteContext',$,(#8186,#8187,#8188));
#8190=IFCRELDEFINESBYPROPERTIES('3gAHdOZXfchiV4u0ZS69BU',$,$,$,(#8185),#8189);
#8191=IFCCARTESIANPOINT((317.0651465508854,-4.58300859015435));
#8192=IFCCARTESIANPOINT((311.4557809677208,-2.3021992119029164));
#8193=IFCCARTESIANPOINT((309.033353637089,-1.5263039339333773));
#8194=IFCCARTESIANPOINT((297.17005996825173,3.174029496498406));
#8195=IFCCARTESIANPOINT((293.0081105277641,4.786984262987971));
#8196=IFCCARTESIANPOINT((297.9638530885568,-7.463038672693074));
#8197=IFCCARTESIANPOINT((302.76396253251005,-9.103431574068964));
#8198=IFCCARTESIANPOINT((311.8553925367305,-11.790705491788685));
#8199=IFCCARTESIANPOINT((323.56374412588775,-15.700234736315906));
#8200=IFCCARTESIANPOINT((324.0833225789247,-15.871266387403011));
#8201=IFCCARTESIANPOINT((324.4419368105009,-15.985387100838125));
#8202=IFCCARTESIANPOINT((325.2981181368232,-16.270359985530376));
#8203=IFCCARTESIANPOINT((325.34205042698886,-16.281837809830904));
#8204=IFCCARTESIANPOINT((325.54694698681124,-16.35022649820894));
#8205=IFCCARTESIANPOINT((325.9565600908827,-15.608532717451453));
#8206=IFCCARTESIANPOINT((329.32349985372275,-9.431077699176967));
#8207=IFCPOLYLINE((#8191,#8192,#8193,#8194,#8195,#8196,#8197,#8198,#8199,#8200,#8201,#8202,#8203,#8204,#8205,#8206,#8191));
#8208=IFCARBITRARYCLOSEDPROFILEDEF(.AREA.,$,#8207);
#8209=IFCEXTRUDEDAREASOLID(#8208,#8,#6,9.);
#8210=IFCSHAPEREPRESENTATION(#11,'Body','SweptSolid',(#8209));
#8211=IFCPRODUCTDEFINITIONSHAPE($,$,(#8210));
#8212=IFCLOCALPLACEMENT(#13,#8);
#8213=IFCBUILDINGELEMENTPROXY('1DfwTC6LQQ9WaWBe1C31Yz',$,'Building 570339',$,$,#8212,#8211,$,.ELEMENT.);
#8214=IFCPROPERTYSINGLEVALUE('osm_id',$,IFCLABEL('way/570339'),$);
#8215=IFCPROPERTYSINGLEVALUE('height_source',$,IFCLABEL('fallback'),$);
#8216=IFCPROPERTYSINGLEVALUE('height_m',$,IFCREAL(9.),$);
#8217=IFCPROPERTYSET('0c_ch4zJ_1agKYF7o4EZXg',$,'Pset_SiteContext',$,(#8214,#8215,#8216));
#8218=IFCRELDEFINESBYPROPERTIES('2xA7BCqSf7HYrwWtYKP9Ha',$,$,$,(#8213),#8217);
#8219=IFCCARTESIANPOINT((-226.19356716738548,-312.9432501550764));
#8220=IFCCARTESIANPOINT((-226.47101829154417,-312.7741654459387));
#8221=IFCCARTESIANPOINT((-220.44158663915005,-300.6031447639689));
#8222=IFCCARTESIANPOINT((-219.8596388963051,-299.44035653490573));
#8223=IFCCARTESIANPOINT((-213.86774669506121,-287.36909720581025));
#8224=IFCCARTESIANPOINT((-213.53141325048637,-287.51642686873674));
#8225=IFCCARTESIANPOINT((-208.87366020586342,-277.947254168801));
#8226=IFCCARTESIANPOINT((-241.9220825600205,-262.59632635768503));
#8227=IFCCARTESIANPOINT((-237.3539131678408,-252.32588479667902));
#8228=IFCCARTESIANPOINT((-236.78554152324796,-251.02954761311412));
#8229=IFCCARTESIANPOINT((-236.3442901329836,-250.02127859182656));
#8230=IFCCARTESIANPOINT((-235.67869877407793,-248.50334567576647));
#8231=IFCCARTESIANPOINT((-234.96825809555594,-246.88570370711386));
#8232=IFCCARTESIANPOINT((-234.1232689017197,-244.9689347334206));
#8233=IFCCARTESIANPOINT((-232.85931736032944,-242.07707208767533));
#8234=IFCCARTESIANPOINT((-231.49080978450365,-238.963673889637));
#8235=IFCCARTESIANPOINT((-230.60079002159182,-236.92495707981288));
#8236=IFCCARTESIANPOINT((-228.15543982607778,-231.3629462653771));
#8237=IFCCARTESIANPOINT((-227.0860247843666,-228.92539268825203));
#8238=IFCCARTESIANPOINT((-226.66000145871658,-227.98371639847755));
#8239=IFCCARTESIANPOINT((-192.07765430677682,-244.17006705142558));
#8240=IFCCARTESIANPOINT((-187.3757627645973,-234.5789981111884));
#8241=IFCCARTESIANPOINT((-222.33796051656827,-218.18938567955047));
#8242=IFCCARTESIANPOINT((-219.09304545260966,-210.87702255975455));
#8243=IFCCARTESIANPOINT((-214.7292977818288,-212.93679963517934));
#8244=IFCCARTESIANPOINT((-214.92437676829286,-213.45782541669905));
#8245=IFCCARTESIANPOINT((-193.67818327015266,-223.78530472982675));
#8246=IFCCARTESIANPOINT((-189.02256885252427,-226.04762367997319));
#8247=IFCCARTESIANPOINT((-181.4649750625249,-210.06391001306474));
#8248=IFCCARTESIANPOINT((-179.52752462343778,-210.9249741025269));
#8249=IFCCARTESIANPOINT((-177.17513544729445,-205.95152812171727));
#8250=IFCCARTESIANPOINT((-184.35389451880474,-202.6676517361775));
#8251=IFCCARTESIANPOINT((-197.7755018353928,-196.5078968750313));
#8252=IFCCARTESIANPOINT((-195.8405901263468,-192.33164864964783));
#8253=IFCCARTESIANPOINT((-194.23646367376205,-191.78886953927577));
#8254=IFCCARTESIANPOINT((-188.8785939447116,-194.31273063179106));
#8255=IFCCARTESIANPOINT((-188.09525695326738,-192.75128206796944));
#8256=IFCCARTESIANPOINT((-170.58779924584087,-200.85727186128497));
#8257=IFCCARTESIANPOINT((-165.87900613318197,-191.31071892846376));
#8258=IFCCARTESIANPOINT((-166.24413539050147,-191.0964356577024));
#8259=IFCCARTESIANPOINT((-163.88635026628617,-186.35654514282942));
#8260=IFCCARTESIANPOINT((-163.20739171863534,-184.9943914236501));
#8261=IFCCARTESIANPOINT((-160.2825451932149,-179.1138215046376));
#8262=IFCCARTESIANPOINT((-159.84413446253166,-179.33982749842107));
#8263=IFCCARTESIANPOINT((-155.3595230538631,-170.28069324232638));
#8264=IFCCARTESIANPOINT((-161.4559847576311,-167.45054646767676));
#8265=IFCCARTESIANPOINT((-182.26718947896734,-157.78283368982375));
#8266=IFCCARTESIANPOINT((-193.3781612738967,-152.62066244985908));
#8267=IFCCARTESIANPOINT((-192.74349826655816,-151.2915065176785));
#8268=IFCCARTESIANPOINT((-201.5963794789277,-147.25990538485348));
#8269=IFCCARTESIANPOINT((-201.7818276793696,-147.5030145738274));
#8270=IFCCARTESIANPOINT((-206.116180957295,-145.4434880008921));
#8271=IFCCARTESIANPOINT((-216.37817989953328,-140.55514358822256));
#8272=IFCCARTESIANPOINT((-227.6071269303793,-135.46977229509503));
#8273=IFCCARTESIANPOINT((-232.0883913722355,-133.43125466629863));
#8274=IFCCARTESIANPOINT((-231.96109070978127,-133.12094784900546));
#8275=IFCCARTESIANPOINT((-240.79108014318626,-128.9893957162276));
#8276=IFCCARTESIANPOINT((-241.44831383635756,-130.38507978897542));
#8277=IFCCARTESIANPOINT((-252.0841830932768,-125.4602287048474));
#8278=IFCCARTESIANPOINT((-275.1979794908548,-114.76127745117992));
#8279=IFCCARTESIANPOINT((-279.2914371161023,-112.85936109628528));
#8280=IFCCARTESIANPOINT((-282.496756539098,-120.70577695593238));
#8281=IFCCARTESIANPOINT((-283.10346430842765,-122.20195226371288));
#8282=IFCCARTESIANPOINT((-282.78952114703134,-122.3935809256509));
#8283=IFCCARTESIANPOINT((-283.45676271850243,-124.11165398079902));
#8284=IFCCARTESIANPOINT((-286.8835935118841,-133.01262614969164));
#8285=IFCCARTESIANPOINT((-287.61834150354844,-134.90805932320654));
#8286=IFCCARTESIANPOINT((-287.9398978081299,-134.74972718954086));
#8287=IFCCARTESIANPOINT((-288.50992189731915,-136.24620455410331));
#8288=IFCCARTESIANPOINT((-291.76488867076114,-144.77051611058414));
#8289=IFCCARTESIANPOINT((-255.36099414981436,-161.55052884295583));
#8290=IFCCARTESIANPOINT((-258.23924508609343,-167.99854971375316));
#8291=IFCCARTESIANPOINT((-288.84973267267924,-154.3020635554567));
#8292=IFCCARTESIANPOINT((-288.0930617363192,-152.41793162282556));
#8293=IFCCARTESIANPOINT((-293.73113654961344,-150.0695821819827));
#8294=IFCCARTESIANPOINT((-298.1132394633023,-160.90863714087754));
#8295=IFCCARTESIANPOINT((-302.3116494360147,-171.7158449422568));
#8296=IFCCARTESIANPOINT((-302.11418372008484,-171.795314271003));
#8297=IFCCARTESIANPOINT((-266.84606218291447,-187.50963043328375));
#8298=IFCCARTESIANPOINT((-270.2558416624088,-195.23204325698316));
#8299=IFCCARTESIANPOINT((-304.32221523532644,-177.04790011327714));
#8300=IFCCARTESIANPOINT((-307.24593689572066,-184.55190793797374));
#8301=IFCCARTESIANPOINT((-308.1829381083371,-186.94606169033796));
#8302=IFCCARTESIANPOINT((-281.30558394955005,-201.32351058814675));
#8303=IFCCARTESIANPOINT((-282.87341217009816,-204.57981139793992));
#8304=IFCCARTESIANPOINT((-297.1443072697148,-197.3119503930211));
#8305=IFCCARTESIANPOINT((-296.5131897117244,-195.5268624573946));
#8306=IFCCARTESIANPOINT((-298.304145798902,-194.70032790955156));
#8307=IFCCARTESIANPOINT((-310.4925989944022,-223.16661978326738));
#8308=IFCCARTESIANPOINT((-291.98357452172786,-232.60450842697173));
#8309=IFCCARTESIANPOINT((-293.79896713839844,-236.5148337939754));
#8310=IFCCARTESIANPOINT((-321.52923848910723,-221.440856333822));
#8311=IFCCARTESIANPOINT((-321.7569736385485,-221.4723349865526));
#8312=IFCCARTESIANPOINT((-324.84427493531257,-229.23073730245233));
#8313=IFCCARTESIANPOINT((-325.66095263685565,-231.27004581782967));
#8314=IFCCARTESIANPOINT((-325.31050147663336,-231.48421785328537));
#8315=IFCCARTESIANPOINT((-326.1275470238179,-233.56800266820937));
#8316=IFCCARTESIANPOINT((-332.4757195088314,-249.66159799229354));
#8317=IFCCARTESIANPOINT((-336.1347510777414,-259.11660777777433));
#8318=IFCCARTESIANPOINT((-336.4199013430625,-258.99193350505084));
#8319=IFCCARTESIANPOINT((-338.2635913643753,-263.6581608885899));
#8320=IFCCARTESIANPOINT((-340.1073761668522,-268.33550660684705));
#8321=IFCCARTESIANPOINT((-328.2600003798725,-274.08226916380227));
#8322=IFCCARTESIANPOINT((-309.1258686463116,-283.36969321686774));
#8323=IFCCARTESIANPOINT((-309.40350699215196,-284.1124310027808));
#8324=IFCCARTESIANPOINT((-299.6600878944155,-288.72977554798126));
#8325=IFCCARTESIANPOINT((-296.65722840605304,-290.311344104819));
#8326=IFCCARTESIANPOINT((-295.4830298377201,-287.6300321863964));
#8327=IFCCARTESIANPOINT((-284.2940186546184,-293.13775175157934));
#8328=IFCCARTESIANPOINT((-279.8729993753368,-295.3759665051475));
#8329=IFCCARTESIANPOINT((-273.4351740415441,-298.64272514916956));
#8330=IFCCARTESIANPOINT((-274.4971917697694,-301.0692102331668));
#8331=IFCCARTESIANPOINT((-272.78012475639116,-301.9618459008634));
#8332=IFCCARTESIANPOINT((-266.4940826863749,-304.94934794306755));
#8333=IFCCARTESIANPOINT((-261.70681377185974,-307.2684088777751));
#8334=IFCCARTESIANPOINT((-261.46008978271857,-306.7144514610991));
#8335=IFCCARTESIANPOINT((-230.56044590100646,-321.9365722704679));
#8336=IFCPOLYLINE((#8219,#8220,#8221,#8222,#8223,#8224,#8225,#8226,#8227,#8228,#8229,#8230,#8231,#8232,#8233,#8234,#8235,#8236,#8237,#8238,#8239,#8240,#8241,#8242,#8243,#8244,#8245,#8246,#8247,#8248,#8249,#8250,#8251,#8252,#8253,#8254,#8255,#8256,#8257,#8258,#8259,#8260,#8261,#8262,#8263,#8264,#8265,#8266,#8267,#8268,#8269,#8270,#8271,#8272,#8273,#8274,#8275,#8276,#8277,#8278,#8279,#8280,#8281,#8282,#8283,#8284,#8285,#8286,#8287,#8288,#8289,#8290,#8291,#8292,#8293,#8294,#8295,#8296,#8297,#8298,#8299,#8300,#8301,#8302,#8303,#8304,#8305,#8306,#8307,#8308,#8309,#8310,#8311,#8312,#8313,#8314,#8315,#8316,#8317,#8318,#8319,#8320,#8321,#8322,#8323,#8324,#8325,#8326,#8327,#8328,#8329,#8330,#8331,#8332,#8333,#8334,#8335,#8219));
#8337=IFCARBITRARYCLOSEDPROFILEDEF(.AREA.,$,#8336);
#8338=IFCEXTRUDEDAREASOLID(#8337,#8,#6,18.);
#8339=IFCSHAPEREPRESENTATION(#11,'Body','SweptSolid',(#8338));
#8340=IFCPRODUCTDEFINITIONSHAPE($,$,(#8339));
#8341=IFCLOCALPLACEMENT(#13,#8);
#8342=IFCBUILDINGELEMENTPROXY('3HjXf0LYvhB1IKQvyW5BDm',$,'Building 2449758',$,$,#8341,#8340,$,.ELEMENT.);
#8343=IFCPROPERTYSINGLEVALUE('osm_id',$,IFCLABEL('way/2449758'),$);
#8344=IFCPROPERTYSINGLEVALUE('height_source',$,IFCLABEL('tag:levels'),$);
#8345=IFCPROPERTYSINGLEVALUE('height_m',$,IFCREAL(18.),$);
#8346=IFCPROPERTYSET('39fHjlmCRk0RQ7JtEvhuvf',$,'Pset_SiteContext',$,(#8343,#8344,#8345));
#8347=IFCRELDEFINESBYPROPERTIES('1wVII59yR9AL3MnzykgffJ',$,$,$,(#8342),#8346);
#8348=IFCCARTESIANPOINT((99.47033936402295,-57.1707173679024));
#8349=IFCCARTESIANPOINT((99.64182586036623,-56.83852522820234));
#8350=IFCCARTESIANPOINT((113.38049871462863,-61.910446093417704));
#8351=IFCCARTESIANPOINT((155.75257786852308,-77.54689923208207));
#8352=IFCCARTESIANPOINT((155.73517575499136,-77.88035291992128));
#8353=IFCCARTESIANPOINT((156.65684769896325,-78.23260529525578));
#8354=IFCCARTESIANPOINT((157.94122599530965,-78.19862796086818));
#8355=IFCCARTESIANPOINT((158.0623492395971,-77.74370383564383));
#8356=IFCCARTESIANPOINT((169.54152252536733,-76.48093044012785));
#8357=IFCCARTESIANPOINT((175.6807132480899,-75.8861610610038));
#8358=IFCCARTESIANPOINT((200.05691870651208,-74.05041693989187));
#8359=IFCCARTESIANPOINT((200.14287611097097,-74.30687607638538));
#8360=IFCCARTESIANPOINT((201.20804491022136,-74.15989968087524));
#8361=IFCCARTESIANPOINT((209.56852453388274,-51.35462654568255));
#8362=IFCCARTESIANPOINT((211.00977387884632,-51.87791217211634));
#8363=IFCCARTESIANPOINT((214.0722739606863,-43.46294474508613));
#8364=IFCCARTESIANPOINT((216.87206197390333,-35.76862122770399));
#8365=IFCCARTESIANPOINT((215.54757523839362,-35.32412962988019));
#8366=IFCCARTESIANPOINT((224.03303938091267,-12.47537056170404));
#8367=IFCCARTESIANPOINT((210.00135838065762,-7.345717293210328));
#8368=IFCCARTESIANPOINT((209.92535325640347,-7.667572774924338));
#8369=IFCCARTESIANPOINT((192.91611498699058,-1.4571688659489155));
#8370=IFCCARTESIANPOINT((183.91173328272998,1.9968523075804114));
#8371=IFCCARTESIANPOINT((184.3109599155141,3.261255230754614));
#8372=IFCCARTESIANPOINT((176.25723511818796,6.3183240024372935));
#8373=IFCCARTESIANPOINT((168.37897323130164,9.296130577102304));
#8374=IFCCARTESIANPOINT((167.9352663033642,7.9764929274097085));
#8375=IFCCARTESIANPOINT((154.13077041192446,13.059946367517114));
#8376=IFCCARTESIANPOINT((141.8918913739035,17.574632990173995));
#8377=IFCCARTESIANPOINT((142.00485835038126,17.92954496666789));
#8378=IFCCARTESIANPOINT((127.91444368578959,23.037640104070306));
#8379=IFCCARTESIANPOINT((116.28232162934728,-8.592175661586225));
#8380=IFCCARTESIANPOINT((115.03131104714703,-8.137142332270741));
#8381=IFCCARTESIANPOINT((114.70862497470807,-9.012971363961697));
#8382=IFCCARTESIANPOINT((113.63548009213991,-11.928714932873845));
#8383=IFCCARTESIANPOINT((112.02965687774122,-16.274561994709074));
#8384=IFCCARTESIANPOINT((111.38961783249397,-18.27090043760836));
#8385=IFCCARTESIANPOINT((110.58888906834181,-20.17696456797421));
#8386=IFCCARTESIANPOINT((109.24614176468458,-23.757692710496485));
#8387=IFCCARTESIANPOINT((109.10336831270251,-24.16795933712274));
#8388=IFCCARTESIANPOINT((108.94546546030324,-24.633701477199793));
#8389=IFCCARTESIANPOINT((110.18198686116375,-25.066377696581185));
#8390=IFCCARTESIANPOINT((98.49831515341066,-56.6957249911502));
#8391=IFCPOLYLINE((#8348,#8349,#8350,#8351,#8352,#8353,#8354,#8355,#8356,#8357,#8358,#8359,#8360,#8361,#8362,#8363,#8364,#8365,#8366,#8367,#8368,#8369,#8370,#8371,#8372,#8373,#8374,#8375,#8376,#8377,#8378,#8379,#8380,#8381,#8382,#8383,#8384,#8385,#8386,#8387,#8388,#8389,#8390,#8348));
#8392=IFCARBITRARYCLOSEDPROFILEDEF(.AREA.,$,#8391);
#8393=IFCEXTRUDEDAREASOLID(#8392,#8,#6,12.);
#8394=IFCSHAPEREPRESENTATION(#11,'Body','SweptSolid',(#8393));
#8395=IFCPRODUCTDEFINITIONSHAPE($,$,(#8394));
#8396=IFCLOCALPLACEMENT(#13,#8);
#8397=IFCBUILDINGELEMENTPROXY('1b$KC5ddxnfS48LKe78CdG',$,'Ancienne caserne Napoléon',$,$,#8396,#8395,$,.ELEMENT.);
#8398=IFCPROPERTYSINGLEVALUE('osm_id',$,IFCLABEL('way/3810040'),$);
#8399=IFCPROPERTYSINGLEVALUE('height_source',$,IFCLABEL('tag:levels'),$);
#8400=IFCPROPERTYSINGLEVALUE('height_m',$,IFCREAL(12.),$);
#8401=IFCPROPERTYSET('3twmy0lpZhmr0hW81oMduh',$,'Pset_SiteContext',$,(#8398,#8399,#8400));
#8402=IFCRELDEFINESBYPROPERTIES('2ZKYzGWQouhNwasjFQ3tPq',$,$,$,(#8397),#8401);
#8403=IFCCARTESIANPOINTLIST3D(((-106.4538363221414,-50.82980609154404,0.05),(-113.93964721627202,-65.25288257533609,0.05),(-95.89252979125962,-74.61962956441491,0.05),(-88.406718897129,-60.19655308062286,0.05),(-88.19782349040372,-60.30887340700312,0.05),(-96.1014251979849,-74.50730923803465,0.05),(-92.57345350967614,-76.4711652142735,0.05),(-84.66985180209497,-62.272729383241966,0.05),(-84.32104632364205,-62.47844237201205,0.05),(-92.92225898812906,-76.26545222550342,0.05),(-83.13257710576438,-82.37287774290601,0.05),(-74.53136444127738,-68.58586788941463,0.05),(-278.53795251441176,-97.73916765420906,0.05),(-284.3501148812474,-94.82905277305075,0.05),(-287.2001118880698,-100.5211460494695,0.05),(-281.38794952123413,-103.4312609306278,0.05),(-234.95369371219672,13.799913725308569,0.05),(-241.011077982307,16.157475135796275,0.05),(-244.8117675660677,6.392199373379855,0.05),(-238.7543832959574,4.0346379628921465,0.05),(39.70681388180475,-150.43352557152545,0.05),(36.82001256390703,-156.25730253763462,0.05),(39.07822187531036,-157.37667947363073,0.05),(41.96502319320808,-151.55290250752157,0.05),(42.04430586536853,-151.5935655600044,0.05),(38.99893920314992,-157.3360164211479,0.05),(43.258371762051524,-159.59490103827537,0.05),(46.303738424270136,-153.85245017713189,0.05),(46.25728795934152,-153.82829367697187,0.05),(43.30482222698014,-159.61905753843538,0.05),(52.59238588727862,-164.35439368754678,0.05),(55.54485161963999,-158.56362982608326,0.05),(-201.22767287342342,72.80857020017552,0.05),(-203.02752997690348,79.05440996813726,0.05),(-208.61732534539422,77.44360449205291,0.05),(-206.81746824191416,71.19776472409117,0.05),(-206.1404228985581,71.47891520606464,0.05),(-209.29437068875026,77.16245401007944,0.05),(-215.31667505160053,73.82051614494884,0.05),(-212.16272726140838,68.13697734093404,0.05),(-211.1461908594736,69.02012367067996,0.05),(-216.3332114535353,72.93736981520291,0.05),(-221.40746413103463,66.21829928284373,0.05),(-216.2204435369729,62.30105313832079,0.05),(-215.78491034909413,63.081798642018185,0.05),(-221.8429973189134,65.43755377914633,0.05),(-234.174695300718,33.72521760213996,0.05),(-228.11660833089874,31.36946246501182,0.05),(-228.11691353728966,31.36867789359024,0.05),(-234.1743900943271,33.72600217356154,0.05),(-235.71864742748002,29.757815584603637,0.05),(-229.6611708704426,27.400491304632336,0.05),(-229.66249109836235,27.39710439872032,0.05),(-235.71732719956026,29.761202490515654,0.05),(-236.86419506735228,26.823889105207865,0.05),(-230.80935896615438,24.45979101341253,0.05),(-230.80764957144075,24.464178427068546,0.05),(-236.8659044620659,26.81950169155185,0.05),(-241.01151329256444,16.156356062794075,0.05),(-234.95325840193928,13.801032798310773,0.05),(-102.10851229400839,-74.6656503742492,0.05),(-108.31609507673886,-76.5933215068722,0.05),(-106.99363134522457,-80.85198521335366,0.05),(-100.7860485624941,-78.92431408073065,0.05),(-100.71989173391437,-79.1712617319064,0.05),(-107.05978817380431,-80.60503756217791,0.05),(-105.67912541939343,-86.71007762253417,0.05),(-99.33922897950349,-85.27630179226266,0.05),(-103.79626573951604,-83.00891373322533,0.05),(-101.22208865938087,-88.9774656815715,0.05),(-95.70657196439647,-86.59867819941415,0.05),(-98.28074904453165,-80.63012625106798,0.05),(-98.18335183550852,-80.58997921632884,0.05),(-95.8039691734196,-86.63882523415329,0.05),(-92.78574080761274,-85.45157063672038,0.05),(-95.16512346970165,-79.40272461889593,0.05),(-144.35083857227835,79.89468055520601,0.05),(-146.85169288140935,89.31849229592436,0.05),(-164.28703668513083,84.69156893599384,0.05),(-161.78618237599983,75.2677571952755,0.05),(-161.7852180353909,75.26801321385184,0.05),(-164.28800102573976,84.69131291741749,0.05),(-173.3844102625192,82.27535045976063,0.05),(-170.88162727217033,72.85205075619498,0.05),(-171.0175820571263,72.81802616218015,0.05),(-173.24845547756323,82.30937505377547,0.05),(-176.4023585940353,81.56807276750074,0.05),(-174.17148517359837,72.07672387590542,0.05),(-174.1468146385707,72.08259025920336,0.05),(-176.42702912906296,81.5622063842028,0.05),(-194.9322540040046,77.1109837446719,0.05),(-192.65203951351234,67.63136761967246,0.05),(-166.17492142299207,79.1349746817599,0.05),(-159.8982976381386,80.82435144950944,0.05),(-161.1371346123934,85.42706279644119,0.05),(-167.41375839724688,83.73768602869166,0.05),(-167.51117681595912,84.27815516009139,0.05),(-161.03971619368116,84.88659366504146,0.05),(-161.2353719323832,86.96762305130108,0.05),(-167.70683255466116,86.359184546351,0.05),(-167.71144820106377,86.41308784758881,0.05),(-161.2307562859806,86.91371975006327,0.05),(-161.41642020564365,89.31714361725166,0.05),(-167.89711212072683,88.8165117147772,0.05),(-167.7308123458733,90.12169261789268,0.05),(-161.5827199804972,88.01196271413619,0.05),(-146.08850132195772,133.16460868669355,0.05),(-152.23659368733382,135.27433859045004,0.05),(-152.24042535421782,135.26310573040962,0.05),(-146.08466965507372,133.17584154673398,0.05),(-144.63331479928578,137.4561746233377,0.05),(-150.78907049842988,139.54343880701333,0.05),(-71.1522449903283,-104.28578948407468,0.05),(-67.27475948318842,-109.50259944246116,0.05),(-63.81220813504423,-106.92899741799536,0.05),(-67.68969364218411,-101.71218745960888,0.05),(-64.03238449550467,-101.5621454930599,0.05),(-67.46951728172367,-107.07903938454434,0.05),(-19.666326268089463,-136.8613622551118,0.05),(-16.229193481870468,-131.34446836362733,0.05),(-16.314389545153606,-131.29318198294106,0.05),(-19.581130204806325,-136.91264863579806,0.05),(-10.423223254471306,-142.23637575085547,0.05),(-7.156482594818587,-136.61690909799847,0.05),(-7.512917940724526,-136.43800777849916,0.05),(-10.066787908565368,-142.4152770703548,0.05),(-5.847668893415596,-144.21795331219968,0.05),(-3.293798925574754,-138.24068402034405,0.05),(-3.448250359215727,-138.17931363687404,0.05),(-5.693217459774623,-144.2793236956697,0.05),(-2.3865158353578764,-145.49627846896163,0.05),(-0.14154873479898078,-139.396268410166,0.05),(-0.08224219879833794,-139.41875429148726,0.05),(-2.4458223713585197,-145.47379258764036,0.05),(0.23124028979567623,-146.518782217289,0.05),(2.594820462355858,-140.4637439211359,0.05),(2.152313588459165,-140.3264628651098,0.05),(0.6737471636923692,-146.65606327331508,0.05),(6.100660464221492,-147.92376601579483,0.05),(7.579226888988287,-141.59416560758953,0.05),(7.2983887580650455,-141.54146241506848,0.05),(6.381498595144733,-147.97646920831588,0.05),(11.929732659858786,-148.76700780430522,0.05),(12.846622822779096,-142.33200101105783,0.05),(12.648043969323565,-142.30991036775265,0.05),(12.128311513314317,-148.7890984476104,0.05),(17.53271873839788,-149.2226166300967,0.05),(18.052451194407123,-142.74342855023895,0.05),(17.687250744670866,-142.73473000763585,0.05),(17.897919188134136,-149.2313151726998,0.05),(26.382678419348547,-148.95617508371691,0.05),(26.172009975885278,-142.45958991865297,0.05),(-113.26586453977669,-56.97223937172261,0.05),(-107.12761899863673,-59.11044929515752,0.05),(-92.74382119974891,-17.818300317639437,0.05),(-98.88206674088886,-15.680090394204528,0.05),(-98.86632932454862,-15.635939824350096,0.05),(-92.75955861608915,-17.86245088749387,0.05),(-83.61619041848414,7.2155529949366235,0.05),(-89.7229611269436,9.442064058080398,0.05),(-89.73739795860847,9.40163984397314,0.05),(-83.60175358681927,7.2559772090438805,0.05),(-82.39196521664026,10.715435878691455,0.05),(-88.52760958842946,12.861098513620714,0.05),(-88.48620019804288,12.97288763797924,0.05),(-82.43337460702683,10.60364675433293,0.05),(-79.18805243484609,18.894643769645246,0.05),(-85.24087802586213,21.26388465329155,0.05),(-85.456172071007,20.311291708253194,0.05),(-78.97275838970121,19.847236714683604,0.05),(-78.81526019963816,22.047678331270944,0.05),(-85.29867388094395,22.511733324840534,0.05),(-84.21553539851918,19.85007979863139,0.05),(-79.89839868206293,24.709331857480088,0.05),(-81.70493141462323,26.31432141035048,0.05),(-86.02206813107948,21.455069351501784,0.05),(-140.59014191910268,270.73869677939,0.05),(-143.63403226958013,264.9954632359695,0.05),(-104.48412940149552,244.24617441437658,0.05),(-101.44023905101807,249.98940795779708,0.05),(-101.0881314577385,249.77305505636582,0.05),(-104.83623699477509,244.46252731580785,0.05),(-70.83421146293738,220.46431350496164,0.05),(-67.08610592590078,225.7748412455196,0.05),(-67.35314994605055,225.94447080379098,0.05),(-70.5671674427876,220.29468394669027,0.05),(-27.032581436128527,195.52898487208665,0.05),(-23.818563939391463,201.17877172918736,0.05),(-23.817943976243633,201.17841895814368,0.05),(-27.033201399276358,195.52933764313033,0.05),(-24.674251499835727,194.18670673523715,0.05),(-21.458994076803002,199.8357880502505,0.05),(-21.329026947332647,199.75774710936236,0.05),(-24.80421862930608,194.2647476761253,0.05),(-21.563254813478228,192.21432501884414,0.05),(-18.088063131504793,197.7073244520812,0.05),(-124.02005569108753,310.35224869234634,0.05),(-126.6097741985415,304.39042363183427,0.05),(-111.29298202523039,297.73706165568757,0.05),(-108.70326351777642,303.69888671619964,0.05),(-108.70188259040586,303.6982864838259,0.05),(-111.29436295260095,297.7376618880613,0.05),(-93.88662767784555,290.1664399254902,0.05),(-91.29414731565046,296.12706452125474,0.05),(-91.0377567915166,296.0018945829007,0.05),(-94.14301820197942,290.2916098638442,0.05),(-56.08592832699285,269.5961072054696,0.05),(-52.98066691653005,275.3063919245261,0.05),(-52.37453474604094,274.8807027640554,0.05),(-56.692060497481954,270.0217963659403,0.05),(-44.818935151802954,259.471577812658,0.05),(-40.50140940036194,264.3304842107731,0.05),(-39.97036050427926,260.07691132477913,0.05),(-45.349984047885634,263.72515069865193,0.05),(-71.64997046622226,224.94369706217705,0.05),(-66.2703469226159,221.2954576883042,0.05),(-8.490508457221258,349.5824864070936,0.05),(-14.186694109538402,352.7135355945603,0.05),(-16.41376117542928,348.661926466778,0.05),(-10.717575523112137,345.5308772793113,0.05),(-10.716562292684236,345.5327220214375,0.05),(-16.41477440585718,348.66008172465183,0.05),(-57.38240367834792,274.014929416605,0.05),(-51.68419156517498,270.8875697133907,0.05),(264.0739116803941,35.353249519175975,0.05),(261.46100900948863,29.401548952751668,0.05),(267.500216950177,26.750228984237523,0.05),(270.11311962108243,32.70192955066183,0.05),(270.0070386497888,32.74627975563727,0.05),(267.6062979214706,26.705878779262086,0.05),(285.7447039360062,19.496819275401315,0.05),(288.1454446643244,25.537220251776496,0.05),(288.2065863455299,25.512197113830464,0.05),(285.6835622548007,19.521842413347347,0.05),(329.16365330786186,1.2088504990079842,0.05),(331.6866773985911,7.199205199491099,0.05),(331.30023533681145,7.334004290667044,0.05),(329.5500953696415,1.0740514078320387,0.05),(333.60589352350013,-0.059857198302316394,0.05),(335.3560334906701,6.200095684532689,0.05),(335.3817907593025,6.192780009458929,0.05),(333.58013625486774,-0.052541523228554876,0.05),(338.697101970874,-1.5286871921151568,0.05),(340.4987564753087,4.716634340572327,0.05),(151.35175397886343,101.56119378274849,0.05),(149.76062658651352,98.33190382653305,0.05),(156.14055179293354,95.18840358508209,0.05),(157.73167918528344,98.41769354129752,0.05),(157.79821670867267,98.38316928238373,0.05),(156.0740142695443,95.22292784399588,0.05),(160.39852000566435,92.86351212098498,0.05),(162.12272244479271,96.02375355937284,0.05),(162.1505759045385,96.0082352397598,0.05),(160.37066654591857,92.87903044059802,0.05),(183.6762871238034,79.62266186218638,0.05),(185.45619648242334,82.75186666134816,0.05),(185.5778603525418,82.67609867514317,0.05),(183.55462325368495,79.69842984839137,0.05),(192.63209501529997,73.53055870472248,0.05),(194.6553321141568,76.50822753147428,0.05),(194.71762467432828,76.46393973509552,0.05),(192.5698024551285,73.57484650110123,0.05),(215.1496782414516,56.78841733710138,0.05),(217.29750046065138,59.67751057109567,0.05),(217.32780695499443,59.654478457416204,0.05),(215.11937174710854,56.81144945078084,0.05),(223.35124447077922,50.417016785000655,0.05),(225.5596796786651,53.26004579163602,0.05),(286.5252066221721,181.13402737593302,0.05),(280.6412243021485,183.89604693734995,0.05),(277.19888004325986,176.56275609405688,0.05),(283.0828623632835,173.80073653263995,0.05),(283.08864142122127,173.81311533964902,0.05),(277.1931009853221,176.5503772870478,0.05),(266.7519716424364,154.06217505418033,0.05),(272.6475120783356,151.32491310678154,0.05),(272.8300648166558,151.8197144692579,0.05),(266.56941890411616,153.56737369170398,0.05),(265.2996230955243,149.0185796037501,0.05),(271.5602690080639,147.27092038130402,0.05),(271.47675154315823,147.01361061217048,0.05),(265.38314056043,149.27588937288365,0.05),(264.1977791026742,146.08303280590317,0.05),(270.29139008540244,143.82075404519,0.05),(270.1740537165844,143.54451619820168,0.05),(264.3151154714922,146.3592706528915,0.05),(248.78206257010407,114.02707288148385,0.05),(254.64100081519626,111.212318426794,0.05),(254.73797183990052,111.43514509164226,0.05),(248.6850915453998,113.80424621663559,0.05),(247.69592018687592,111.27698566168118,0.05),(253.74880048137663,108.90788453668785,0.05),(253.74898635913752,108.9083595506131,0.05),(247.69573430911504,111.27651064775593,0.05),(244.36098860340525,102.75253753483004,0.05),(250.41424065342773,100.38438643768721,0.05),(250.3079131152477,100.14215320208478,0.05),(244.4673161415853,102.99477077043247,0.05),(222.95367845206096,58.94663456874532,0.05),(228.79427542572336,56.09401700039762,0.05),(229.02719241442063,56.73309509100844,0.05),(222.7207614633637,58.3075564781345,0.05),(221.3022465991937,52.62576198188137,0.05),(227.60867755025063,51.051300594755304,0.05),(-158.4501959510447,49.861481581855195,0.05),(-153.16990547102677,61.74081373676322,0.05),(-163.54393116640193,66.3520047030937,0.05),(-168.82422164641986,54.47267254818566,0.05),(-168.7983271800641,54.46123008248121,0.05),(-163.5698256327577,66.36344716879815,0.05),(-166.7428452533476,67.75731672062814,0.05),(-171.971346800654,55.8550996343112,0.05),(-172.00581255509027,55.87035939622316,0.05),(-166.70837949891134,67.74205695871618,0.05),(-174.1725871466289,71.07276346661504,0.05),(-179.47002020280783,59.201065904122025,0.05),(-179.37017816220063,59.157513473954296,0.05),(-174.2724291872361,71.11631589678278,0.05),(-191.2432722712762,78.35057689358642,0.05),(-196.34102124624073,66.39177447075794,0.05),(93.248356225094,-184.00647373000172,0.05),(98.6995608551575,-187.54686468033108,0.05),(103.00984728137573,-180.91023791985575,0.05),(97.55864265131223,-177.36984696952638,0.05),(97.56198727896538,-177.3647078048251,0.05),(103.00650265372258,-180.91537708455704,0.05),(104.97575082829587,-177.89577680120252,0.05),(99.53123545353867,-174.34510752147057,0.05),(99.52500252250337,-174.35470182220755,0.05),(104.98198375933117,-177.88618250046554,0.05),(106.14878417610436,-176.083197134963,0.05),(100.69180293927656,-172.551716456705,0.05),(100.69541302619416,-172.54615047306754,0.05),(106.14517408918675,-176.08876311860047,0.05),(118.99405991071455,-156.32274163688533,0.05),(113.54429884772196,-152.7801289913524,0.05),(62.514301066616724,408.9733738326062,0.05),(59.45642950119992,410.0742468904178,0.05),(45.51400197357481,371.3466639169897,0.05),(48.57187353899161,370.24579085917816,0.05),(48.50934151483585,370.09602383417786,0.05),(45.576533997730564,371.49643094199,0.05),(42.58294690826091,365.227100637874,0.05),(45.5157544253662,363.82669353006185,0.05),(45.42320287208403,363.6590519836917,0.05),(42.67549846154307,365.39474218424414,0.05),(38.594436571310695,358.9341700430215,0.05),(41.34214098185166,357.19847984246906,0.05),(41.47394016763896,357.4550648601243,0.05),(38.462637385523394,358.6775850253662,0.05),(30.05316111380931,337.9634242179355,0.05),(33.064463895924874,336.74090405269357,0.05),(33.05262203698944,336.71250947712747,0.05),(30.065002972744743,337.9918187935016,0.05),(27.96300141247489,333.0829356530792,0.05),(30.950620476719585,331.80362633670507,0.05),(30.989559197776373,331.9035516253222,0.05),(27.9240626914181,332.983010364462,0.05),(-4.22081108295953,241.69652142352268,0.05),(-1.1553145766012547,240.61706268438294,0.05),(-1.1587973626274344,240.60727214441954,0.05),(-4.21732829693335,241.7063119634861,0.05),(-7.018102212535244,233.912005049164,0.05),(-3.959571278229329,232.81296523009746,0.05),(-3.965593916109619,232.79648488956948,0.05),(-7.012079574654955,233.92848538969199,0.05),(-18.98695316423956,201.70121989854167,0.05),(-15.940467505694222,200.56921939841916,0.05),(-15.945970470177325,200.55462452033296,0.05),(-18.981450199756456,201.71581477662787,0.05),(-21.343398837281075,195.54141986361012,0.05),(-18.307919107701945,194.38022960731521,0.05),(-18.290910575537957,194.4268094191575,0.05),(-21.360407369445063,195.49484005176782,0.05),(-23.517110601999782,189.29652189907938,0.05),(-20.447613808092676,188.22849126646906,0.05),(-20.45297687184565,188.21332036427364,0.05),(-23.51174753824681,189.3116928012748,0.05),(-49.22296949268285,117.7105410769288,0.05),(-46.16419882628169,116.61216863992767,0.05),(-46.16489886542536,116.6102230486639,0.05),(-49.222269453539184,117.71248666819258,0.05),(-50.581310846109545,113.94288644909932,0.05),(-47.52394025799572,112.84062282957063,0.05),(-47.52291100663095,112.84348608331035,0.05),(-50.582340097474315,113.9400231953596,0.05),(-51.536053837580056,111.27908310609658,0.05),(-48.47662474673669,110.18254599404733,0.05),(-48.55732080807971,109.9953076277399,0.05),(-51.45535777623704,111.466321472404,0.05),(-53.75992978257531,106.92609576727212,0.05),(-50.861892814417985,105.45508192260802,0.05),(-51.65566820682102,104.7035510206695,0.05),(-52.96615439017228,107.67762666921064,0.05),(-57.25208475724253,105.78908945879832,0.05),(-55.94159857389127,102.81501381025717,0.05),(225.00813215498565,206.37579881790847,0.05),(228.0582499223041,212.11572752874523,0.05),(221.51238877682263,215.59410651009708,0.05),(218.46227100950418,209.85417779926033,0.05),(218.55533195946592,209.806629186775,0.05),(221.4193278268609,215.6416551225824,0.05),(193.1737643067423,229.50537708094396,0.05),(190.30976843934732,223.67035114513658,0.05),(190.24067375223694,223.70529218093586,0.05),(193.24285899385268,229.47043604514468,0.05),(119.00463340294935,268.1298191381516,0.05),(116.00244816133365,262.36467527394274,0.05),(115.65641084728642,262.57318456583806,0.05),(119.35067071699658,267.9213098462563,0.05),(114.59365772040681,271.20725422705374,0.05),(110.89939785069666,265.8591289466355,0.05),(259.9135036198146,33.93220823101873,0.05),(265.6214170700681,30.822590240908916,0.05),(267.8710535584527,34.95194967061108,0.05),(262.1631401081992,38.06156766072089,0.05),(262.2237851345546,38.168056277024974,0.05),(267.81040853209726,34.845461054306995,0.05),(293.43227811978596,77.92616349698282,0.05),(287.8456547222433,81.2487587197008,0.05),(287.7869529059581,81.1458317028844,0.05),(293.49097993607114,78.02909051379923,0.05),(318.57045255925453,123.92766888937716,0.05),(312.8664255291415,127.04441007846232,0.05),(312.93267932170977,127.15996981955561,0.05),(318.5041987666863,123.81210914828387,0.05),(333.9238108592343,149.47347234204915,0.05),(328.3522914142578,152.8213330133209,0.05),(328.35345813423373,152.82327314116347,0.05),(333.9226441392584,149.47153221420658,0.05),(336.2135816094142,153.27810831159067,0.05),(330.6443956043895,156.62984923854756,0.05),(-6.270912092052969,-440.322931000278,0.05),(0.07040134455506797,-438.8954353264862,0.05),(-2.6129688035095007,-426.97519522508173,0.05),(-8.954282240117537,-428.4026908988735,0.05),(-9.025170633480553,-427.92321915770134,0.05),(-2.5420804101464856,-427.4546669662539,0.05),(-4.163227802464139,-405.0237723902408,0.05),(-10.646318025798205,-405.49232458168825,0.05),(-10.645644601698722,-405.50146316243877,0.05),(-4.163901226563622,-405.0146338094903,0.05),(-6.6843771122780264,-371.45651375064085,0.05),(-13.166120487413126,-371.9433431035893,0.05),(-13.138910712454248,-372.184569646419,0.05),(-6.711586887236905,-371.2152872078112,0.05),(-7.67198780375648,-364.84685686528593,0.05),(-14.099311628973823,-365.81613930389375,0.05),(-14.073521218228748,-365.96393407945885,0.05),(-7.697778214501554,-364.6990620897208,0.05),(-14.370899582199158,-331.0623721967508,0.05),(-20.746642585926352,-332.3272441864888,0.05),(-20.670077894966656,-332.6341004402959,0.05),(-14.447464273158854,-330.7555159429437,0.05),(-16.42630734069871,-324.20080634917827,0.05),(-22.648920962506512,-326.0793908465305,0.05),(-22.598019434404275,-326.2339082270859,0.05),(-16.477208868800947,-324.04628896862283,0.05),(-24.030682383305678,-302.91218150649235,0.05),(-30.151492948909006,-305.09980076495543,0.05),(-30.172787511810643,-305.03828279072854,0.05),(-24.00938782040404,-302.97369948071923,0.05),(-27.225342624614964,-293.37311094948586,0.05),(-33.38874231602156,-295.4376942594952,0.05),(-33.06092566077173,-296.1312726382236,0.05),(-27.553159279864797,-292.67953257075743,0.05),(-34.3689229316074,-281.80396454780595,0.05),(-39.87668931251433,-285.2557046152721,0.05),(-39.8768148391377,-285.2555043026226,0.05),(-34.36879740498403,-281.80416486045544,0.05),(-62.99321831489356,-236.12224569363715,0.05),(-68.50123574904724,-239.5735851358044,0.05),(-68.37219666312251,-239.7641707305723,0.05),(-63.122257400818285,-235.93166009886926,0.05),(-67.61388140886754,-229.7788387508205,0.05),(-72.86382067117177,-233.61134938252354,0.05),(-72.70046685839459,-233.81710904369888,0.05),(-67.77723522164472,-229.57307908964518,0.05),(-72.16022172471587,-224.4886527191958,0.05),(-77.08345336146574,-228.7326826732495,0.05),(-76.88097226882192,-228.9470773972374,0.05),(-72.36270281735969,-224.27425799520793,0.05),(-90.52642389683214,-206.7112881867412,0.05),(-95.04469334829437,-211.38410758877066,0.05),(-95.01869313367212,-211.40897090358757,0.05),(-90.5524241114544,-206.6864248719243,0.05),(-104.714491047016,-193.29288663623757,0.05),(-109.18076006923371,-198.01543266790085,0.05),(-109.09776948948003,-198.091244196039,0.05),(-104.79748162676968,-193.2170751080994,0.05),(-106.55317201701381,-191.6680984641571,0.05),(-110.85345987972416,-196.54226755209672,0.05),(-204.8224146965437,222.38089968563347,0.05),(-210.7477347798634,225.0530864138034,0.05),(-212.57136898431813,221.00935089847715,0.05),(-206.6460489009984,218.3371641703072,0.05),(-206.65103674531605,218.326158735837,0.05),(-212.5663811400005,221.02035633294736,0.05),(-225.13526591806982,193.4242801583082,0.05),(-219.21992152338538,190.73008256119783,0.05),(-219.23359739368033,190.70045131129322,0.05),(-225.12159004777487,193.4539114082128,0.05),(-226.72743311797086,190.019980329451,0.05),(-220.83944046387631,187.2665202325314,0.05),(-119.17639941177396,202.2210421213662,0.05),(-125.20979613796743,204.63933158798463,0.05),(-145.69812598775542,153.52294376625068,0.05),(-139.66472926156194,151.10465429963224,0.05),(-139.67572717228234,151.07756896107594,0.05),(-145.68712807703503,153.55002910480698,0.05),(-147.86591427017208,148.25265057035585,0.05),(-141.8545133654194,145.7801904266248,0.05),(-19.085619979654787,196.54665016377476,0.05),(-20.565697965328233,193.37499930715057,0.05),(-15.156755851232099,190.85087023028973,0.05),(-13.676677865558652,194.0225210869139,0.05),(-13.584025567174587,193.97589194677465,0.05),(-15.249408149616164,190.897499370429,0.05),(-11.45083537242778,188.84250580337203,0.05),(-9.785452789986204,191.9208983797177,0.05),(-9.764357954396933,191.90929799677198,0.05),(-11.471930208017051,188.85410618631775,0.05),(58.67501092890098,149.64839414170618,0.05),(60.382583182521095,152.7035859521604,0.05),(-140.71687178907652,264.93179905827225,0.05),(-143.5073023996063,270.8023609570873,0.05),(-151.80889955861292,266.85639611964046,0.05),(-149.01846894808315,260.98583422082544,0.05),(-147.38669680740884,262.73796386878143,0.05),(-153.44067169928724,265.10426647168447,0.05),(-170.67956362529924,221.00009367660482,0.05),(-164.62558873342084,218.6337910737018,0.05),(-164.53711144695694,218.89153462656222,0.05),(-170.76804091176314,220.7423501237444,0.05),(-171.00198314036538,219.95476350180425,0.05),(-164.7710536755592,218.10394800462208,0.05),(-164.85150259310748,217.86695349771762,0.05),(-170.9215342228171,220.19175800870872,0.05),(-171.49892235026792,218.68420579101658,0.05),(-165.42889072055831,216.35940128002548,0.05),(-165.34236638410098,216.61710077563453,0.05),(-171.58544668672525,218.42650629540753,0.05),(-172.23490911431995,216.18563433790428,0.05),(-165.99182881169568,214.37622881813127,0.05),(-166.04857299569778,214.19948547267546,0.05),(-172.17816493031785,216.36237768336008,0.05),(-173.59054423892155,212.35972384056817,0.05),(-167.4609523043015,210.19683162988355,0.05),(-167.49843224198025,210.09596743046762,0.05),(-173.55306430124278,212.4605880399841,0.05),(-188.62637517343342,173.86524175961046,0.05),(-182.57174311417089,171.500621150094,0.05),(-182.5713249483899,171.50169242657248,0.05),(-188.6267933392144,173.86417048313197,0.05),(-189.638706467528,171.2704498998868,0.05),(-183.5832380767035,168.90797184332732,0.05),(-183.65033585950655,168.7486393396355,0.05),(-189.57160868472496,171.42978240357863,0.05),(-190.6701919052292,169.00357432192342,0.05),(-184.74891908001078,166.3224312579803,0.05),(-147.06834216081432,212.30601556584662,0.05),(-148.48281313184754,205.96178418039852,0.05),(-122.90033326038728,200.25807116195136,0.05),(-121.4858622893541,206.60230254739946,0.05),(150.39820990226613,-81.09181138696506,0.05),(150.88458486805288,-87.57358887409434,0.05),(156.89787106945263,-87.1223682210745,0.05),(156.41149610366588,-80.64059073394522,0.05),(156.39878786255034,-80.64156938949291,0.05),(156.91057931056818,-87.1213895655268,0.05),(206.03164164356528,-83.24169245409156,0.05),(205.51985019554743,-76.76187227805768,0.05),(205.23297788767096,-76.79742550961134,0.05),(206.31851395144176,-83.2061392225379,0.05),(213.01978353207514,-82.0710487615371,0.05),(211.93424746830433,-75.66233504861054,0.05),(211.93584687093457,-75.66206454534694,0.05),(213.0181841294449,-82.0713192648007,0.05),(223.4447813071944,-80.31056936501847,0.05),(222.36244404868407,-73.9013146455647,0.05),(222.65693280488833,-73.86531721364544,0.05),(223.15029255099014,-80.34656679693772,0.05),(240.03752762215098,-79.06109215196385,0.05),(239.54416787604916,-72.57984256867157,0.05),(239.79868220366464,-72.57047680320501,0.05),(239.7830132945355,-79.0704579174304,0.05),(247.51680974891948,-79.08910107219309,0.05),(247.53247865804863,-72.5891199579677,0.05),(248.15253675148853,-72.65034101131245,0.05),(246.8967516554796,-79.02788001884834,0.05),(262.39112093996226,-82.07883713514671,0.05),(263.6469060359712,-75.70129812761083,0.05),(263.7478162707388,-75.72283753177695,0.05),(262.2902107051947,-82.0572977309806,0.05),(295.6069746080926,-89.72372848649897,0.05),(297.0645801736367,-83.38926828729532,0.05),(297.21505306513205,-83.42770080817115,0.05),(295.4565017165973,-89.68529596562314,0.05),(303.44366248472437,-91.92990143886584,0.05),(305.2022138332591,-85.67230628141385,0.05),(57.06796800345705,-109.20442498420329,0.05),(63.17830617306232,-111.42112691569179,0.05),(72.68252540181335,-85.22274963240176,0.05),(66.57218723220807,-83.00604770091326,0.05),(66.55170653512693,-83.06421848249947,0.05),(72.70300609889449,-85.16457885081554,0.05),(73.74802114107655,-82.10405615667487,0.05),(67.59672157730898,-80.0036957883588,0.05),(81.7641062475886,-52.09804851031287,0.05),(80.2845606303163,-58.42742010363953,0.05),(84.86917787299903,-59.49911422812955,0.05),(86.34872349027133,-53.169742634802894,0.05),(84.01308321738492,-53.50322603026856,0.05),(87.20481814588544,-59.16563083266389,0.05),(89.67434335225386,-57.77363041357618,0.05),(86.48260842375333,-52.11122561118085,0.05),(85.85793250364539,-52.569310426125575,0.05),(90.2990192723618,-57.31554559863145,0.05),(91.68915615409325,-56.01478440838839,0.05),(87.24806938537684,-51.26854923588251,0.05),(86.43309997830644,-52.48056299685824,0.05),(92.50412556116365,-54.80277064741266,0.05),(99.94981915032852,-35.33724341467631,0.05),(93.87879356747132,-33.01503576412189,0.05),(-146.51112987725563,-168.06545380524983,0.05),(-140.69965353751988,-170.97693843558739,0.05),(-137.1932821057687,-163.97803677503327,0.05),(-143.00475844550445,-161.06655214469572,0.05),(-143.05776884743418,-161.17756144216708,0.05),(-137.14027170383898,-163.86702747756192,0.05),(-136.43032537634545,-162.3049682026873,0.05),(-142.34782251994065,-159.61550216729245,0.05),(262.21899209296686,-86.20614499410209,0.05),(256.77243916541914,-82.65860201234403,0.05),(253.93386875701245,-87.0166673120338,0.05),(259.3804216845602,-90.56421029379186,0.05),(259.40058577251216,-90.53286066318267,0.05),(253.91370466906048,-87.04801694264299,0.05),(226.5963964622508,-130.05907689740545,0.05),(232.0832775657025,-133.54392061794513,0.05),(232.11107488638206,-133.49936231360255,0.05),(226.56859914157124,-130.10363520174803,0.05),(218.21695736611312,-143.7351110079843,0.05),(223.75943311092394,-147.1308381198388,0.05),(224.1775382533205,-144.80800165735175,0.05),(217.79885222371655,-146.05794747047136,0.05),(219.6867166613693,-155.69204071503142,0.05),(226.06540269097326,-154.44209490191182,0.05),(225.89448025629497,-156.27190688547975,0.05),(219.8576390960476,-153.8622287314635,0.05),(215.34052563989428,-165.17871777883434,0.05),(221.37736680014166,-167.5883959328506,0.05),(221.45962979347146,-167.3573439872607,0.05),(215.25826264656448,-165.40976972442425,0.05),(201.56185422005896,-209.02117847401954,0.05),(207.76322136696595,-210.96875273685598,0.05),(207.7639721433592,-210.96635892103689,0.05),(201.5611034436657,-209.02357228983863,0.05),(200.98095603490182,-210.87584888328536,0.05),(207.18382473459533,-212.81863551448362,0.05),(207.18390683053653,-212.81837336227431,0.05),(200.98087393896063,-210.87611103549466,0.05),(200.0918090919346,-213.71553103186056,0.05),(206.2948419835105,-215.65779335864022,0.05),(231.15832015700767,-129.10787312323535,0.05),(227.52135387094563,-134.49512439211523,0.05),(229.92225204265083,-136.11598543440616,0.05),(233.55921832871286,-130.72873416552628,0.05),(233.69676488844985,-130.82689302077424,0.05),(229.78470548291384,-136.0178265791582,0.05),(253.8003490779332,-154.11681076942105,0.05),(257.71240848346923,-148.9258772110371,0.05),(257.8741506243439,-149.05607677991003,0.05),(253.6386069370585,-153.9866112005481,0.05),(254.84091776461923,-155.01944853649974,0.05),(259.0764614519046,-150.08891411586166,0.05),(259.06983308921093,-150.08323551478654,0.05),(254.84754612731288,-155.02512713757486,0.05),(255.64911715946167,-155.70997884546549,0.05),(259.8714041213597,-150.76808722267717,0.05),(259.878284699887,-150.77398251055672,0.05),(255.64223658093445,-155.70408355758593,0.05),(258.6735154416897,-158.30862309818224,0.05),(262.90956356064225,-153.37852205115303,0.05),(-305.7926669803495,565.0382289869161,0.05),(-312.11183391506313,566.5607693808703,0.05),(-325.9466704896837,509.1405247839717,0.05),(-319.6275035549701,507.61798439001757,0.05),(-319.53868270633006,508.27742433700377,0.05),(-326.0354913383237,508.48108483698553,0.05),(-326.324393445135,499.2650527566332,0.05),(-319.82758481314136,499.06139225665146,0.05),(-320.0457370450835,500.3379872946243,0.05),(-326.10624121319285,497.98845771866036,0.05),(-323.09617357448457,490.22412580417586,0.05),(-317.03566940637523,492.5736553801398,0.05),(-317.45162351264486,493.3296795716554,0.05),(-322.68021946821494,489.4681016126603,0.05),(-317.1439948025126,481.972025603424,0.05),(-311.91539884694254,485.8336035624191,0.05),(-312.8993061483373,486.71427794607246,0.05),(-316.16008750111786,481.0913512197707,0.05),(-308.98217527947844,476.9288210173521,0.05),(-305.7213939266979,482.5517477436539,0.05),(-306.5166172311635,482.8811434128176,0.05),(-308.18695197501285,476.5994253481884,0.05),(-300.7635114549433,474.62550189412724,0.05),(-299.0931767110939,480.90721995875646,0.05),(-299.42938972735004,480.9778317033538,0.05),(-300.42729843868716,474.5548901495299,0.05),(-283.4198789328321,471.91251018389676,0.05),(-282.421970221495,478.33545173772063,0.05),(-282.0754832298304,478.26209009342654,0.05),(-283.76636592449665,471.98587182819085,0.05),(-273.80282487137754,469.3015835462435,0.05),(-272.1119421767113,475.57780181147916,0.05),(-271.83417408095016,475.48943046217056,0.05),(-274.08059296713867,469.3899548955521,0.05),(-264.07394319112603,465.7045352559796,0.05),(-261.8275243049375,471.80401082259806,0.05),(-261.6626591802396,471.7381235562898,0.05),(-264.238808315824,465.77042252228784,0.05),(-250.39907997357122,459.7960608707108,0.05),(-247.82293083798677,465.76376190471274,0.05),(-247.822681837886,465.7636544035245,0.05),(-250.399328973672,459.796168371899,0.05),(-214.82388968026882,444.43536932287174,0.05),(-212.24724254448282,450.40285535449726,0.05),(-212.19403071554393,450.3793121257001,0.05),(-214.8771015092077,444.4589125516689,0.05),(-48.61455415033719,369.1102508067018,0.05),(-45.93148335667343,375.030650380733,0.05),(-45.83647559795457,374.98572824125637,0.05),(-48.709561909056056,369.1551729461784,0.05),(-8.824670509175187,349.50134415949236,0.05),(-5.951584198073695,355.3318994545703,0.05),(-5.800428031951028,355.2524128543333,0.05),(-8.975826675297855,349.5808307597294,0.05),(12.087856078527706,337.7877210903793,0.05),(15.263254721874533,343.4593031849832,0.05),(15.618698706930127,343.22864055860686,0.05),(11.732412093472112,338.01838371675564,0.05),(22.97757718226817,329.63070996530456,0.05),(26.863863795726182,334.8409668071558,0.05),(27.479024106342685,334.24022921675123,0.05),(22.362416871651668,330.2314475557091,0.05),(29.28961350984465,321.38992226647906,0.05),(34.406220744535666,325.3987039275212,0.05),(34.92339402532362,324.4449994674492,0.05),(28.772440229056702,322.34362672655107,0.05),(31.83917132378865,313.3669607109782,0.05),(37.990125120055566,315.46833345187633,0.05),(38.15922749798118,314.6052778927777,0.05),(31.67006894586304,314.2300162700769,0.05),(32.22914706066878,304.5622370181438,0.05),(38.71830561278692,304.9374986408446,0.05),(38.68996905546019,304.282660408533,0.05),(32.25748361799551,305.21707525045537,0.05),(30.834455284533668,295.42098830767833,0.05),(37.266940721998346,294.48657346575595,0.05),(37.08447990285008,293.7881620014223,0.05),(31.016916103681936,296.119399772012,0.05),(27.38825166250804,286.6749950526146,0.05),(33.45581546167618,284.34375728202485,0.05),(33.02553575020133,283.56405450843897,0.05),(27.818531373982893,287.45469782620046,0.05),(16.57922189822571,272.41267807620886,0.05),(21.786226274444147,268.5220347584474,0.05),(-204.67741905392276,69.95249099901946,0.05),(-199.57778379640413,81.91048916929333,0.05),(-213.3240255142363,87.77274286129443,0.05),(-218.42366077175492,75.81474469102056,0.05),(-218.31276379638098,75.7686573828773,0.05),(-213.43492248961024,87.8188301694377,0.05),(-217.83742230401162,89.60093701787132,0.05),(-222.71526361078236,77.55076423131091,0.05),(-222.89251625961748,77.62558699574669,0.05),(-217.6601696551765,89.52611425343554,0.05),(-225.26363198640632,92.86915523383419,0.05),(-230.4959785908473,80.96862797614534,0.05),(-230.39220960989732,80.92407513353201,0.05),(-225.3674009673563,92.91370807644752,0.05),(-246.66796246678896,101.84069074746994,0.05),(-251.69277110932998,89.85105780455443,0.05),(108.83325902760087,19.642485762869622,0.05),(111.12370190288813,25.72556651484439,0.05),(105.41796826160454,27.87392809342811,0.05),(103.12752538631729,21.79084734145334,0.05),(104.68651932432513,21.608834969626237,0.05),(103.8589743235967,28.055940465255212,0.05),(100.11286805918243,27.575093438102435,0.05),(100.94041305991087,21.12798794247346,0.05),(100.92747189584522,21.12635321669186,0.05),(100.12580922324808,27.576728163884034,0.05),(98.36299436909279,27.357642780655077,0.05),(99.16465704168992,20.907267833462903,0.05),(99.82070481358168,21.05910102376023,0.05),(97.70694659720102,27.20580959035775,0.05),(95.65397919132302,26.499825782093613,0.05),(97.76773740770368,20.353117215496095,0.05),(98.18496831216198,20.530008194934606,0.05),(95.23674828686471,26.3229348026551,0.05),(93.1294163318742,25.250440933775128,0.05),(96.07763635717147,19.457514326054632,0.05),(96.22194896385183,19.53560784841986,0.05),(92.98510372519384,25.1723474114099,0.05),(90.0067124305934,23.462033927337213,0.05),(93.24355766925139,17.825294364347176,0.05),(94.1442758807947,18.590269523702553,0.05),(89.10599421905009,22.697058767981837,0.05),(87.76441256012423,21.051182666763673,0.05),(92.80269422186883,16.94439342248439,0.05),(93.3276757601344,17.859447585132926,0.05),(87.23943102185866,20.136128504115135,0.05),(80.22516183718825,1.378740457172485,0.05),(86.31340657546399,-0.8979404618097264,0.05),(-86.14678102540884,-87.67280731276682,0.05),(-90.43954842355933,-92.55360110736379,0.05),(-71.3598859358336,-109.3345913605664,0.05),(-67.06711853768311,-104.45379756596944,0.05),(-66.97702650136371,-104.53608583875739,0.05),(-71.44997797215301,-109.25230308777846,0.05),(-57.47038103600907,-122.51082265439636,0.05),(-52.997429565219775,-117.7946054053753,0.05),(-53.54268617676584,-117.37741623052648,0.05),(-56.92512442446301,-122.92801182924518,0.05),(-10.66430368560819,-151.1185666362078,0.05),(-7.281865437911024,-145.5679710374891,0.05),(-7.820160641438717,-145.30463979829307,0.05),(-10.126008482080495,-151.3818978754038,0.05),(17.312736703885175,-161.79277240700816,0.05),(19.618584544526957,-155.71551432989742,0.05),(20.24293832866937,-156.03315384968988,0.05),(16.68838291974276,-161.4751328872157,0.05),(60.772907390589864,-190.26996723465749,0.05),(64.32746279951647,-184.82798819713167,0.05),(-114.13092437904356,-71.73682706794864,0.05),(-117.33541921730125,-77.39202050686652,0.05),(-89.89541214361293,-92.94080092952424,0.05),(-86.69091730535524,-87.28560749060637,0.05),(60.98952371294602,150.3063478027644,0.05),(58.06807039847606,152.04563229110218,0.05),(55.248374133436094,147.3094255034638,0.05),(58.16982744790605,145.57014101512604,0.05),(58.14615926105193,145.53156359825107,0.05),(55.27204232029022,147.34800292033879,0.05),(16.7347039967483,86.37111501623123,0.05),(19.60882093751001,84.55467569414348,0.05),(19.60366712061844,84.54657168785374,0.05),(16.739857813639873,86.37921902252097,0.05),(13.17212610605017,80.80405839247365,0.05),(16.03593541302874,78.97141105780642,0.05),(6.3700468866923305,73.20401773261072,0.05),(11.8400356799061,69.69271845711229,0.05),(12.635313520247541,70.9316219321063,0.05),(7.165324727033772,74.44292120760473,0.05),(7.158704986826435,74.43256579285071,0.05),(12.641933260454877,70.94197734686031,0.05),(14.64892497038663,74.09468178598627,0.05),(9.16569669675819,77.58527023197666,0.05),(-207.39449042804355,226.9434375164119,0.05),(-208.17565904836354,220.49054858302497,0.05),(-203.54307955130187,219.92974151326143,0.05),(-202.76191093098188,226.38263044664836,0.05),(-203.54504476255,226.38239193637526,0.05),(-202.75994571973376,219.92998002353454,0.05),(-198.3090542189292,220.471543504627,0.05),(-199.09415326174542,226.9239554174677,0.05),(-198.05122950713857,226.88200971372632,0.05),(-199.35197797353604,220.51348920836838,0.05),(-169.11428076861185,214.33754328284206,0.05),(-167.81353230221438,220.7060637882,0.05),(-167.7823865136633,220.6995433706797,0.05),(-169.14542655716292,214.34406370036237,0.05),(-157.66073798946678,211.8809781085693,0.05),(-156.29769794596717,218.23645777888663,0.05),(-156.2622624433218,218.2286508729931,0.05),(-157.69617349211217,211.88878501446285,0.05),(-125.60360588539946,204.63028959797063,0.05),(-124.16969483660911,210.97015545650086,0.05),(-122.11997661678943,209.5055132335589,0.05),(-127.65332410521914,206.0949318209126,0.05),(-124.95977151908555,201.72489614835226,0.05),(-119.42642403065584,205.13547756099857,0.05),(-200.50597683244797,225.0425688447107,0.05),(-205.79901364983579,221.2698031151991,0.05),(-203.86958306145442,218.56289050172526,0.05),(-198.5765462440666,222.33565623123687,0.05),(-200.57360877603915,223.6337210523745,0.05),(-201.87252052948187,217.26482568058762,0.05),(-180.84964748651564,212.97729145485553,0.05),(-179.5507357330729,219.34618682664242,0.05),(-259.454377366428,100.35396990905453,0.05),(-265.41641057775104,102.94320917707931,0.05),(-270.3005834463167,91.69681676683079,0.05),(-264.33855023499365,89.10757749880601,0.05),(-264.3380560687128,89.10871597068594,0.05),(-270.30107761259757,91.69567829495087,0.05),(-289.4568818197968,47.54100618915423,0.05),(-283.493860275912,44.9540438648893,0.05),(-283.4968208312667,44.94724097833653,0.05),(-289.45392126444216,47.547809075707,0.05),(-293.01391567854165,39.39295849218349,0.05),(-287.0568152453662,36.79239039481302,0.05),(-145.3306079025244,-172.2754889661484,0.05),(-141.8801755122511,-166.76690327468881,0.05),(-148.66206767336897,-162.51890538725624,0.05),(-152.11250006364227,-168.02749107871583,0.05),(-151.97714270016542,-168.10777913594038,0.05),(-148.79742503684582,-162.4386173300317,0.05),(-193.0236748271306,-137.63301247077644,0.05),(-196.2033924904502,-143.30217427668512,0.05),(-195.8859816185581,-143.45814118135448,0.05),(-193.3410856990227,-137.47704556610708,0.05),(-275.10533645421634,-102.68718071587655,0.05),(-277.65023237375175,-108.66827633112398,0.05),(-277.7543840571523,-108.6217858297409,0.05),(-275.00118477081577,-102.73367121725963,0.05),(-282.9174310614837,-99.03214618380801,0.05),(-285.67063034782024,-104.92026079628928,0.05),(-122.01391762732712,-210.9415163090659,0.05),(-124.14610473410974,-213.3943265629726,0.05),(-121.42121448677315,-215.7630282770636,0.05),(-119.28902737999053,-213.3102180231569,0.05),(-119.28664276288733,-213.3122950081578,0.05),(-121.42359910387636,-215.76095129206269,0.05),(-97.61416674784009,-236.53957905742763,0.05),(-95.47721040685106,-234.09092277352275,0.05),(-95.425251668006,-234.13828611897972,0.05),(-97.66612548668515,-236.49221571197066,0.05),(-93.28299440207071,-240.6648314608008,0.05),(-91.04212058339156,-238.31090186780986,0.05),(-90.87399807938135,-238.4977961424395,0.05),(-93.45111690608093,-240.47793718617115,0.05),(-85.23974995007512,-251.1648872103885,0.05),(-82.66263112337555,-249.18474616665688,0.05),(-82.69628562754613,-249.14242206004096,0.05),(-85.20609544590454,-251.20721131700444,0.05),(-61.673470679441124,-279.8117831838073,0.05),(-59.16366086108272,-277.74699392684386,0.05),(-59.229207162122265,-277.67211663694053,0.05),(-61.60792437840158,-279.8866604737106,0.05),(-60.0222358864676,-281.58990267320604,0.05),(-57.643518670188286,-279.37535883643596,0.05),(-57.76889158305675,-279.25439647738926,0.05),(-59.896862973599134,-281.71086503225274,0.05),(-58.199193402100725,-283.18150965808786,0.05),(-56.07122201155834,-280.7250411032244,0.05),(-56.21902623478288,-280.6111738530963,0.05),(-58.051389178876185,-283.2953769082159,0.05),(-52.841281509525494,-286.8520408535332,0.05),(-51.00891856543219,-284.1678377984136,0.05),(-50.854430435251054,-284.28752711936494,0.05),(-52.99576963970663,-286.73235153258184,0.05),(-50.176249998130295,-289.2018736436997,0.05),(-48.03491079367472,-286.7570492304828,0.05),(-47.78420476921112,-287.0336329890173,0.05),(-50.42695602259389,-288.92528988516517,0.05),(-47.33642840789887,-293.2429310726244,0.05),(-44.6936771545161,-291.3512741764765,0.05),(-44.618073203917675,-291.4669983777024,0.05),(-47.4120323584973,-293.1272068713985,0.05),(-45.081404866683215,-297.04941184829994,0.05),(-42.28744571210359,-295.3892033546038,0.05),(-42.18130913621006,-295.6018395212734,0.05),(-45.187541442576745,-296.83677568163034,0.05),(-41.77748836193042,-305.1379430346867,0.05),(-38.77125605556374,-303.9030068743298,0.05),(-38.693801835010035,-304.1430861713353,0.05),(-41.85494258248413,-304.8978637376812,0.05),(-41.620838528086225,-305.87833255194244,0.05),(-38.45969778061213,-305.12355498559657,0.05),(-38.4158591100469,-305.45712303407726,0.05),(-41.664677198651454,-305.54476450346175,0.05),(-41.64217418958547,-306.3789379080734,0.05),(-38.39335610098092,-306.2912964386889,0.05),(-38.424064828062626,-306.6525195975859,0.05),(-41.61146546250376,-306.0177147491764,0.05),(-41.81045735059007,-307.0168672791611,0.05),(-38.62305671614894,-307.65167212757063,0.05),(-38.729665292242885,-307.9893904200838,0.05),(-41.70384877449612,-306.67914898664793,0.05),(-42.05528529262881,-307.4768925632267,0.05),(-39.08110181037557,-308.7871339966626,0.05),(-121.90642924891542,-213.29190117308994,0.05),(-124.25359311252144,-211.04394169894854,0.05),(-133.96432069998014,-221.18321206604938,0.05),(-131.61715683637408,-223.43117154019077,0.05),(-131.73987084854812,-223.5466681504114,0.05),(-133.8416066878061,-221.06771545582876,0.05),(-143.76564686145215,-229.48163595893845,0.05),(-141.66391102219418,-231.96058865352109,0.05),(-141.5628043421134,-231.86722727499316,0.05),(-143.86675354153294,-229.57499733746639,0.05),(-147.43312695053783,-233.1596041982307,0.05),(-145.12917775111828,-235.45183413575748,0.05),(-144.94038329979293,-235.22384952363544,0.05),(-147.62192140186318,-233.38758881035275,0.05),(-160.4412643205572,-252.1080004770217,0.05),(-157.75972621848695,-253.9442611903044,0.05),(-157.75160294924996,-253.93228452278586,0.05),(-160.44938758979418,-252.11997714454023,0.05),(-162.0243301053751,-254.46442256217537,0.05),(-159.32654546483087,-256.276729940421,0.05),(322.61028417478326,-37.00792613238061,0.05),(324.8068251614551,-30.89031158961391,0.05),(314.09583778540593,-27.044511463642472,0.05),(311.8992967987341,-33.162126006409174,0.05),(311.85518903643293,-33.145928128465535,0.05),(314.1399455477071,-27.060709341586108,0.05),(296.42970143738734,-20.411220315069432,0.05),(294.14494492611317,-26.496439101948862,0.05),(294.16885633439466,-26.505309990497956,0.05),(296.40579002910584,-20.40234942652034,0.05),(266.95981906460423,-9.609442617853453,0.05),(264.72288536989305,-15.712403181831071,0.05),(264.71365305361735,-15.709003377182924,0.05),(266.96905138087993,-9.6128424225016,0.05),(251.38694226893665,-3.847925274224437,0.05),(249.13154394167407,-9.94408622890576,0.05),(249.14072891976014,-9.947468682150053,0.05),(251.37775729085058,-3.844542820980144,0.05),(239.92863129394334,0.3521359953607197,0.05),(237.6916029228529,-5.75078986580919,0.05),(237.69980716671435,-5.753784633965241,0.05),(239.92042705008188,0.35513076351677064,0.05),(234.5066542606697,2.3230629933783877,0.05),(232.28603437730217,-3.7858524041036237,0.05),(232.2753574811757,-3.78195014813958,0.05),(234.5173311567962,2.319160737414344,0.05),(206.0447912855636,12.78195777008353,0.05),(203.8028176099431,6.680846884529607,0.05),(203.82130874368232,6.674115421812591,0.05),(206.0263001518244,12.788689232800547,0.05),(133.8683822431987,38.809732389074206,0.05),(131.66339083505665,32.69515857808626,0.05),(131.83933259640253,32.63732144251534,0.05),(133.69244048185283,38.86756952464512,0.05),(123.92788372130236,41.77191248055479,0.05),(122.07477583585204,35.54166439842501,0.05),(-202.03640478967307,-6.08393708481294,0.05),(-195.94309159040833,-8.347017785023628,0.05),(-192.8138911013809,0.07831085710626984,0.05),(-198.90720430064565,2.3413915573169577,0.05),(-198.94147404291078,2.244449136748505,0.05),(-192.77962135911577,0.17525327767472243,0.05),(-191.65129889563315,3.5352816526148794,0.05),(-197.81315157942817,5.604477511688662,0.05),(-197.7953700960613,5.655993561279803,0.05),(-191.669080379,3.4837656030237385,0.05),(-179.0337283147267,39.11898847574291,0.05),(-185.16001803178798,41.29121643399897,0.05),(149.67483936212207,98.09567858908898,0.05),(151.43754120325488,101.79741902019256,0.05),(144.14313581309565,105.27088293548101,0.05),(142.38043397196284,101.56914250437742,0.05),(142.24479088394614,101.64006238733393,0.05),(144.27877890111236,105.19996305252451,0.05),(65.81212687936899,150.03273929259765,0.05),(63.77813886220279,146.47283862740707,0.05),(63.80022579526672,146.46039951820075,0.05),(65.79003994630506,150.04517840180398,0.05),(60.52370413123021,152.9683794887349,0.05),(58.533889980191866,149.38360060513168,0.05),(29.903939498357865,-119.97066158811323,0.05),(30.610309209672344,-113.50915697765775,0.05),(9.38650003983414,-111.18897663885035,0.05),(8.68013032851966,-117.65048124930583,0.05),(10.985533055472962,-117.0180640616086,0.05),(7.081097312880837,-111.82139382654758,0.05),(5.368179019102053,-113.10836781332226,0.05),(9.272614761694177,-118.30503804838328,0.05),(9.25125768305017,-118.32094786952992,0.05),(5.38953609774606,-113.09245799217562,0.05),(3.6325021809737166,-114.39018945224772,0.05),(7.494223766277827,-119.61867932960202,0.05),(8.043891886151131,-119.1043097001101,0.05),(3.082834061100412,-114.90455908173965,0.05),(-0.9183356824980269,-119.63103840625183,0.05),(4.042722142552693,-123.83078902462228,0.05),(121.48411872500424,16.125549701223033,0.05),(123.7154742604414,22.23055195138429,0.05),(121.75486307899132,22.947148020198686,0.05),(119.52350754355416,16.84214577003743,0.05),(117.59249924555412,21.02610790503225,0.05),(123.68587137699136,18.763185885203864,0.05),(124.82631482974169,21.83405898272046,0.05),(118.73294269830446,24.096981002548848,0.05),(122.9083813450076,26.01321052989738,0.05),(120.65087618303855,19.91782945537193,0.05),(122.67724739455056,19.167336022045447,0.05),(124.93475255651961,25.262717096570896,0.05),(126.85268638978418,21.083566487882777,0.05),(120.75931356128599,23.346486630733565,0.05),(119.61887104451485,20.275613155100004,0.05),(125.71224387301304,18.012693012249215,0.05),(62.940045928772875,-116.66698064336705,0.05),(69.0565896591131,-118.86650168096494,0.05),(75.81452076804884,-100.07369158828479,0.05),(69.69797703770861,-97.8741705506869,0.05),(69.72585521966919,-97.79953159538695,0.05),(75.78664258608826,-100.14833054358473,0.05),(77.6681849324121,-95.29324148169121,0.05),(71.60739756599303,-92.94444253349343,0.05),(71.4459929697078,-94.73115217655432,0.05),(77.82958952869733,-93.50653183863032,0.05),(76.82326169914079,-88.26083186857868,0.05),(70.43966514015126,-89.48545220650267,0.05),(71.14466395090209,-90.96558759292672,0.05),(76.11826288838996,-86.78069648215462,0.05),(72.11415578575465,-82.02195311127146,0.05),(67.14055684826677,-86.20684422204356,0.05),(241.87967251711575,-3.767189095248762,0.05),(235.74056169968048,-1.6314647751997082,0.05),(234.1551219321084,-6.1887900517458885,0.05),(240.29423274954365,-8.324514371794942,0.05),(240.3097794528826,-8.278730955402281,0.05),(234.13957522876944,-6.234573468138549,0.05),(233.34966070144355,-8.618897564281795,0.05),(239.5198649255567,-10.663055051545527,0.05),(239.52787381181415,-10.638555553943188,0.05),(233.3416518151861,-8.643397061884134,0.05),(232.6942285265176,-10.650808606095342,0.05),(238.88045052314564,-12.645967098154397,0.05),(238.8255620107011,-12.80238270755406,0.05),(232.74911703896214,-10.49439299669568,0.05),(231.9617429385471,-12.567381178070647,0.05),(238.03818791028607,-14.875370888929027,0.05),(238.03569058390153,-14.881924505589685,0.05),(231.96424026493165,-12.560827561409988,0.05),(225.14127663880768,-30.408115150162793,0.05),(231.21272695777756,-32.72921209434249,0.05),(240.55651940820832,-71.40521355238403,0.05),(246.2777029865319,-74.49034863259052,0.05),(248.11051942435,-71.09150902475571,0.05),(242.38933584602643,-68.00637394454921,0.05),(242.38829881994351,-68.00829859164926,0.05),(248.11155645043291,-71.08958437765565,0.05),(249.78050194558855,-67.98964308580932,0.05),(244.05724431509915,-64.90835729980293,0.05),(243.87621294357112,-65.30675722923483,0.05),(249.9615333171166,-67.59124315637742,0.05),(254.51448888937713,-55.46326592765395,0.05),(248.42916851583166,-53.17878000051137,0.05),(248.14361173468865,-53.03577453793503,0.05),(254.21506624417157,-55.3568605206766,0.05),(255.67712357539926,-51.53243753815524,0.05),(249.60566906591635,-49.21135155541368,0.05),(251.61883585804563,-53.4568370260379,0.05),(253.66395678326998,-47.28695206753102,0.05),(252.97607557443015,-47.05894129200962,0.05),(250.9309546492058,-53.228826250516505,0.05),(248.95921582813594,-48.880288978720294,0.05),(254.94781439550002,-51.40747856380583,0.05),(255.39675660253283,-50.34363488791676,0.05),(249.40815803516875,-47.81644530283122,0.05),(249.36525763197346,-47.92335601489552,0.05),(255.43965700572812,-50.23672417585246,0.05),(255.94204629831006,-48.91755965386025,0.05),(249.8676469245554,-46.60419149290331,0.05),(254.06862207379163,-44.7263860490612,0.05),(251.74107114907383,-50.795365097702366,0.05),(252.33356866444956,-51.02259740955464,0.05),(254.66111958916736,-44.953618360913474,0.05),(250.46149725995812,-46.82787782139544,0.05),(256.5331909936588,-49.148337949072676,0.05),(257.57538046147357,-46.421354974625366,0.05),(251.50368672777287,-44.10089484694813,0.05),(253.10809153672656,-48.17891065255817,0.05),(255.97097565251985,-42.34333916901532,0.05),(255.37168559834478,-42.04933232123885,0.05),(252.5088014825515,-47.8849038047817,0.05),(250.88305624792784,-43.86434616526698,0.05),(256.99743083296846,-46.06988996075357,0.05),(257.85328660943117,-43.697222132178794,0.05),(251.73891202439054,-41.4916783366922,0.05),(255.79370647221427,-39.50134823746104,0.05),(253.7984921616074,-45.68755223140996,0.05),(254.43519377003335,-45.89290533033144,0.05),(256.43040808064023,-39.706701336382515,0.05),(252.37348110057553,-41.70296140772556,0.05),(258.492120750098,-43.89664525898839,0.05),(259.9112381990659,-39.93843209824259,0.05),(253.7925985495434,-37.74474824697976,0.05),(254.12154594421767,-37.79570666501613,0.05),(260.2268736030961,-40.026171678804445,0.05),(264.6174622235409,-28.00805797720014,0.05),(258.51213456466246,-25.77759296341182,0.05),(262.6789897555045,-23.839781479437974,0.05),(260.4506070326988,-29.945869461173984,0.05),(264.28412198794285,-31.344889344188246,0.05),(266.51250471074854,-25.238801362452236,0.05),(262.3453231692782,-27.177506553667595,0.05),(268.4513035294132,-29.406184152972887,0.05),(269.32943586420714,-27.000336491775702,0.05),(263.2234555040721,-24.77165889247041,0.05),(263.22200506636773,-24.77564076189514,0.05),(269.3308863019115,-26.99635462235097,0.05),(270.14905073677755,-24.745695745157043,0.05),(264.0401695012338,-22.524981884701212,0.05),(265.89076492539675,-26.654155925955354,0.05),(268.2984553126146,-20.6165217039029,0.05),(263.5444530735251,-18.72071863420707,0.05),(261.1367626863073,-24.758352856259524,0.05),(261.1860595887596,-24.777547964331063,0.05),(263.49515617107284,-18.70152352613553,0.05),(236.94188781598825,-8.610375633027104,0.05),(234.632791233675,-14.686400071222636,0.05),(234.66669538146348,-14.699069202894677,0.05),(236.90798366819976,-8.597706501355063,0.05),(234.771801561052,-7.8129965653472055,0.05),(232.53051327431572,-13.91435926688682,0.05),(236.69499416175472,-12.002781895323519,0.05),(230.607320673613,-9.724573936910506,0.05),(229.86469497132407,-11.708968198523994,0.05),(235.9523684594658,-13.987176156937007,0.05),(235.95415948495676,-13.982378789398513,0.05),(229.8629039458331,-11.713765566062488,0.05),(206.45616356025974,-74.56116306857423,0.05),(212.5474190993834,-76.82977629191025,0.05),(212.2883607368605,-77.36805179773445,0.05),(206.71522192278263,-74.02288756275003,0.05),(205.97132772410606,-75.26223646791105,0.05),(211.54446653818394,-78.60740070289548,0.05),(211.14468223163306,-79.14066465530212,0.05),(206.37111203065695,-74.72897251550441,0.05),(205.91211713997734,-75.22561739985233,0.05),(210.68568734095345,-79.63730953965003,0.05),(210.24045377361557,-80.03777842464865,0.05),(206.35735070731522,-74.82514851485371,0.05),(205.56002593602085,-75.41910863053977,0.05),(209.4431290023212,-80.63173854033471,0.05),(206.64963843902368,-74.88907221977178,0.05),(208.35351649931837,-81.1617749511027,0.05),(214.15584645971396,-79.58566603257742,0.05),(212.45196839941926,-73.3129633012465,0.05),(212.47892642980392,-73.3057647070687,0.05),(214.1288884293293,-79.59286462675522,0.05),(219.01894798369662,-78.30953645586709,0.05),(217.36898598417125,-72.02243653618058,0.05),(217.90925028633737,-71.9284818393307,0.05),(218.4786836815305,-78.40349115271697,0.05),(243.70182789496667,-76.18528574918041,0.05),(243.13239449977354,-69.71027643579414,0.05),(222.61768285720626,-56.323491829549695,0.05),(216.38234960311075,-54.48756720953641,0.05),(210.18624080251885,-75.53135235690532,0.05),(216.42157405661436,-77.3672769769186,0.05),(216.37898149792287,-77.50117942728893,0.05),(210.22883336121035,-75.39744990653499,0.05),(209.40194143183348,-77.81482714469685,0.05),(215.552089568546,-79.9185566654508,0.05),(265.88831772644147,31.470343998210215,0.05),(259.64660296344124,33.284454473717425,0.05),(258.7180139213979,30.08950686124555,0.05),(264.95972868439816,28.275396385738336,0.05),(264.89834385616166,28.08603578275153,0.05),(258.7793987496344,30.278867464232356,0.05),(257.7582388702368,27.42939146486959,0.05),(263.87718397676406,25.236559783388763,0.05),(263.9166389297924,25.353614449308004,0.05),(257.7187839172085,27.312336798950348,0.05),(248.71042042453803,-1.192229373187507,0.05),(254.90827543712192,-3.150951722829854,0.05),(254.90594679234695,-3.158289839004585,0.05),(248.712749069313,-1.1848912570127759,0.05),(247.90698732574324,-3.713646390984348,0.05),(254.1001850487772,-5.687044972976157,0.05),(254.08152833031423,-5.743788140389938,0.05),(247.92564404420622,-3.6569032235705667,0.05),(247.18130096225136,-5.852563293155413,0.05),(253.33718524835936,-7.939448209974785,0.05),(258.1022355062422,-10.715652729963983,0.05),(260.3076129912398,-4.601218156868493,0.05),(252.10627492975905,-1.6431283954325067,0.05),(249.9008974447614,-7.757562968527997,0.05),(249.8587203752319,-7.742019936802549,0.05),(252.14845199928854,-1.6586714271579548,0.05),(235.41871639852647,4.638288973259492,0.05),(233.12898477446984,-1.4450595363851026,0.05),(233.14916257553932,-1.4525781055746725,0.05),(235.398538597457,4.645807542449062,0.05),(232.80882155994686,5.601018928533619,0.05),(230.5594455380292,-0.4973667194901159,0.05),(228.65323259222814,3.7249157815337135,0.05),(234.71503450574792,1.3787364275097895,0.05),(235.36716232045993,3.063633035393064,0.05),(229.30536040694014,5.409812389416988,0.05),(229.24982669348537,5.254770366740037,0.05),(235.4226960339147,3.2186750580700147,0.05),(236.74688967278053,7.233258402641307,0.05),(230.5740203323512,9.269353711311329,0.05),(230.59510063461792,9.331168362505368,0.05),(236.72580937051382,7.171443751447269,0.05),(237.7999793700844,10.220639638036856,0.05),(231.6692706341885,12.380364249094955,0.05),(233.36542793723143,8.35299462424413,0.05),(236.10382206704148,14.24800926288768,0.05),(234.56874714990758,14.961093182025396,0.05),(231.83035302009753,9.066078543381847,0.05),(231.74403123776935,9.107735748649402,0.05),(234.65506893223576,14.91943597675784,0.05),(232.35313810642768,16.07245611561014,0.05),(229.44210041196126,10.2607558875017,0.05),(228.02776145268663,14.691865379637578,0.05),(233.7674770657023,11.641346623474261,0.05),(235.69756315721233,15.272907731407782,0.05),(229.95784754419665,18.3234264875711,0.05),(229.9970781337452,18.39505456908367,0.05),(235.6583325676638,15.201279649895213,0.05),(237.20696227671758,17.946365646470866,0.05),(231.54570784279898,21.140140565659323,0.05),(231.52284079800057,21.0989106834631,0.05),(237.22982932151598,17.98759552866709,0.05),(238.05668336422485,19.504268156667468,0.05),(232.34969484070945,22.615583311463478,0.05),(232.37645832725627,22.66370038297217,0.05),(238.02991987767803,19.456151085158776,0.05),(238.9530634716217,21.083236541783403,0.05),(233.29960192119995,24.290785839596797,0.05),(236.15286249002264,25.93690290735558,0.05),(236.099802902799,19.43711947402462,0.05),(236.9288950467174,19.43035135822847,0.05),(236.98195463394103,25.930134791559432,0.05),(233.92502596082653,23.854629140508155,0.05),(239.9858237198319,21.505857009279747,0.05),(241.80722281110917,26.20581550414415,0.05),(235.7464250521038,28.55458763537256,0.05),(235.74620687726767,28.554024499314053,0.05),(241.8074409859453,26.206378640202658,0.05),(243.60637211592055,30.850921888431387,0.05),(237.5451380072429,33.19856774754278,0.05),(237.90920640416672,33.88270559734662,0.05),(243.24230371899674,30.16678403862755,0.05),(245.08359230584236,32.809404735313755,0.05),(239.75049499101235,36.52532629403283,0.05),(239.77077340116,36.55409649137018,0.05),(245.0633138956947,32.780634537976404,0.05),(245.95401932482866,34.029910298701544,0.05),(240.66147883029396,37.80337225209532,0.05),(244.7655397823925,38.82135232142483,0.05),(241.84995837273013,33.011930229372034,0.05),(255.83679052322108,25.992342540292686,0.05),(258.7523719328835,31.801764632345492,0.05),(257.1034426569085,32.141428109493184,0.05),(257.48571979919603,25.652679063144994,0.05),(259.4751600965547,25.769884636390877,0.05),(259.09288295426717,32.25863368273907,0.05),(259.07052763257656,32.25723932566566,0.05),(259.4975154182453,25.771278993464286,0.05),(262.0523651957324,25.939471457391257,0.05),(261.62537741006366,32.42543178959263,0.05),(262.1180370216942,32.42043965642984,0.05),(261.5597055841019,25.944463590554047,0.05),(262.5569148495808,25.85848839899813,0.05),(263.1152462871731,32.334464464873925,0.05),(263.286967660952,32.31504767237008,0.05),(262.3851934758019,25.87790519150197,0.05),(263.3966233688876,25.73621477989703,0.05),(264.2983975540377,32.17335726076514,0.05),(265.0014801123674,31.99301807940603,0.05),(262.6935408105579,25.916553961256138,0.05),(266.6728538932017,24.405146524453155,0.05),(268.9807931950112,30.481610642603048,0.05),(268.887935815925,30.51527388555193,0.05),(266.7657112722879,24.371483281504272,0.05),(269.5022555219836,23.42620995665705,0.05),(271.62448006562073,29.57000056070471,0.05),(273.65809979052466,25.505566156951417,0.05),(267.4686357970797,27.490644360410343,0.05),(267.0168907272611,26.082105473133097,0.05),(273.2063547207061,24.09702726967417,0.05),(273.2382037393814,24.20244115242148,0.05),(266.9850417085858,25.97669159038579,0.05),(266.4939804873597,24.245997141810413,0.05),(272.7471425181553,22.4717467038461,0.05),(270.9985927016674,20.415484416088646,0.05),(268.24253030384756,26.30225942956787,0.05),(265.34780275933775,24.947009786242063,0.05),(268.1038651571576,19.06023477276284,0.05),(269.7765607599872,20.88310187310725,0.05),(263.67510715650815,23.124142685897652,0.05),(262.0992100752187,18.833608184933667,0.05),(268.20066367869777,16.592567372143264,0.05),(268.19990226723814,16.590496526971457,0.05),(262.0999714866783,18.835679030105474,0.05),(259.8638008344723,12.76023252500594,0.05),(265.9637316150321,10.515050021871922,0.05),(265.95185812329515,10.4833026679996,0.05),(259.8756743262092,12.79197987887826,0.05),(256.9062177153573,4.976697577832306,0.05),(262.98240151244323,2.6680203669536464,0.05),(262.9796573447,2.660823715446865,0.05),(256.9089618831005,4.9838942293390875,0.05),(255.94178772327194,2.4564548995659,0.05),(262.0124831848714,0.1333843856736776,0.05),(261.95840298605805,2.5889613354272463,0.05),(255.99586792208532,0.0008779498123308027,0.05),(257.9188640570482,-4.429401208243451,0.05),(263.88139912102093,-1.8413178226285358,0.05),(263.9452571208346,-4.271013730230208,0.05),(257.85500605723456,-1.9997053006417795,0.05),(257.12733709782,-3.9508655201397582,0.05),(263.21758816142,-6.2221739497281865,0.05),(263.2143370512363,-6.230853603661205,0.05),(257.13058820800364,-3.9421858662067395,0.05),(256.16304982712467,-6.514101574689005,0.05),(262.24679867035735,-8.802769312143472,0.05),(-114.6180985312137,211.74708549279958,0.05),(-120.46558590320207,214.58555188055843,0.05),(-122.50320947455045,210.3878702896437,0.05),(-116.65572210256208,207.54940390188486,0.05),(-116.64029975061429,207.58162483864163,0.05),(-122.51863182649824,210.35564935288693,0.05),(-125.13226381281267,204.81719911179806,0.05),(-119.25393173692872,202.04317459755276,0.05),(-32.440708331745036,257.71323349959533,0.05),(-36.35006482249134,252.52026403807722,0.05),(-14.531662832847879,236.09499674775324,0.05),(-10.622306342101574,241.28796620927133,0.05),(-10.626655347036907,241.29123451560895,0.05),(-14.527313827912545,236.09172844141563,0.05),(-10.990487123050949,233.43840851355185,0.05),(-7.089828642175311,238.63791458774517,0.05),(-7.0844623301802185,238.63388012287356,0.05),(-10.99585343504604,233.44244297842346,0.05),(-7.444532297815198,230.76676656740568,0.05),(-3.5331411929493752,235.9582037118558,0.05),(84.8247290611527,287.5165215336746,0.05),(87.49395420874664,286.1471285617882,0.05),(88.32905761135937,287.7749147771829,0.05),(85.65983246376543,289.14430774906936,0.05),(85.65693198303947,289.138624391851,0.05),(88.33195809208533,287.78059813440126,0.05),(88.69737828852354,288.50039906673413,0.05),(86.02235217947768,289.8584253241839,0.05),(86.0251203243101,289.8638506704553,0.05),(88.69461014369112,288.4949737204627,0.05),(89.43278702758793,289.9345155846716,0.05),(86.76329720820691,291.30339253466417,0.05),(86.76289731596418,291.3026121305415,0.05),(89.43318691983066,289.9352959887943,0.05),(97.31469139950994,305.32741989659877,0.05),(94.64440179564346,306.694736038346,0.05),(94.61463525086245,306.6331848840154,0.05),(97.34445794429095,305.38897105092934,0.05),(107.62513624517644,327.94492420247576,0.05),(104.89531355174793,329.1891380355618,0.05),(194.75194604109805,225.36258113917714,0.05),(188.73158670499157,227.8131470869034,0.05),(186.92706362475343,223.37993549208338,0.05),(192.9474229608599,220.92936954435712,0.05),(192.9309424117767,220.8896364767891,0.05),(186.94354417383664,223.4196685596514,0.05),(171.0740636160969,185.8640578731108,0.05),(177.06146185403696,183.3340257902485,0.05),(177.30042039124513,184.26374423557644,0.05),(170.83510507888874,184.93433942778285,0.05),(170.56429115136868,182.32337911559517,0.05),(177.02960646372506,181.65278392338877,0.05),(176.0460530696576,184.33414844482792,0.05),(171.54784454543613,179.64201459415602,0.05),(173.57177829426718,177.70172978319573,0.05),(178.06998681848864,182.39386363386762,0.05),(177.05763346427887,183.05328289080006,0.05),(174.58413164847695,177.0423105262633,0.05),(179.0229980003245,175.2157268530171,0.05),(181.4964998161264,181.22669921755386,0.05),(181.56816517074515,181.19619990651265,0.05),(178.95133264570575,175.2462261640583,0.05),(192.52807955826245,169.27509512334362,0.05),(195.14491208330185,175.22506886579797,0.05),(195.19815713112516,175.20107817822046,0.05),(192.47483451043914,169.29908581092113,0.05),(198.19113133250463,166.66144762481653,0.05),(200.91445395319064,172.56343999211586,0.05),(182.19000642432073,173.47589564933796,0.05),(176.2782348924113,176.17792402715068,0.05),(170.9514034658234,164.52334236488323,0.05),(176.86317499773284,161.8213139870705,0.05),(172.35619865393062,160.3163488309338,0.05),(175.45837980962563,166.02830752101994,0.05),(172.09078479534685,167.85725803696818,0.05),(168.98860363965184,162.14529934688204,0.05),(168.98834871257938,162.14543781324076,0.05),(172.0910397224193,167.85711957060946,0.05),(170.615436146019,168.65869468369735,0.05),(167.51274513617906,162.94701292632865,0.05),(167.51319525423193,162.94676845982556,0.05),(170.61498602796613,168.65893915020044,0.05),(168.72299670966143,169.68631653957183,0.05),(165.62120593592724,163.97414584919696,0.05),(165.57803391207196,163.99801490849222,0.05),(168.7661687335167,169.66244748027657,0.05),(166.80144729213137,170.76825936210935,0.05),(163.61331247068662,165.103826790325,0.05),(162.13216701401322,166.8845841753545,0.05),(168.28259274880477,168.98750197707986,0.05),(167.6878106527038,170.7270674072889,0.05),(161.53738491791225,168.62414960556353,0.05),(161.5247818133963,168.66175816066178,0.05),(167.70041375721976,170.68945885219065,0.05),(167.37825275385458,171.6706430041456,0.05),(161.2026208100311,169.64294231261673,0.05),(161.3093020266012,171.9511402046353,0.05),(167.2715715372845,169.36244511212703,0.05),(170.91346079871556,177.7504261329725,0.05),(164.95119128803225,180.33912122548077,0.05),(169.07071431612803,182.08887816830972,0.05),(166.79393777061978,176.00066919014355,0.05),(172.84346723390536,173.7383574260821,0.05),(175.1202437794136,179.82656640424827,0.05),(175.11586191190582,179.82820147606995,0.05),(172.84784910141315,173.73672235426042,0.05),(178.10011425311967,171.78117027733956,0.05),(180.36812706361235,177.87264939914908,0.05),(-301.65385444912135,50.15316229384361,0.05),(-306.78614262786687,38.20914211425962,0.05),(-294.64882437539745,32.99379468079688,0.05),(-289.51653619665194,44.93781486038087,0.05),(-289.5327940543972,44.944774598724514,0.05),(-294.6325665176522,32.986834942453235,0.05),(-292.5852516935814,32.113704615362614,0.05),(-287.4854792303264,44.07164427163389,0.05),(-287.4466925875554,44.05495360077973,0.05),(-292.62403833635244,32.130395286216775,0.05),(-279.90954232893046,26.6100782970557,0.05),(-274.7321965801334,38.53463661161866,0.05),(-274.63583213677794,38.49186542394651,0.05),(-280.0059067722859,26.652849484727852,0.05),(-257.05907533254776,16.244366371565633,0.05),(-251.68900069703977,28.083382310784287,0.05),(-251.67108647330866,28.075223845677577,0.05),(-257.0769895562789,16.252524836672343,0.05),(-254.20414734069522,14.938924060886599,0.05),(-248.798244257725,26.761623069891833,0.05),(-248.89540358872154,26.80509068732983,0.05),(-254.10698800969868,14.895456443448602,0.05),(-247.0882195234811,11.8240855055871,0.05),(-241.87663510250394,23.733719749468328,0.05),(-241.91072454643972,23.748521114542164,0.05),(-247.0541300795453,11.809284140513261,0.05),(-240.55408861380465,9.00907594353797,0.05),(-235.41068308069907,20.948312917566874,0.05),(113.51740791631303,-152.82220027632312,0.05),(119.02095084212348,-156.2806703519146,0.05),(122.44831489008945,-150.82662716285094,0.05),(116.944771964279,-147.36815708725945,0.05),(116.91200931857848,-147.42142380852553,0.05),(122.48107753578996,-150.77336044158486,0.05),(139.21118931159336,-122.97715067971195,0.05),(133.64212109438185,-119.62521404665266,0.05),(133.17950701319518,-121.43730228651404,0.05),(139.67380339278003,-121.16506243985057,0.05),(139.37910005681312,-114.13489829864264,0.05),(132.88480367722826,-114.4071381453061,0.05),(17.30874485716341,78.08578532237806,0.05),(11.899316661915499,81.68968412790201,0.05),(9.202596735948454,77.64192541174344,0.05),(14.612024931196366,74.03802660621949,0.05),(121.90269652154743,30.103999313129982,0.05),(114.93185218580552,36.92087757571141,0.05),(109.41921987925676,31.283736906782785,0.05),(116.39006421499866,24.46685864420136,0.05),(117.09244798743433,25.379720406157965,0.05),(108.71683610682109,30.37087514482618,0.05),(107.26608123301727,27.93637643799365,0.05),(115.64169311363051,22.945221699325437,0.05),(115.75203358190659,23.140459430608733,0.05),(107.1557407647412,27.741138706710355,0.05),(105.6803340566618,24.98436577690782,0.05),(114.2766268738272,20.383686500806196,0.05),(114.55967557976672,21.017209915430502,0.05),(105.39728535072229,24.35084236228351,0.05),(97.08760135400391,1.5119215538862771,0.05),(106.24999158304834,-1.82171089296673,0.05),(106.25217814927619,-1.8156888676769705,0.05),(97.08541478777606,1.5058995285965175,0.05),(96.34219888762873,-0.5451927412338882,0.05),(105.50896224912886,-3.866781137507376,0.05),(105.50598761828049,-3.874967543575126,0.05),(96.3451735184771,-0.5370063351661383,0.05),(95.2342448464605,-3.5858767105460583,0.05),(104.39505894626389,-6.923837918955046,0.05),(104.39641203173676,-6.920119775112999,0.05),(95.23289176098763,-3.589594854388105,0.05),(94.30205867636244,-6.150664968762266,0.05),(103.46557894711157,-9.48118988948716,0.05),(103.46134089139387,-9.492804470011666,0.05),(94.30629673208013,-6.139050388237759,0.05),(93.3681257018251,-8.700060230208859,0.05),(102.52316986113884,-12.053814311982766,0.05),(102.52989292832939,-12.03534657932036,0.05),(93.36140263463454,-8.718527962871265,0.05),(93.06860862694299,-9.527881541706991,0.05),(102.23709892063783,-12.844700158156085,0.05),(102.21405228278986,-12.9070735676217,0.05),(93.09165526479096,-9.465508132241377,0.05),(76.463134929953,-53.541951589286036,0.05),(85.5855319479519,-56.98351702466636,0.05),(85.5450723287274,-57.08716432494794,0.05),(76.5035945491775,-53.438304289004456,0.05),(73.62755197802588,-60.564824556692194,0.05),(82.66902975757577,-64.21368459263567,0.05),(82.65474101331871,-64.24869860070015,0.05),(73.64184072228294,-60.529810548627715,0.05),(69.24737321409542,-71.18000945994442,0.05),(78.2602735051312,-74.89889751201684,0.05),(78.3040768498489,-74.78897289844761,0.05),(69.20356986937772,-71.28993407351365,0.05),(66.12211786895718,-79.30435656004985,0.05),(75.22262484942836,-82.80339538498382,0.05),(21.235047021334218,267.94734241528846,0.05),(17.13040115133564,272.9873704193678,0.05),(10.29038976967505,267.4168012785312,0.05),(14.395035639673631,262.37677327445186,0.05),(15.024728406882199,263.0612242094436,0.05),(9.660697002466483,266.73235034353945,0.05),(6.883263448057411,262.67412944201294,0.05),(12.247294852473127,259.0030033079171,0.05),(12.32427886782518,259.12088754628246,0.05),(6.806279432705358,262.55624520364756,0.05),(-5.447062547340304,242.8744708826354,0.05),(0.07093688777951845,239.43911322527023,0.05),(-238.75597537979058,4.030555497734598,0.05),(-244.8101754822345,6.396281838537403,0.05),(-284.47113374905155,-95.1012470432285,0.05),(-278.4169336466076,-97.4669733840313,0.05),(-107.06988266471602,-57.1551997963223,0.05),(-113.3236008736974,-58.92748887055783,0.05),(-108.33916278986432,-76.51563047767847,0.05),(-102.08544458088294,-74.74334140344293,0.05),(-95.33069174788434,-79.47320595749754,0.05),(-92.62017252943005,-85.38108929811877,0.05),(-77.47671116429373,-78.43331448647093,0.05),(-80.18723038274803,-72.52543114584971,0.05),(-86.85799318064431,25.147830065227254,0.05),(-80.8690063650584,22.62156069662501,0.05),(-77.68108349396886,30.179119000323908,0.05),(-83.67007030955477,32.70538836892615,0.05),(-83.70813265476109,32.611058888647946,0.05),(-77.64302114876254,30.273448480602113,0.05),(-75.34880491988069,36.22597042315802,0.05),(-81.41391642587924,38.56358083120385,0.05),(-81.41358743156111,38.56443407473647,0.05),(-75.34913391419882,36.2251171796254,0.05),(-54.85921765966536,89.34324963955648,0.05),(-60.92367117702766,91.68256653466754,0.05),(-60.92184171302476,91.68729824221667,0.05),(-54.86104712366826,89.33851793200735,0.05),(-54.096414483611014,91.31157660742316,0.05),(-60.15720907296752,93.66035691763248,0.05),(-60.17263294757512,93.61975395805005,0.05),(-54.080990609003415,91.35217956700559,0.05),(-53.17311940189749,93.79109698687877,0.05),(-59.26476174046919,96.05867137792323,0.05),(-59.46630461788502,94.7940149798006,0.05),(-52.971576524481655,95.05575338500141,0.05),(-53.349477618865215,104.43292083712815,0.05),(-59.84420571226858,104.17118243192733,0.05),(101.9519929464171,-212.47739043572625,0.05),(98.17411943946868,-217.76678281722883,0.05),(139.4215887415027,-247.22720289303282,0.05),(143.1994622484511,-241.93781051153024,0.05),(143.1793846528301,-241.92358484406375,0.05),(139.4416663371237,-247.24142856049932,0.05),(148.43762386070807,-253.56435886762685,0.05),(152.17534217641446,-248.2465151511913,0.05),(152.1251200862265,-248.2119152968339,0.05),(148.48784595089603,-253.59895872198425,0.05),(161.67470414077036,-262.50258440956856,0.05),(165.31197827610083,-257.11554098441815,0.05),(165.29251295210113,-257.10250011009543,0.05),(161.69416946477006,-262.51562528389127,0.05),(174.53186873627575,-271.0494112361464,0.05),(178.13021222360683,-265.63628606235056,0.05),(-364.5974454401335,50.00113472637777,0.05),(-367.21347846078737,44.05080942141767,0.05),(-325.7892467115266,25.83883737663682,0.05),(-323.1732136908727,31.789162681596917,0.05),(-323.17146210003483,31.788391987344827,0.05),(-325.79099830236447,25.83960807088891,0.05),(-275.6592912583954,3.764201848284695,0.05),(-273.03975505606576,9.712985764740612,0.05),(-273.07094519894576,9.726525935023657,0.05),(-275.6281011155154,3.7506616780016504,0.05),(-235.19372280063564,-13.551774470746151,0.05),(-232.63656688406607,-7.5759102137241445,0.05),(-232.21687214462256,-7.792855181645872,0.05),(-235.61341754007915,-13.334829502824423,0.05),(-201.35087513735814,-34.33353391577649,0.05),(-197.95432974190155,-28.79155959459794,0.05),(-197.95413690726335,-28.791677787631546,0.05),(-201.35106797199634,-34.33341572274288,0.05),(-182.09882889022057,-46.13450227145871,0.05),(-178.70189782548758,-40.59276433634738,0.05),(-178.90402023057513,-40.47859305367341,0.05),(-181.89670648513302,-46.24867355413268,0.05),(-137.93349207291786,-69.05045378356705,0.05),(-134.94080581835996,-63.28037328310778,0.05),(-135.21541951628313,-63.15378985142661,0.05),(-137.65887837499469,-69.17703721524822,0.05),(-116.95490122752818,-77.57604746931838,0.05),(-114.51144236881663,-71.55280010549677,0.05),(148.10992038778028,102.65547176428096,0.05),(153.00246017759667,97.23762584500058,0.05),(158.66479159864133,102.35094619285358,0.05),(153.77225180882493,107.76879211213397,0.05),(153.25786106978856,107.19457958030615,0.05),(159.1791823376777,102.9251587246814,0.05),(176.09306551605616,126.38326687880691,0.05),(170.17174424816702,130.65268773443168,0.05),(170.07907451145095,130.5178957168554,0.05),(176.18573525277222,126.51805889638317,0.05),(185.76321801423816,141.1402649025823,0.05),(179.6565572729169,145.14010172305453,0.05),(179.63036099145603,145.09952391589724,0.05),(185.78941429569903,141.18084270973958,0.05),(202.63231929496914,167.65310320538737,0.05),(196.47326599072613,171.57178441154502,0.05),(-116.18321114120138,129.66059589315614,0.05),(-113.3726995303941,135.52157059754768,0.05),(-143.4549580123921,149.9469078506861,0.05),(-146.26546962319938,144.08593314629456,0.05),(-146.26722082502175,144.08677354337493,0.05),(-143.45320681056972,149.94606745360574,0.05),(-168.35339587722473,161.9047577104174,0.05),(-171.16740989167675,156.0454638001866,0.05),(-171.16188826206815,156.04281835236458,0.05),(-168.35891750683334,161.90740315823945,0.05),(-170.5368984110679,162.94836632649543,0.05),(-173.33986916630272,157.08378152062056,0.05),(-173.34208876880635,157.08484340911812,0.05),(-170.53467880856428,162.94730443799787,0.05),(-176.01612913716767,165.5722563435688,0.05),(-178.82353909740974,159.70979531468905,0.05),(-178.82764620015848,159.71176565984968,0.05),(-176.01202203441892,165.57028599840817,0.05),(-182.50926959855963,168.69288457197365,0.05),(-185.3248937642992,162.83436423341516,0.05),(188.96968927737686,-265.0374039417257,0.05),(192.36569831831952,-259.4951009372125,0.05),(184.18084245416907,-254.4798853326465,0.05),(180.7848334132264,-260.02218833715966,0.05),(180.80908394346488,-260.0369025136786,0.05),(184.1565919239306,-254.4651711561275,0.05),(176.7449754603672,-250.01225631372307,0.05),(173.39746747990148,-255.5839876712742,0.05),(173.37734408287974,-255.57179814463817,0.05),(176.76509885738892,-250.0244458403591,0.05),(111.39528547313351,-210.1032572707314,0.05),(108.00753069862436,-215.65060957501046,0.05),(108.70204217506505,-215.96946762256917,0.05),(110.70077399669283,-209.7843992231727,0.05),(106.28770074334064,-208.35829535930756,0.05),(104.28896892171285,-214.54336375870403,0.05),(106.14403348581283,-214.5861572635312,0.05),(104.43263617924066,-208.3155018544804,0.05),(101.8218534803961,-209.02804084560384,0.05),(103.53325078696827,-215.29869625465463,0.05),(105.1129472822885,-214.31542581473553,0.05),(100.24215698507587,-210.01131128552294,0.05),(97.62766104433658,-212.97002936187124,0.05),(102.49845134154921,-217.27414389108384,0.05),(121.72597032657181,35.6674811170186,0.05),(124.27668923058259,41.6460957619612,0.05),(101.60939557838897,51.31688035924629,0.05),(99.05867667437819,45.338265714303695,0.05),(99.20165386800113,45.281229257602874,0.05),(101.46641838476603,51.37391681594711,0.05),(47.5382386029985,71.4200174659298,0.05),(45.273474086233584,65.32732990758556,0.05),(45.29724000850648,65.31860088577388,0.05),(47.5144726807256,71.42874648774149,0.05),(22.370192577806748,80.55303304249527,0.05),(20.152959905587622,74.44288744052766,0.05),(20.163562044992123,74.43906095846305,0.05),(22.359590438402247,80.55685952455988,0.05),(15.702044956244519,82.94663400818845,0.05),(13.506016562834391,76.82883544209162,0.05),(13.549997040976402,76.81340342872252,0.05),(15.658064478102508,82.96206602155755,0.05),(-34.91651088869907,100.30154657810519,0.05),(-37.02457832582518,94.15288398527017,0.05),(-37.024093127517816,94.15271767793726,0.05),(-34.91699608700644,100.30171288543809,0.05),(-38.70715604216154,101.60049985063691,0.05),(-40.81425308267292,95.45150464313608,0.05),(-40.814114100453914,95.45145702113791,0.05),(-38.70729502438055,101.60054747263507,0.05),(-42.06575722720893,102.75123346286432,0.05),(-44.17257630328229,96.60214301136716,0.05),(-44.24034906833466,96.62620462902342,0.05),(-41.99798446215656,102.72717184520806,0.05),(-46.701796179026964,104.45602245762493,0.05),(-48.944160785205064,98.35505524144028,0.05),(-48.841816157434195,98.3193648765764,0.05),(-46.80414080679783,104.49171282248881,0.05),(-55.57800399024872,107.38822560748395,0.05),(-57.61567934088508,101.21587766157154,0.05),(-188.52413957245108,163.55222407363706,0.05),(-182.62677647703867,160.8188912141288,0.05),(-180.9684001337232,164.39695797294027,0.05),(-186.8657632291356,167.13029083244854,0.05),(-185.3724512375935,162.85769951464403,0.05),(-182.4617121252653,168.66954929074478,0.05),(-186.25418593645588,170.56892767800224,0.05),(-189.16492504878408,164.75707790190148,0.05),(-189.16269438771002,164.75596179409774,0.05),(-186.25641659752995,170.57004378580598,0.05),(-223.5090492171102,189.19146999933866,0.05),(-226.41532700729027,183.37738800763043,0.05),(-226.415086806229,183.37726795103328,0.05),(-223.50928941817148,189.19159005593582,0.05),(-242.82972318754656,198.84727561485096,0.05),(-245.73552057560408,193.0329535099484,0.05),(-245.73641160504587,193.03339898637037,0.05),(-242.82883215810477,198.846830138429,0.05),(-273.4826221953689,214.17828028412063,0.05),(-276.39020164231,208.364849132062,0.05),(-276.37913211118786,208.35933902202402,0.05),(-273.493691726491,214.18379039415862,0.05),(-275.70785974876134,215.2806919599488,0.05),(-278.5933001334582,209.4562405878142,0.05),(-278.6059713887353,209.4625523497987,0.05),(-275.6951884934842,215.2743801979643,0.05),(-287.81775007910795,221.3458169011694,0.05),(-290.7285329743591,215.5339890530038,0.05),(-99.97605739861407,245.8350025950741,0.05),(-105.94831105389952,248.40057977709958,0.05),(-119.70500247120711,216.37720071945378,0.05),(-113.73274881592167,213.8116235374283,0.05),(202.0552904526653,11.259187475808796,0.05),(207.7923184428414,8.203617178804341,0.05),(210.64639218734146,13.562322548559967,0.05),(204.90936419716536,16.61789284556442,0.05),(204.85859305863855,16.518489406779587,0.05),(210.69716332586827,13.6617259873448,0.05),(226.2557048383343,45.459822132848025,0.05),(220.41713457110458,48.31658555228281,0.05),(220.1664052813104,47.60479895514891,0.05),(226.5064341281285,46.171608729981926,0.05),(227.6254764981312,51.121936175734845,0.05),(221.28544765131312,52.55512640090183,0.05),(-234.7545104109079,20.620575337435092,0.05),(-241.21026128359583,9.336813523669756,0.05),(-213.38516143189256,-6.582692365857744,0.05),(-206.92941055920463,4.7010694479075905,0.05),(-206.99125381294564,4.736004569286048,0.05),(-213.32331817815154,-6.617627487236201,0.05),(-210.14605150217264,-8.38962934510553,0.05),(-203.81398713696674,2.964002711416721,0.05),(-203.7889417390899,2.949961963471698,0.05),(-210.1710969000495,-8.375588597160505,0.05),(-202.1808257705205,-12.878252715234385,0.05),(-195.7986706095609,-1.5527021546021826,0.05),(-195.719965536012,-1.5977802736774693,0.05),(-202.2595308440694,-12.8331745961591,0.05),(-142.16593671522133,-47.810672681397136,0.05),(-135.62637140716396,-36.57527835891551,0.05),(-135.62339637144802,-36.57701103449428,0.05),(-142.16891175093727,-47.80894000581837,0.05),(-128.3303489336245,-55.87349650203622,0.05),(-121.78483355413523,-44.64156753071212,0.05),(-121.79752643554086,-44.634189821075225,0.05),(-128.31765605221887,-55.88087421167312,0.05),(-125.59368766603446,-57.46006202675072,0.05),(-119.07355804935644,-46.21337763615283,0.05),(-119.07864934129952,-46.21042909886772,0.05),(-125.58859637409137,-57.46301056403583,0.05),(-123.58028788149045,-58.62487568385815,0.05),(-117.0703408486986,-47.372294218690044,0.05),(-117.42832371904694,-47.17986987002868,0.05),(-123.22230501114211,-58.81730003251951,0.05),(-113.0937324152543,-63.86005941468548,0.05),(-107.29975112315913,-52.22262925219465,0.05),(49.23883302980731,-130.47846002430796,0.05),(55.217379833984424,-133.02933793402136,0.05),(57.17004459520639,-128.45283600761414,0.05),(51.19149779102928,-125.90195809790076,0.05),(51.11549094952893,-126.09732435693388,0.05),(57.246051436706736,-128.257469748581,0.05),(63.188417331848584,-111.3928486457711,0.05),(57.05785684467078,-109.23270325412398,0.05),(13.803804316734732,-133.70498706962758,0.05),(10.256311287693842,-139.15157253291613,0.05),(24.50359768309647,-148.43117523282922,0.05),(28.051090712137356,-142.98458976954066,0.05),(62.531757628083724,-112.49475832731399,0.05),(57.71451654843564,-108.13079357258108,0.05),(50.09503572363916,-116.54169469065097,0.05),(54.91227680328724,-120.90565944538388,0.05),(55.13621708127271,-120.62949015972765,0.05),(49.87109544565369,-116.8178639763072,0.05),(47.110190107318836,-120.63159117075054,0.05),(52.37531174293786,-124.443217354171,0.05),(52.31132018101499,-124.52862297915513,0.05),(47.174181669241705,-120.5461855457664,0.05),(46.069171209809326,-121.97159194122409,0.05),(51.20630972158261,-125.95402937461282,0.05),(51.0529517239976,-126.13749559550666,0.05),(46.22252920739434,-121.78812572033024,0.05),(42.853170670141346,-125.53014486607975,0.05),(47.68359318674461,-129.87951474125617,0.05),(-264.9848931429572,95.66945465767213,0.05),(-259.8858948012218,107.6277244284617,0.05),(-277.8362867401317,115.28175970985166,0.05),(-282.9352850818671,103.32348993906209,0.05),(-142.30459363492332,-159.52418332102508,0.05),(-136.47355426136278,-162.39628704895466,0.05),(-134.60793408854738,-158.60864366476625,0.05),(-140.43897346210792,-155.73653993683666,0.05),(-140.43971113765855,-155.73803856140916,0.05),(-134.60719641299676,-158.60714504019376,0.05),(-99.59291983711758,-87.4277429467907,0.05),(-105.42543456177934,-84.55863646800613,0.05),(-40.59811298144177,264.41308424868845,0.05),(-44.722231570723125,259.3889777747426,0.05),(-36.457445871758864,252.60469553186337,0.05),(-32.33332728247751,257.6288020058092,0.05),(0.713741027320697,-118.58810683496829,0.05),(-4.27866224971503,-122.75054716720645,0.05),(7.68891929226093,-137.1043849497235,0.05),(12.681322569296658,-132.94194461748538,0.05),(12.154272626714706,-132.4376393827637,0.05),(8.215969234842882,-137.60869018444518,0.05),(10.060906106278376,-139.0138052021126,0.05),(13.999209498150199,-133.84275440043112,0.05),(31.435242761135335,-136.56980614363258,0.05),(34.05647101558349,-130.6217676065951,0.05),(24.00333838306903,-126.19147430268075,0.05),(21.382110128620873,-132.1395128397182,0.05),(21.203621746738456,-132.05427769559728,0.05),(24.181826764951445,-126.27670944680168,0.05),(21.639026576304794,-124.96595378697558,0.05),(18.660821558091804,-130.74352203577118,0.05),(18.892752150899845,-130.8517395418151,0.05),(21.407095983496752,-124.85773628093163,0.05),(19.352247794380297,-123.99577564354847,0.05),(16.83790396178339,-129.98977890443194,0.05),(26.185036310465517,-142.45919364966812,0.05),(26.36965208476831,-148.95657135270176,0.05),(47.023044823663795,-148.36972812659678,0.05),(46.83842904936101,-141.87235042356315,0.05),(28.0238222181214,-142.96702232162548,0.05),(24.530866177112426,-148.4487426807444,0.05),(36.5169352023514,-156.0862742341395,0.05),(40.00989124336038,-150.60455387502057,0.05),(-58.019682685458406,101.38006199866075,0.05),(-55.17400064567539,107.22404127039474,0.05),(-61.81720452677894,110.45889976185273,0.05),(-64.66288656656195,104.61492049011875,0.05),(-64.66060865655407,104.61381237687817,0.05),(-61.81948243678681,110.46000787509331,0.05),(-90.79685728069063,124.54239350078353,0.05),(-93.63798350045789,118.6961980025684,0.05),(-93.63880601549553,118.69659787039107,0.05),(-90.79603476565299,124.54199363296085,0.05),(-113.35656971087647,135.5137811266368,0.05),(-116.19934096071901,129.66838536406703,0.05),(58.215696291746845,-166.75279741864017,0.05),(63.09275988491225,-162.45579256546387,0.05),(54.75383155247635,-152.99118054714688,0.05),(49.876767959310946,-157.2881854003232,0.05),(49.963091893935804,-157.38236399745279,0.05),(54.66750761785149,-152.89700195001728,0.05),(53.2997543476529,-151.46245108818925,0.05),(48.59533862373721,-155.94781313562476,0.05),(48.16941072770203,-155.39168531597753,0.05),(53.725682243688084,-152.01857890783648,0.05),(52.75551180120749,-150.42048808502804,0.05),(47.199240285221435,-153.79359449316908,0.05),(47.07360113814103,-153.56669580324422,0.05),(52.881150948287896,-150.6473867749529,0.05),(51.29272947105018,-147.4874483240502,0.05),(45.48517966090331,-150.40675735234151,0.05),(-86.16338606755633,19.586306376726046,0.05),(-81.56361347814638,28.183084385126218,0.05),(-89.56309453938704,32.46326862148135,0.05),(-94.16286712879699,23.866490613081172,0.05),(-93.81712142088203,23.698677699873137,0.05),(-89.908840247302,32.63108153468938,0.05),(-110.86297024866813,41.79934500637473,0.05),(-114.77125142224817,32.86694117155849,0.05),(52.64737324421876,-69.16747019547702,0.05),(54.93901970302104,-63.084842760900834,0.05),(21.267597788659625,-50.39904281296102,0.05),(18.97595132985734,-56.48167024753722,0.05),(96.53876292576841,-14.239371520721884,0.05),(98.76694462181241,-8.133210179141193,0.05),(89.57101824170151,-4.777551248414843,0.05),(87.3428365456575,-10.883712589995534,0.05),(87.35442343703988,-10.887915848707644,0.05),(89.55943135031913,-4.773347989702733,0.05),(82.39704601815384,-2.190480859996887,0.05),(80.1920381048746,-8.305048719001798,0.05),(84.38826365916027,-6.243448813805412,0.05),(78.20082046386817,-4.252080765193273,0.05),(76.75520786181589,-8.74378980101453,0.05),(82.942651057108,-10.735157849626672,0.05),(82.89973330680267,-10.859784445216274,0.05),(76.79812561212121,-8.619163205424929,0.05),(57.42749002055745,-61.368827931160716,0.05),(63.5290977152389,-63.609449170952054,0.05),(63.546614707370146,-63.56054287532525,0.05),(57.4099730284262,-61.41773422678752,0.05),(55.508925420425975,-66.8620131608267,0.05),(61.64556709936992,-69.00482180936442,0.05),(61.64530015196209,-69.00558599582047,0.05),(55.509192367833805,-66.86124897437065,0.05),(53.78099737135204,-71.80654939325422,0.05),(59.91710515548033,-73.95088641470403,0.05),(59.90926199086304,-73.97307173324059,0.05),(53.788840535969335,-71.78436407471766,0.05),(43.793260862060684,-99.73563479470779,0.05),(49.913682316954386,-101.92434245323072,0.05),(63.9961911701595,-159.02923600046407,0.05),(57.312265006499594,-170.17935398363997,0.05),(92.63199545829579,-191.35172819675435,0.05),(99.31592162195571,-180.20161021357845,0.05),(99.36327325833827,-180.23026985595723,0.05),(92.58464382191323,-191.32306855437557,0.05),(185.63363312672027,-248.18379730996887,0.05),(192.4122625631453,-237.09099861155053,0.05),(192.34183357571493,-237.04857004195503,0.05),(185.70406211415064,-248.22622587956437,0.05),(188.7418989842128,-250.03022371005216,0.05),(195.3796704457771,-238.85256787244282,0.05),(195.48893324338346,-238.91891467608667,0.05),(188.63263618660645,-249.9638769064083,0.05),(195.91163575270699,-254.4824060114085,0.05),(202.767932809484,-243.43744378108687,0.05),(-214.31398486325412,90.801607251034,0.05),(-211.2630205936461,89.6817335860274,0.05),(-188.91029056531482,150.57912118932524,0.05),(-191.96125483492284,151.69899485433183,0.05),(-191.9538677531775,151.71872379611477,0.05),(-188.91767764706017,150.5593922475423,0.05),(-187.5378238750607,154.1731111837621,0.05),(-190.574013981178,155.33244273233458,0.05),(-114.74556217235813,32.85578891030164,0.05),(-110.88865949855817,41.810497267631575,0.05),(-130.68134389901232,50.335449096275255,0.05),(-134.5382465728123,41.38074073894532,0.05),(122.26789933353226,35.49062675974561,0.05),(123.73476022362215,41.82295011923419,0.05),(99.50070151939494,47.43668632683115,0.05),(98.03384062930505,41.10436296734257,0.05),(97.65277850977263,41.21759059547327,0.05),(99.88176363892735,47.32345869870045,0.05),(20.11178156291017,76.44398681924798,0.05),(17.88279643375544,70.3381187160208,0.05),(17.936230537518405,70.3191388784223,0.05),(20.058347459147207,76.46296665684649,0.05),(12.968369294386811,78.91188989819356,0.05),(10.84625237275801,72.76806211976937,0.05),(10.835660147077405,72.77174120601498,0.05),(12.978961520067415,78.90821081194795,0.05),(-36.41502206848655,96.16018134895481,0.05),(-38.55832344147656,90.02371174302183,0.05),(-38.554475777507506,90.02237056467031,0.05),(-36.418869732455605,96.16152252730633,0.05),(-40.28203694200634,97.50538944833632,0.05),(-42.417642987058244,91.3662374857003,0.05),(-42.42112277825427,91.36745020087398,0.05),(-40.278557150810315,97.50417673316264,0.05),(-43.768539684078945,98.7226629369747,0.05),(-45.9111053115229,92.58593640468604,0.05),(-45.96888434547793,92.60672369243045,0.05),(-43.710760650123916,98.70187564923029,0.05),(-48.40714682779878,100.44178648090522,0.05),(-50.6652705231528,94.34663452410538,0.05),(-51.80903239321574,95.07111507870567,0.05),(-47.263384957735845,99.71730592630493,0.05),(-54.32401794782695,106.62514705832737,0.05),(-58.869665383306845,101.97895621072811,0.05),(55.469270208867925,-158.52632092748067,0.05),(52.667967298050684,-164.39170258614936,0.05),(59.253576632920925,-167.53698582138637,0.05),(62.05487954373817,-161.67160416271767,0.05),(-190.17242064415146,160.0128050248506,0.05),(-184.2800287637427,157.26877187496103,0.05),(-182.6292620845405,160.81354106893815,0.05),(-188.52165396494925,163.5575742188277,0.05),(-149.32455276507562,144.0252538133539,0.05),(-143.17734193736078,141.91295671312736,0.05),(-141.78660840393832,145.96027194837706,0.05),(-147.93381923165316,148.0725690486036,0.05),(-150.80048033788904,139.50916372555398,0.05),(-144.62190495982662,137.49044970479704,0.05),(-143.161659662187,141.95974825286217,0.05),(-149.3402350402494,143.9784622736191,0.05),(56.66494413569417,152.71249466863506,0.05),(62.392649975727906,149.63948542523153,0.05),(63.65190705913737,151.986583523368,0.05),(57.92420121910364,155.05959276677154,0.05),(57.92064100411396,155.0529384361741,0.05),(63.65546727412705,151.99323785396547,0.05),(64.13983870320347,152.90109988859177,0.05),(58.40501243319038,155.9608004708004,0.05),(58.351217964795026,155.85539608524215,0.05),(64.19363317159882,153.00650427415002,0.05),(65.01454372330049,154.69000108930248,0.05),(59.1721285164967,157.53889290039461,0.05),(59.155658425473874,157.50460877093053,0.05),(65.03101381432332,154.72428521876657,0.05),(80.79313774738527,188.03266751756394,0.05),(74.91778235853583,190.8129910697279,0.05),(74.85761208988302,190.6779817107937,0.05),(80.85330801603808,188.16767687649815,0.05),(86.51852254797663,201.69866451827227,0.05),(80.52282662182157,204.2089693525678,0.05),(109.79732496388492,269.8987327677222,0.05),(115.69573060721855,267.16765040596704,0.05),(117.7423218821245,271.5877388275204,0.05),(111.84391623879087,274.3188211892756,0.05),(111.84826385924629,274.32817194738743,0.05),(117.73797426166908,271.57838806940856,0.05),(123.27189520878215,283.4313893286759,0.05),(117.38218480635936,286.18117320665476,0.05),(117.3889823239577,286.195639769911,0.05),(123.26509769118381,283.41692276541966,0.05),(129.3203936493675,296.22197544817703,0.05),(123.44427828214141,299.0006924526684,0.05),(123.5069205442033,299.1260900870684,0.05),(129.25775138730563,296.096577813777,0.05),(137.30697965504982,311.3761825849515,0.05),(131.55614881194748,314.4056948582429,0.05),(131.59166246783616,314.4712734840406,0.05),(137.27146599916114,311.3106039591538,0.05),(141.1214073019505,318.22904640775494,0.05),(135.44160377062553,321.3897159326417,0.05),(135.49656746426712,321.48467813939766,0.05),(141.06644360830893,318.134084200999,0.05),(143.4095282485278,322.0291223587005,0.05),(137.839652104486,325.37971629709915,0.05),(137.74210837306813,325.2056850115296,0.05),(143.50707197994566,322.20315364427,0.05),(162.8955508127307,359.4297005781445,0.05),(157.13058720585317,362.4322319454041,0.05),(157.19659299782103,362.55268229018645,0.05),(162.82954502076285,359.30925023336215,0.05),(164.82422976853235,362.7734706296052,0.05),(159.19127774559053,366.0169026864295,0.05),(159.19438377899655,366.0222851081805,0.05),(164.82112373512632,362.7680882078542,0.05),(167.0166233813709,366.5642646414174,0.05),(161.38988342524112,369.8184615417437,0.05),(161.38751612545795,369.8143614224906,0.05),(167.01899068115407,366.56836476067053,0.05),(167.9121176141746,368.11784928647774,0.05),(162.2806430584785,371.3638459482978,0.05),(-134.53016586674025,41.37726891783596,0.05),(-130.68942460508438,50.33892091738461,0.05),(-153.8896800802078,60.28197365908353,0.05),(-157.73042134186366,51.32032165953488,0.05),(-5.022615396497178,-126.30416479531867,0.05),(1.4576941741028464,-115.03448920685607,0.05),(-44.3704324522192,-88.6823156018536,0.05),(-50.850742022819226,-99.9519911903162,0.05),(-50.99570606553287,-99.86611460699883,0.05),(-44.22546840950555,-88.76819218517097,0.05),(-53.87029675815894,-82.88440803260359,0.05),(-60.64053441418626,-93.98233045443145,0.05),(-72.87636031256653,98.05584453833056,0.05),(-75.03349771793336,107.56422285507666,0.05),(-90.92679452058263,103.95855805236148,0.05),(-88.76965711521581,94.45017973561538,0.05),(-88.61343157989467,94.48834215638497,0.05),(-91.08302005590377,103.92039563159189,0.05),(-146.8360599648484,89.32261316316864,0.05),(-144.3664714888393,79.89055968796173,0.05),(-282.94163292724085,103.32620064025026,0.05),(-277.82993889475796,115.27904900866348,0.05),(-302.0900626195743,125.6540095075478,0.05),(-307.2017566520572,113.70116113913458,0.05),(45.35204627680534,-150.10455177580045,0.05),(51.425862855148154,-147.78965390059128,0.05),(49.96764522568381,-143.96359033747538,0.05),(43.893828647340996,-146.27848821268455,0.05),(17.109425703744808,-130.0897102299693,0.05),(19.08072605241888,-123.89584431801113,0.05),(2.5478434043643685,-118.63398075945797,0.05),(0.5765430556902973,-124.82784667141614,0.05),(0.578986187944778,-124.82862317766867,0.05),(2.545400272109888,-118.63320425320543,0.05),(-0.7992535691146112,-117.57161753885575,0.05),(-2.765667653279721,-123.76703646331899,0.05),(-61.43760758658794,-95.39935051478591,0.05),(-53.07322358575727,-81.46738797224913,0.05),(-74.64977877310555,-68.51339154489193,0.05),(-83.0141627739362,-82.44535408742871,0.05),(80.51289582339604,204.18498179921818,0.05),(86.52845334640216,201.7226520716219,0.05),(92.52565989893839,216.3740371358587,0.05),(86.51010237593226,218.836366863455,0.05),(86.56481272209608,218.96236335127492,0.05),(92.47094955277457,216.2480406480388,0.05),(114.05292021698146,263.2085850470246,0.05),(108.14678338630297,265.9229077502607,0.05),(108.06922942324603,265.73955558226845,0.05),(114.1304741800384,263.39193721501687,0.05),(115.04494832217166,265.7529903046281,0.05),(108.98370356537929,268.1006086718797,0.05),(109.05703989666789,268.27474579118393,0.05),(114.97161199088306,265.57885318532385,0.05),(115.70381383265932,267.1852452839146,0.05),(109.78924173844415,269.88113788977466,0.05),(-184.53026022688582,-243.43304072866383,0.05),(-178.70893460981452,-246.32478208293972,0.05),(-145.39312812503331,-179.2571802531725,0.05),(-151.2144537421046,-176.3654388988966,0.05),(-151.13126526871412,-176.20884619607997,0.05),(-145.4763165984238,-179.41377295598912,0.05),(-140.7779173722426,-171.12365950037318,0.05),(-146.4328660425329,-167.91873274046404,0.05),(204.18068985235092,-241.3938787245104,0.05),(200.3596799886864,-236.13556306055693,0.05),(199.45172622134763,-236.79533712557463,0.05),(203.27273608501216,-242.0536527895281,0.05),(202.80382687304677,-242.3372774383524,0.05),(199.920635433313,-236.51171247675032,0.05),(199.1470260579647,-236.89458760446817,0.05),(202.03021749769846,-242.72015256607025,0.05),(201.45709315907703,-242.93918385047903,0.05),(199.72015039658612,-236.6755563200594,0.05),(198.66844520334593,-236.96720069303672,0.05),(200.40538796583684,-243.23082822345634,0.05),(199.6690758264827,-243.3463262595343,0.05),(199.40475734270007,-236.85170265695876,0.05),(198.03945007331498,-236.90726799367792,0.05),(198.3037685570976,-243.40189159625345,0.05),(197.11856701774332,-243.22925082123075,0.05),(199.22465161266928,-237.07990876870062,0.05),(198.1270346140741,-236.7039865591174,0.05),(196.02095001914813,-242.85332861164753,0.05),(195.36666413648499,-242.5440744590829,0.05),(198.78132049673724,-237.01324071168202,0.05),(197.39411265698283,-236.15679875566858,0.05),(193.97945629673058,-241.68763250306947,0.05),(194.031632291944,-241.7191731272189,0.05),(197.3419366617694,-236.12525813151913,0.05),(194.0265512386344,-234.16331647486257,0.05),(190.71624686880898,-239.75723147056235,0.05),(190.68611524668276,-239.7391799606387,0.05),(194.05668286076062,-234.18136798478622,0.05),(186.08319303153795,-229.34579839259345,0.05),(182.7126254174601,-234.90361036844592,0.05),(181.64679487658546,-230.39442410128623,0.05),(187.14902357241257,-233.85498465975314,0.05),(188.2344616329868,-232.12915777606457,0.05),(182.7322329371597,-228.66859721759766,0.05),(182.7405445423831,-228.65545181310054,0.05),(188.2261500277634,-232.1423031805617,0.05),(190.047350207398,-229.2771435730693,0.05),(184.56174472201772,-225.79029220560815,0.05),(184.5054050274846,-225.8822634951347,0.05),(190.10368990193112,-229.18517228354276,0.05),(191.4356220076372,-226.92760604758323,0.05),(185.8373371331907,-223.62469725917518,0.05),(185.83158135012104,-223.6344921351484,0.05),(191.44137779070684,-226.91781117161,0.05),(196.53900196036943,-218.20813854922736,0.05),(190.92920551978364,-214.92481951276577,0.05),(190.57395455808518,-217.3253974373878,0.05),(196.8942529220679,-215.80756062460532,0.05),(196.24137892961363,-213.08898219005604,0.05),(189.92108056563092,-214.60681900283853,0.05),(191.3563887085645,-216.60242839445226,0.05),(194.80607078668004,-211.09337279844232,0.05),(190.7396734800543,-208.54706015615858,0.05),(187.28999140193878,-214.05611575216852,0.05),(186.26302580939145,-209.57240888239158,0.05),(191.76663907260163,-213.03076702593552,0.05),(192.83721546075768,-211.32705729878234,0.05),(187.3336021975475,-207.8686991552384,0.05),(187.33091941778602,-207.87297588697209,0.05),(192.83989824051915,-211.32278056704865,0.05),(193.14472889527624,-210.83599775546656,0.05),(187.63575007254312,-207.38619307539,0.05),(187.6414997783905,-207.37704523411796,0.05),(193.13897918942885,-210.8451455967386,0.05),(193.48095101512072,-210.30306697319045,0.05),(187.98347160408238,-206.8349666105698,0.05),(192.65586517823556,-205.9494641976974,0.05),(188.80855744096755,-211.18856938606285,0.05),(195.89844350211627,-216.39498775689088,0.05),(199.74575123938428,-211.15588256852544,0.05),(199.79836876336915,-211.19534768692054,0.05),(195.8458259781314,-216.35552263849578,0.05),(206.63108640028665,-224.61671604153864,0.05),(210.58362918552442,-219.4565410899634,0.05),(210.65188892001197,-219.51028882804889,0.05),(206.5628266657991,-224.56296830345315,0.05),(207.5760968640502,-225.38299358729643,0.05),(211.6651591182631,-220.33031411189216,0.05),(212.16470501518,-220.83423646046896,0.05),(207.0765509671333,-224.87907123871963,0.05),(207.43245141238782,-225.32677216854762,0.05),(212.52060546043452,-221.28193739029695,0.05),(212.7856828479476,-221.66998900269255,0.05),(207.16737402487473,-224.93872055615202,0.05),(207.55089868617637,-225.59792427270577,0.05),(213.16920750924925,-222.3291927192463,0.05),(213.60757038699901,-224.09056816406178,0.05),(207.1125358084266,-223.83654882789028,0.05),(207.08471142217078,-224.54799211241675,0.05),(213.5797460007432,-224.80201144858825,0.05),(213.33988877065158,-225.9064565983199,0.05),(207.3245686522624,-223.4435469626851,0.05),(206.8753331812969,-224.54074319241863,0.05),(212.89065329968608,-227.00365282805342,0.05),(212.71510703313376,-227.36644750938146,0.05),(207.0508794478492,-224.1779485110906,0.05),(201.09411824332804,-234.75987158890487,0.05),(206.7583458286126,-237.94837058719574,0.05),(206.71449979825505,-238.02387043624714,0.05),(201.13796427368558,-234.68437173985347,0.05),(200.34938845678604,-236.0011924535449,0.05),(205.9259239813555,-239.34069114993855,0.05),(205.68403350301134,-239.69046222199788,0.05),(200.59127893513022,-235.65142138148556,0.05),(199.7238076365781,-236.7452004722775,0.05),(204.81656220445922,-240.78424131278982,0.05),(265.77645769011156,-80.61024246902109,0.05),(260.2615692858219,-77.16989279373645,0.05),(258.52922475332,-79.94684504459708,0.05),(264.0441131576097,-83.38719471988172,0.05),(264.03732201597734,-83.39803338325352,0.05),(258.53601589495236,-79.93600638122528,0.05),(258.0974039013862,-80.63297923659205,0.05),(263.5987100224112,-84.09500623862029,0.05),(263.50808466205325,-84.23127756708732,0.05),(258.18802926174413,-80.49670790812502,0.05),(257.8465248845476,-80.98319560872892,0.05),(263.1665802848567,-84.71776526769122,0.05),(-107.47476660558944,-195.1688048922361,0.05),(-109.93186529114853,-193.04156112401773,0.05),(-114.67313667544174,-198.51802407587905,0.05),(-112.21603798988265,-200.64526784409742,0.05),(-112.1542816296829,-200.56943955829666,0.05),(-114.73489303564149,-198.5938523616798,0.05),(-124.37031688369773,-211.1801278377108,0.05),(-121.78970547773913,-213.15571503432767,0.05),(213.31794668862534,-226.4407537600201,0.05),(217.35350493469338,-221.34523910077397,0.05),(212.37392935424174,-217.40150257179621,0.05),(208.3383711081737,-222.49701723104235,0.05),(208.43187468805132,-222.56835585880805,0.05),(212.28042577436412,-217.33016394403052,0.05),(205.11760108087896,-212.06756623786163,0.05),(201.26904999456616,-217.30575815263916,0.05),(201.3391716433967,-217.35585932850157,0.05),(205.04747943204842,-212.01746506199922,0.05),(124.00618974046795,-155.72225141481246,0.05),(120.29788195181625,-161.0606456813148,0.05),(120.37557264558288,-161.11296990514663,0.05),(123.92849904670132,-155.66992719098064,0.05),(118.04564257977748,-151.82991395703587,0.05),(114.49271617865904,-157.27295667120185,0.05),(206.9458178463988,-218.16260093804576,0.05),(210.91721453884244,-213.01692233253144,0.05),(206.0680887309704,-209.27440289612733,0.05),(202.09669203852675,-214.42008150164165,0.05),(202.12576844519583,-214.4422625428627,0.05),(206.03901232430132,-209.25222185490628,0.05),(196.6310953833198,-202.15873731443634,0.05),(192.7178515042143,-207.34877800239275,0.05),(191.97656998500003,-202.94162716444538,0.05),(197.37237690253409,-206.5658881523837,0.05),(198.01120474379735,-205.6148000004892,0.05),(192.6153978262633,-201.99053901255087,0.05),(192.61539752755934,-201.990539457262,0.05),(198.0112050425013,-205.61479955577806,0.05),(198.48661167351375,-204.9070129724364,0.05),(193.09080415857179,-201.28275287392034,0.05),(193.06236855805884,-201.32582280404512,0.05),(198.5150472740267,-204.86394304231163,0.05),(200.19455273911325,-202.27561842751112,0.05),(194.74187402314539,-198.7374981892446,0.05),(196.5715291494444,-197.3827053367021,0.05),(198.36489761281425,-203.63041128005364,0.05),(200.8509276115628,-202.916810505758,0.05),(199.05755914819295,-196.66910456240646,0.05),(197.30038095103518,-197.91692069841588,0.05),(202.60810580872058,-201.6689943697486,0.05),(207.64134145084827,-194.54892363754993,0.05),(202.33361659316287,-190.79684996621722,0.05),(203.22992498541123,-195.40665778871679,0.05),(206.74503305859992,-189.93911581505037,0.05),(205.6063069404628,-189.20702351648308,0.05),(202.0911988672741,-194.6745654901495,0.05),(201.19700319788362,-190.06177255112695,0.05),(206.50050260985327,-193.81981645550562,0.05),(210.3235688535223,-188.42455496013147,0.05),(205.02006944155264,-184.6665110557528,0.05),(205.75697763131436,-189.17153414422302,0.05),(209.58666066376057,-183.91953187166126,0.05),(206.8877306617101,-181.9515116960776,0.05),(203.05804762926388,-187.20351396863936,0.05),(202.27497945936588,-182.76539160972078,0.05),(207.6707988316081,-186.38963405499618,0.05),(208.33933554227738,-185.3943078898863,0.05),(202.94351617003517,-181.7700654446109,0.05),(203.0560026206214,-181.61290083396884,0.05),(208.22684909169115,-185.55147250052838,0.05),(208.97600569621213,-184.56792462766467,0.05),(203.80515922514238,-180.62935296110513,0.05),(208.27151567588726,-179.94824443883707,0.05),(204.50964924546724,-185.24903314993273,0.05),(206.2532877750259,-186.48645942904542,0.05),(210.01515420544592,-181.18567071794976,0.05),(205.47533489879163,-181.96715502945477,0.05),(210.7931070816802,-185.7049751175404,0.05),(213.45094066649733,-181.92369266653662,0.05),(208.13316848360876,-178.18587257845098,0.05),(208.96423960158958,-182.74208469386255,0.05),(212.6198695485165,-177.36748055112506,0.05),(211.44500334273667,-176.56837498513008,0.05),(207.78937339580975,-181.94297912786757,0.05),(206.97835099636248,-177.35856416599137,0.05),(212.25602574218394,-181.15278994700628,0.05),(216.74643194398706,-174.9067453577997,0.05),(211.4687571981656,-171.1125195767848,0.05),(212.13085479841976,-175.5893611102308,0.05),(216.0843343437329,-170.4299038243537,0.05),(214.80819927010742,-169.45205409499454,0.05),(210.85471972479428,-174.61151138087166,0.05),(210.15207159430588,-170.1923859714685,0.05),(215.51084740059582,-173.8711795043977,0.05),(215.85245174456054,-173.37357585326154,0.05),(210.4936759382706,-169.69478232033234,0.05),(211.31399235657173,-174.1999534985281,0.05),(215.0321353262594,-168.8684046750658,0.05),(213.88661991754324,-168.06953924128345,0.05),(210.16847694785557,-173.40108806474575,0.05),(209.39597474775277,-168.82813774589528,0.05),(214.65912211764604,-172.64248956013392,0.05),(216.57386008705012,-170.00048153400343,0.05),(211.31071271715686,-166.18612971976478,0.05),(212.0672929200347,-170.74790530333243,0.05),(215.81727988417228,-165.43870595043578,0.05),(199.3800000806103,-153.82874729337223,0.05),(195.63001311647272,-159.1379466462689,0.05),(195.00999705994997,-154.4006978389449,0.05),(200.00001613713306,-158.56599610069622,0.05),(201.17085004794848,-157.16333939185222,0.05),(196.18083097076538,-152.9980411301009,0.05),(196.17277049895466,-153.00773572143046,0.05),(201.1789105197592,-157.15364480052264,0.05),(202.77966863924547,-155.22074682019772,0.05),(197.77352861844093,-151.07483774110554,0.05),(197.5931394731395,-151.31434008338277,0.05),(202.9600577845469,-154.98124447792048,0.05),(206.88130313691198,-149.2420701715278,0.05),(201.51438482550458,-145.5751657769901,0.05),(205.9902373345761,-144.6975617102167,0.05),(202.40545062784045,-150.11967423830123,0.05),(202.86524908144898,-150.42366634022386,0.05),(206.45003578818464,-145.00155381213932,0.05),(203.83651839777542,-144.5680504383638,0.05),(205.4787664718582,-150.85716971399938,0.05),(206.01557116246602,-150.7169964352504,0.05),(204.37332308838324,-144.4278771596148,0.05),(206.89412315657464,-144.8023101957889,0.05),(203.49477109427463,-150.3425633990763,0.05),(207.5907519513079,-152.8557483497633,0.05),(210.99010401360792,-147.31549514647588,0.05),(209.16101017224975,-147.13904569524993,0.05),(209.44429088543728,-153.63286984112392,0.05),(210.30312033401896,-153.59540504176448,0.05),(210.01983962083142,-147.1015808958905,0.05),(211.78833905467573,-147.53498456422523,0.05),(208.53462090017464,-153.16200137342975,0.05),(211.6166209387612,-154.9441107606487,0.05),(214.8703390932623,-149.31709395144418,0.05),(210.49054775416633,-150.40321590198045,0.05),(215.99641227785716,-153.85798881011243,0.05),(223.11872261604978,-142.50717737892802,0.05),(217.61285809235895,-139.05240447079603,0.05),(221.8704369846194,-137.8990725218277,0.05),(218.86114372378933,-143.66050932789636,0.05),(219.40183444142593,-143.9429209879641,0.05),(222.411127702256,-138.18148418189543,0.05),(218.02728262586032,-139.55464949841416,0.05),(223.78567951782162,-142.56975567144536,0.05),(224.15092761446277,-141.87218703412645,0.05),(218.39253072250148,-138.85708086109526,0.05),(219.48612558590378,-143.08016701606783,0.05),(223.05733275106047,-137.64910087915388,0.05),(222.61211783946362,-137.35634902486828,0.05),(219.04091067430693,-142.78741516178223,0.05),(218.11359493469908,-138.28230986753812,0.05),(223.53943357907147,-141.8614543191124,0.05),(224.34927799761672,-140.63376284101645,0.05),(218.92343935324433,-137.05461838944217,0.05),(218.92227511332243,-137.0563845804776,0.05),(224.35044223753863,-140.631996649981,0.05),(225.10086155772802,-139.4927786911954,0.05),(219.67269443351182,-135.91716662169202,0.05),(224.25585486579217,-135.04620383358846,0.05),(220.51770112544767,-140.36374147929897,0.05),(221.0138230847428,-140.71250819829007,0.05),(224.7519768250873,-135.39497055257957,0.05),(220.15938210225534,-136.2803385447584,0.05),(225.60641780757476,-139.82714020611124,0.05),(226.0745692825284,-139.1081719515972,0.05),(220.62753357720896,-135.56137029024435,0.05),(221.58683818607275,-140.06424939165586,0.05),(225.1152646736646,-134.6052928501857,0.05),(224.57511894387974,-134.25616669656014,0.05),(221.0466924562879,-139.71512323803032,0.05),(220.10017585977067,-135.19275798456715,0.05),(225.52163554039697,-138.7785319500233,0.05),(225.99712424025319,-138.05962360842182,0.05),(220.5756645596269,-134.47384964296566,0.05),(220.53289002900192,-134.5402622762681,0.05),(226.03989877087815,-137.99321097511938,0.05),(229.14756209300185,-133.03688796706638,0.05),(223.64055335112562,-129.5839392682151,0.05),(223.67562304368383,-129.52923061205664,0.05),(229.11249240044364,-133.09159662322483,0.05),(231.1707047461425,-129.95036082742146,0.05),(225.73383538938268,-126.38799481625327,0.05),(225.73596140138332,-126.38475432138884,0.05),(231.16857873414185,-129.9536013222859,0.05),(234.78704468438875,-124.44545237828052,0.05),(229.35442735163022,-120.87660537738347,0.05),(229.35275692968725,-120.879150746353,0.05),(234.78871510633172,-124.44290700931099,0.05),(235.99242314953727,-122.60683683589097,0.05),(230.5564649728928,-119.043080572933,0.05),(230.5496840738819,-119.05346695692107,0.05),(235.99920404854817,-122.5964504519029,0.05),(236.8909332821018,-121.2248673561512,0.05),(231.44141330743554,-117.68188386116937,0.05),(231.4389610530375,-117.68566143817014,0.05),(236.89338553649984,-121.22108977915042,0.05),(237.91148190048668,-119.65038060372018,0.05),(232.45705741702434,-116.1149522627399,0.05),(232.44612970927906,-116.13192669898024,0.05),(237.92240960823196,-119.63340616747985,0.05),(239.67651677349872,-116.88999958858142,0.05),(234.20023687454582,-113.38852012008181,0.05),(234.23236218053157,-113.33926409066608,0.05),(239.64439146751297,-116.93925561799715,0.05),(241.1598923231451,-114.66093497394631,0.05),(235.7478630361637,-111.06094344661524,0.05),(235.68523765328493,-111.15884273699119,0.05),(241.22251770602387,-114.56303568357036,0.05),(242.65776124053016,-112.2284601999949,0.05),(237.12048118779123,-108.82426725341573,0.05),(237.12461191876412,-108.81756638481075,0.05),(242.65363050955727,-112.23516106859988,0.05),(244.52748915756035,-109.20361395434684,0.05),(238.9984705667672,-105.7860192705577,0.05),(238.996280056609,-105.7895681889247,0.05),(244.52967966771854,-109.20006503597983,0.05),(247.4892964289075,-104.39820097633788,0.05),(241.95589681779796,-100.98770412928275,0.05),(241.9493441849382,-100.99838154136586,0.05),(247.49584906176725,-104.38752356425476,0.05),(252.1068348256039,-96.84140869111371,0.05),(246.56032994877486,-93.45226666822481,0.05),(246.345389380013,-94.9665996810593,0.05),(252.82760461663327,-94.48609408678634,0.05),(252.36490395175258,-88.24407456478251,0.05),(245.8826887151323,-88.72458015905546,0.05),(249.25574852192986,-85.2370071405744,0.05),(248.99184414495502,-91.73164758326357,0.05),(256.52519303229894,-92.03775902425741,0.05),(256.7890974092737,-85.54311858156825,0.05),(256.78596576380033,-85.54299284220808,0.05),(256.52832467777233,-92.03788476361758,0.05),(259.7045330157741,-92.1638794338224,0.05),(259.9621741018021,-85.6689875124129,0.05),(262.6835394852847,-90.47814413274722,0.05),(256.98316763229144,-87.35472281348808,0.05),(251.6573782205064,-97.0745066513951,0.05),(257.35775007349963,-100.19792797065423,0.05),(257.30323249656533,-100.29354602894858,0.05),(251.71189579744063,-96.97888859310075,0.05),(240.2837832739268,-116.25642366004064,0.05),(245.8751199730515,-119.57108109588847,0.05),(245.50507058076482,-120.11994587783356,0.05),(240.14890806992616,-116.43734853933911,0.05),(239.82959344772235,-116.90177645567219,0.05),(245.185755958561,-120.58437379416664,0.05),(245.15391812412676,-120.62984372676044,0.05),(239.8614312821566,-116.85630652307839,0.05),(230.95412595386475,-129.3490404495907,0.05),(236.24661279583492,-133.12257765327274,0.05),(236.07607642624598,-133.3413670762003,0.05),(231.1246623234537,-129.13025102666313,0.05),(229.2650281342857,-131.31680177519763,0.05),(234.21644223707798,-135.5279178247348,0.05),(234.14888011002202,-135.6048670790777,0.05),(229.33259026134166,-131.23985252085473,0.05),(227.45185056932516,-133.31503173637535,0.05),(232.26814041800552,-137.68004629459833,0.05),(232.75434879579856,-136.97578762868778,0.05),(226.9656421915321,-134.0192904022859,0.05),(221.44000253448453,-144.83827798323347,0.05),(227.228709138751,-147.79477520963536,0.05),(227.23528071423246,-147.7818370940547,0.05),(221.43343095900306,-144.85121609881412,0.05),(221.12017959344482,-145.47137044887882,0.05),(226.92202934867422,-148.4019914441194,0.05),(225.51346285293783,-144.04957747415222,0.05),(222.5287460891812,-149.823784418846,0.05),(227.57785946780842,-152.43369665227317,0.05),(230.56257623156506,-146.65948970757938,0.05),(232.18050269118797,-150.4892639627172,0.05),(225.95993300818552,-148.60392239713536,0.05),(224.87403674959384,-152.1867709739642,0.05),(231.0946064325963,-154.07211253954603,0.05),(231.06416777042037,-154.1672507525223,0.05),(224.90447541176977,-152.09163276098792,0.05),(223.092149977709,-157.46996691163753,0.05),(229.2518423363596,-159.5455849031719,0.05),(229.24748680193932,-159.55842203865052,0.05),(223.09650551212928,-157.45712977615892,0.05),(221.6456292740719,-161.7041889565602,0.05),(227.79661056388193,-163.80548121905179,0.05),(227.7970665893591,-163.80414537602613,0.05),(221.64517324859472,-161.70552479958585,0.05),(219.86346236010277,-166.9284295366933,0.05),(226.01535570086716,-169.02705011313358,0.05),(226.01846171346688,-169.01790066604426,0.05),(219.86035634750306,-166.93757898378263,0.05),(216.7622827667351,-176.10840275808314,0.05),(222.92038813269892,-178.18872444034477,0.05),(219.06499155341928,-180.30447712063392,0.05),(220.61767934601474,-173.992650077794,0.05),(219.40203976026922,-173.69360691134284,0.05),(217.84935196767375,-180.00543395418276,0.05),(221.84103578559345,-177.38683634832321,0.05),(215.36179184427263,-176.86780075334192,0.05),(214.90422864575183,-182.57967024833144,0.05),(221.38347258707265,-183.09870584331273,0.05),(221.22255813668679,-183.88037006862356,0.05),(215.0651430961377,-181.7980060230206,0.05),(212.08744888367866,-190.60285413239257,0.05),(218.24486392422776,-192.68521817799552,0.05),(218.24483655799634,-192.68529909465795,0.05),(212.08747624991008,-190.60277321573014,0.05),(210.54599287338567,-195.16044457733298,0.05),(216.70335318147193,-197.2429704562608,0.05),(216.70259805196477,-197.24520046997637,0.05),(210.54674800289283,-195.1582145636174,0.05),(210.34373514682008,-195.7570287176612,0.05),(216.49958519589202,-197.84401462402016,0.05),(216.50117934958575,-197.8393005842363,0.05),(210.34214099312635,-195.76174275744506,0.05),(205.9805692833845,-208.6918701928089,0.05),(212.13960763984392,-210.76942801960013,0.05),(210.99609978856844,-207.1202161647358,0.05),(207.12407713465998,-212.3410820476732,0.05),(209.2465445996602,-213.91519681923305,0.05),(213.11856725356867,-208.69433093629564,0.05),(214.0577804393692,-212.81988235539376,0.05),(208.30733141385969,-209.78964540013493,0.05),(207.0178917710578,-212.23660154478074,0.05),(212.76834079656732,-215.26683850003957,0.05),(212.7728306227625,-215.2582874208514,0.05),(207.0134019448626,-212.24515262396892,0.05),(206.05180185367067,-214.08319423684736,0.05),(211.81123053157057,-217.09632903372983,0.05),(252.85701569399268,-155.09163617304498,0.05),(256.5717379751482,-149.75770344250864,0.05),(256.1193646015932,-149.44265607782668,0.05),(252.40464232043766,-154.77658880836302,0.05),(252.3976967502879,-154.77173823477943,0.05),(256.12631017174294,-149.44750665141027,0.05),(246.26197463327273,-142.53941234586517,0.05),(242.53336121181772,-147.86364392923434,0.05),(242.5345113474854,-147.86444901072855,0.05),(246.26082449760506,-142.53860726437097,0.05),(242.24065566684803,-139.725829736763,0.05),(238.51434251672836,-145.05167148312057,0.05),(238.51669457869525,-145.0533155958359,0.05),(242.23830360488114,-139.72418562404766,0.05),(237.90435917267655,-136.69756649423346,0.05),(234.18275014649066,-142.0266964660217,0.05),(234.4735654518792,-141.9947879816306,0.05),(237.7776875557991,-136.39721912342188,0.05),(231.51205654562528,-132.69875458638248,0.05),(228.2079344417054,-138.2963234445912,0.05),(227.45185056932516,-133.31503173637535,0.05),(232.26814041800552,-137.68004629459833,0.05),(234.14888011002202,-135.6048670790777,0.05),(229.33259026134166,-131.23985252085473,0.05),(229.2650281342857,-131.31680177519763,0.05),(234.21644223707798,-135.5279178247348,0.05),(236.07607642624598,-133.3413670762003,0.05),(231.1246623234537,-129.13025102666313,0.05),(235.50661395416398,-128.60356065816876,0.05),(231.69412479553569,-133.86805744469467,0.05),(243.49689661983132,-142.4154915958673,0.05),(247.3093857784596,-137.1509948093414,0.05),(242.67825601326226,-138.0119440399121,0.05),(248.12802638502868,-141.5545423652966,0.05),(249.68112414579915,-139.16532818302406,0.05),(244.23135377403273,-135.62272985763954,0.05),(244.23076757176113,-135.6236319709811,0.05),(249.68171034807074,-139.1644260696825,0.05),(250.7666586878031,-137.49418172610368,0.05),(245.3157159114935,-133.9533876274023,0.05),(249.88297773064122,-133.04604159566716,0.05),(246.19939686865538,-138.4015277578388,0.05),(250.92774440937202,-141.65375360295965,0.05),(254.61132527135786,-136.298267440788,0.05),(254.61198633028545,-136.29872224690422,0.05),(250.92708335044443,-141.65329879684344,0.05),(258.6617144129297,-146.97610346389905,0.05),(262.3466173927707,-141.62152691395983,0.05),(263.2206507095547,-146.08297053388785,0.05),(257.7876810961457,-142.51465984397103,0.05),(255.50663948620746,-145.98768414892723,0.05),(260.93960909961646,-149.55599483884404,0.05),(256.4190947018998,-150.47516656154733,0.05),(260.02715388392414,-145.06851242622395,0.05),(258.9981268425271,-144.38180482992937,0.05),(255.3900676605027,-149.78845896525274,0.05),(259.86019608415984,-148.9437380997138,0.05),(254.52799841886994,-145.2265256954683,0.05),(252.50847783949834,-148.12344998906832,0.05),(257.84067550478824,-151.84066239331383,0.05),(256.8973345551075,-147.22622505037626,0.05),(253.45181878917913,-152.7378873320059,0.05),(254.6053083395219,-153.45897041519592,0.05),(258.05082410545026,-147.94730813356628,0.05),(258.9921841010902,-152.5645838555873,0.05),(253.66394834388197,-148.8416946931749,0.05),(253.09226090209708,-149.65989940902287,0.05),(258.4204966593053,-153.38278857143527,0.05),(258.4206102433195,-153.38262599830702,0.05),(253.09214731808288,-149.66006198215112,0.05),(252.32742113004906,-150.75468792362884,0.05),(257.6558840552857,-154.47725193978474,0.05),(226.44531899185236,54.408155667356866,0.05),(222.46560515759197,49.268906909279806,0.05),(230.0122596220361,43.424954497494085,0.05),(233.9919734562965,48.564203255571144,0.05),(233.8787576058983,48.64801406636768,0.05),(230.12547547243432,43.34114368669755,0.05),(241.59391339054693,35.23009516708619,0.05),(245.3471955240109,40.53696554675632,0.05),(245.2934917541243,40.57414359775877,0.05),(241.64761716043355,35.19291711608374,0.05),(243.20922140332183,34.13490306409502,0.05),(246.85509599701257,39.51612954577005,0.05),(246.39351940651096,39.776651175998786,0.05),(243.67079799382344,33.87438143386628,0.05),(253.70749997573301,29.244443360409992,0.05),(256.43022138842053,35.1467131025425,0.05),(256.0819341377929,35.283649178414365,0.05),(254.0557872263606,29.107507284538126,0.05),(256.00237140461184,28.46891031115619,0.05),(258.02851831604414,34.64505220503243,0.05),(256.9223181676445,34.80564674089026,0.05),(257.1085715530115,28.30831577529836,0.05),(259.22228780015377,28.368907856696133,0.05),(259.0360344147868,34.86623882228803,0.05),(258.4647621000622,34.798936877183934,0.05),(259.79356011487835,28.43620980180023,0.05),(263.4318593523494,29.19603569827197,0.05),(262.1030613375333,35.55876277365567,0.05),(-185.16954790834353,41.263955595000816,0.05),(-179.02419843817114,39.14624931474106,0.05),(-175.8068308713984,48.48269424863981,0.05),(-181.9521803415708,50.60040052889956,0.05),(-181.91925920879373,50.691503056284176,0.05),(-175.83975200417547,48.391591721255196,0.05),(-173.99454644652644,53.269145177718116,0.05),(-180.0740536511447,55.569056512747096,0.05),(185.21024318208663,-60.29369131928504,0.05),(186.98803720547141,-54.041535818146464,0.05),(173.70101339887617,-50.263384185859856,0.05),(171.92321937549139,-56.51553968699843,0.05),(170.24906302309512,-55.387775588695426,0.05),(175.37516975127244,-51.39114828416286,0.05),(173.1676586671182,-48.559776590290944,0.05),(168.04155193894087,-52.55640389482351,0.05),(167.60544913449647,-49.30606696931107,0.05),(173.6037614715626,-51.81011351580339,0.05),(181.86632971394485,-32.01756409472393,0.05),(175.86801737687873,-29.513517548231615,0.05),(175.8294666698517,-29.610189386556314,0.05),(181.90488042097186,-31.920892256399227,0.05),(184.00454250161184,-26.400357338687016,0.05),(177.92912875049169,-24.089654468844103,0.05),(180.0003512997058,-27.7194928610587,0.05),(177.73399579111776,-33.811588781896845,0.05),(192.86228545551478,-39.43955049851151,0.05),(195.12864096410283,-33.34745457767336,0.05),(195.13076642364553,-33.34824612644957,0.05),(192.86015999597208,-39.4387589497353,0.05),(197.9224046591035,-41.32601632921501,0.05),(200.19301108677695,-35.23550350592927,0.05),(200.19526147753152,-35.236343422300614,0.05),(197.92015426834894,-41.32517641284367,0.05),(199.25886061702238,-41.82538728569498,0.05),(201.53396782620496,-35.736554295151926,0.05),(183.0611984951952,-56.01287973098271,0.05),(189.13708189236283,-58.32234740644879,0.05),(197.0334049083926,-37.548236375825475,0.05),(190.957521511225,-35.238768700359394,0.05),(190.92468759585503,-35.32915432028638,0.05),(197.06623882376257,-37.45785075589849,0.05),(200.76351856435318,-26.79074362363501,0.05),(194.62196733644564,-24.662047188022896,0.05),(201.44908155539824,-35.706171368610235,0.05),(199.3437468878291,-41.85577021223667,0.05),(213.01960662690172,-46.53774416689935,0.05),(215.12494129447086,-40.388145323272916,0.05),(-119.28670283001867,-11.215616251844896,0.05),(-116.95788584589008,-5.147122908812033,0.05),(-142.71968078680783,4.739104562941922,0.05),(-145.04849777093642,-1.329388780090941,0.05),(-138.26958952063964,7.164820011038523,0.05),(-144.3263634057968,9.523949109684485,0.05),(-146.9124762214507,2.884422440748472,0.05),(-140.85570233629355,0.5252933421025088,0.05),(-140.85553142816624,0.5257322217329596,0.05),(-146.912647129578,2.883983561118021,0.05),(-149.5062858932246,-3.777719462941513,0.05),(-143.44917019181284,-6.135970802326574,0.05),(-101.42215904326837,-18.07984552301059,0.05),(-99.09827719918725,-12.009460594956181,0.05),(-102.15578809891635,-10.838975666541955,0.05),(-104.47966994299746,-16.909360594596365,0.05),(-104.49197777910226,-16.90462021796373,0.05),(-102.14348026281155,-10.84371604317459,0.05),(-105.57390427540454,-9.51448495139959,0.05),(-107.92240179169525,-15.57538912618873,0.05),(-96.97608957200532,-19.783926366947092,0.05),(-94.64979836863245,-13.714464344896875,0.05),(-99.09707251954137,-12.009922047958277,0.05),(-101.42336372291425,-18.079384070008494,0.05),(-107.91225446278392,-15.579301529499801,0.05),(-105.58405160431587,-9.510572548088518,0.05),(-116.95819290872035,-5.147005089622823,0.05),(-119.2863957671884,-11.215734071034106,0.05),(-220.87622345313653,187.19045621141595,0.05),(-226.69065012871064,190.09604435056644,0.05),(-227.8694014499873,187.7372230730598,0.05),(-222.05497477441318,184.8316349339093,0.05),(-222.0494520843676,184.84273942796358,0.05),(-227.87492414003287,187.72611857900552,0.05),(-229.56872150346686,184.30403334783546,0.05),(-223.7432494478016,181.42065419679352,0.05),(-223.7470724162588,181.4129560350285,0.05),(-229.56489853500966,184.3117315096005,0.05),(-230.09461761182752,183.24858829352698,0.05),(-224.27679149307664,180.34981281895497,0.05),(-224.27644200234926,180.35051445684982,0.05),(-230.0949671025549,183.24788665563213,0.05),(-230.855980054864,181.71961460054266,0.05),(-225.03745495465836,178.82224240176035,0.05),(-191.99656754232117,156.13664318272217,0.05),(-186.11527031391753,153.36891073337452,0.05),(-184.28557608974526,157.256922225232,0.05),(-190.1668733181489,160.02465467457964,0.05),(120.4768678495489,41.29299631613519,0.05),(125.5257917076055,36.020580562844614,0.05),(129.4749974769479,39.80238385041032,0.05),(124.42607361889127,45.074799603700896,0.05),(123.54920430697601,43.76276912807912,0.05),(130.35186678886313,41.1144143260321,0.05),(132.7727784009687,47.33285778493195,0.05),(125.97011591908156,49.98121258697898,0.05),(125.97401997137405,49.991197281734834,0.05),(132.7688743486762,47.322873090176095,0.05),(134.08776251710896,50.68140541274678,0.05),(127.2929081398068,53.349729604305516,0.05),(127.27182890198256,53.294752331820646,0.05),(134.1088417549332,50.736382685231646,0.05),(149.76450773407177,92.57474238574751,0.05),(142.92749488112113,95.13311203233651,0.05),(143.34320645433726,95.92895084004965,0.05),(149.34879616085564,91.77890357803437,0.05),(153.55898513594767,97.87152517363313,0.05),(147.5533954294293,102.02157243564841,0.05),(-225.0315611108764,178.83413930325477,0.05),(-230.86187389864597,181.70771769904823,0.05),(-231.4513886105177,180.51162881967903,0.05),(-225.62107582274814,177.63805042388557,0.05),(215.13224937598528,-40.3906569787853,0.05),(213.0122985453873,-46.535232511386965,0.05),(215.85131606814144,-47.514726948962306,0.05),(217.97126689873943,-41.37015141636064,0.05),(64.47500615764426,-184.93028264448864,0.05),(60.62536403246208,-190.16767278730052,0.05),(98.1382351303518,-217.74078169788348,0.05),(101.98787725553399,-212.5033915550716,0.05),(196.53159772936536,171.6605847447176,0.05),(202.5739875563299,167.5643028722148,0.05),(224.82487191591596,200.38638921296257,0.05),(218.7824820889514,204.48267108546537,0.05),(218.8055716854233,204.51632372882605,0.05),(224.80178231944407,200.3527365696019,0.05),(229.53129635565526,207.16396959371477,0.05),(223.5350857216345,211.32755675293893,0.05),(43.90934602163766,-143.92366843047404,0.05),(49.95212785138715,-146.3184101196859,0.05),(55.24949734677061,-132.9512698237706,0.05),(49.206715517021124,-130.55652813455873,0.05),(126.64097768549124,35.413551150345576,0.05),(119.36168187166317,41.900025728634226,0.05),(114.77762644676244,36.75567573356502,0.05),(122.05692226059051,30.26920115527637,0.05),(-217.4002302846982,82.3512088366276,0.05),(-214.347456001293,81.23627871568739,0.05),(-211.2621155867475,89.6842053580606,0.05),(-214.3148898701527,90.79913547900081,0.05),(18.97604186455052,-56.48170435519076,0.05),(21.267507253966446,-50.39900870530748,0.05),(-0.4582799497925074,-42.21449770874226,0.05),(-2.749745339208436,-48.297193358625535,0.05),(72.80437949048822,-76.14767747073154,0.05),(74.7032672287384,-69.93122950122972,0.05),(66.24936599861364,-67.34888513592352,0.05),(64.35047826036346,-73.56533310542534,0.05),(64.15770434754648,-73.49977876074634,0.05),(66.44213991143062,-67.41443948060252,0.05),(59.71946404184002,-64.89074784502365,0.05),(57.435028477955875,-70.97608712516747,0.05),(57.42872037770178,-70.9737115988164,0.05),(59.725772142094115,-64.89312337137473,0.05),(54.94172235581607,-63.085862364468106,0.05),(52.64467059142373,-69.16645059190976,0.05),(-56.179349486348514,99.44496142738814,0.05),(-57.014333844785284,109.15914184166735,0.05),(-74.37242119446833,107.66712390384322,0.05),(-73.53743683603156,97.952943489564,0.05),(-110.62804371870526,-196.72394664963724,0.05),(-106.7785881780327,-191.4864193666166,0.05),(-110.22125559083715,-188.95614230440913,0.05),(-114.0707111315097,-194.19366958742978,0.05),(-114.00512670632536,-194.2406302418993,0.05),(-110.28684001602149,-188.9091816499396,0.05),(-134.32716740225356,-172.1428511097594,0.05),(-138.04545409255746,-177.4742997017191,0.05),(-138.07250763884466,-177.45522636246272,0.05),(-134.30011385596637,-172.16192444901577,0.05),(-141.7191948159486,-166.87454516369513,0.05),(-145.4915885988269,-172.16784707714208,0.05),(-196.34533601243228,66.39361559172352,0.05),(-191.23895750508464,78.34873577262084,0.05),(-199.57441217148963,81.90905017460506,0.05),(-204.68079067883727,69.95392999370773,0.05),(47.3938039269268,-130.1635045134173,0.05),(43.142959929959154,-125.24615509391862,0.05),(39.67698132230738,-128.24234940533626,0.05),(43.92782531927502,-133.15969882483495,0.05),(43.368700655395074,-133.5486920486082,0.05),(40.236105986187326,-127.85335618156302,0.05),(35.415458393414596,-130.50484773601698,0.05),(38.548053062622344,-136.20018360306216,0.05),(37.16809888550825,-136.5971691529884,0.05),(36.79541257052869,-130.10786218609073,0.05),(32.55951373086963,-130.351133391665,0.05),(32.93220004584919,-136.8404403585627,0.05),(110.9088856396597,265.8525999835523,0.05),(114.58416993144377,271.21378319013695,0.05),(110.25014722797962,274.1849119407294,0.05),(106.57486293619556,268.82372873414477,0.05),(106.56519328183707,268.8303833313251,0.05),(110.25981688233811,274.1782573435491,0.05),(108.85898228620432,275.1460356695613,0.05),(105.16435868570328,269.7981616573373,0.05),(105.16838214972023,269.7953864806576,0.05),(108.85495882218737,275.14881084624096,0.05),(88.00262997118324,289.5085372305231,0.05),(84.3160532987161,284.1551128649397,0.05),(84.3186929608172,284.15329700822645,0.05),(87.99999030908214,289.51035308723635,0.05),(75.88102814737351,297.83834193253256,0.05),(72.19973079910858,292.48128585352265,0.05),(72.17363433951907,292.4994074192486,0.05),(75.90712460696302,297.8202203668066,0.05),(60.11280210812181,308.9027278541931,0.05),(56.37931184067786,303.58191490663506,0.05),(56.52385768653328,303.48614112272554,0.05),(59.96825626226639,308.9985016381026,0.05),(56.63222386922718,311.0830215440721,0.05),(53.18782529349408,305.57066102869504,0.05),(44.88130690320441,-147.6434065240299,0.05),(48.980166969820395,-142.59867202613003,0.05),(34.795286921667405,-131.0734196261639,0.05),(30.69642685505142,-136.11815412406378,0.05),(141.4816823365343,-86.59386570650364,0.05),(145.1179834833658,-91.9815659551767,0.05),(152.45954795857526,-87.02655025486624,0.05),(148.82324681174376,-81.63885000619317,0.05),(132.88245632003324,-114.32827806923898,0.05),(139.38144741400814,-114.21375837470977,0.05),(139.27620989813207,-108.24153079200177,0.05),(132.77721880415717,-108.35605048653098,0.05),(132.9912684849077,-107.13751186431821,0.05),(139.06216021738155,-109.46006941421453,0.05),(146.33527877618698,-90.44899460578833,0.05),(140.26438704371313,-88.12643705589201,0.05),(-159.46092906472236,213.6294592069969,0.05),(-158.10802941472306,219.9871051972225,0.05),(-165.71820308296978,221.60654127592738,0.05),(-167.07110273296908,215.2488952857018,0.05),(-169.2902501191728,220.07072673781164,0.05),(-163.39176253333983,217.3398213568484,0.05),(-163.04813393996858,218.0820253915494,0.05),(-168.94662152580156,220.81293077251263,0.05),(-169.02494340657947,220.62914897168997,0.05),(-162.96981205919067,218.26580719237205,0.05),(-145.90278939448538,261.9933225471246,0.05),(-151.95792074187418,264.3566643264425,0.05),(-147.75389300214331,266.2045869750618,0.05),(-150.10681713421624,260.14539989850533,0.05),(-143.58280126869474,257.61197187027943,0.05),(-141.2298771366218,263.6711589468359,0.05),(-139.36068935914497,259.50731806749513,0.05),(-145.45198904617158,261.7758127496202,0.05),(-161.43367891373512,218.86221755562312,0.05),(-155.34237922670852,216.59372287349814,0.05),(-155.36362687321207,216.5382259770362,0.05),(-161.41243126723157,218.91771445208505,0.05),(-161.6522446818667,218.30809416965857,0.05),(-155.6034402878472,215.92860569460973,0.05),(-181.8003495990593,176.88576458280798,0.05),(-184.24196897858604,170.86177132206146,0.05),(-177.18492735775038,168.00144116601084,0.05),(-174.74330797822364,174.02543442675736,0.05),(-179.01634421234425,172.12986653209498,0.05),(-172.91189112362977,169.8970090606732,0.05),(-165.85589880670946,189.18752564951012,0.05),(-171.96035189542394,191.4203831209319,0.05),(-170.0227877909161,187.25108235298825,0.05),(-167.7934629112173,193.35682641745376,0.05),(-169.4760029181529,193.97115421418863,0.05),(-171.7053277978517,187.86541014972312,0.05),(-173.64641397769842,192.0250343553105,0.05),(-167.53491673830618,189.81153000860124,0.05),(-165.92068334624824,194.26843696429043,0.05),(-172.03218058564048,196.4819413109997,0.05),(-167.87968102036265,198.4345415794807,0.05),(-170.07318291152606,192.31583669580942,0.05),(-168.39055249295907,191.7126284882841,0.05),(-166.19705060179567,197.8313333719554,0.05),(-170.3206511111129,195.95548493033013,0.05),(-164.26695198364183,193.58847692990938,0.05),(-158.53313646508474,208.25289462330082,0.05),(-164.58683559255581,210.61990262372157,0.05),(-164.60190862826767,210.58060441748853,0.05),(-158.5180634293729,208.29219282953386,0.05),(-156.98775099506838,212.36059730941747,0.05),(-163.07159619396316,214.64900889737214,0.05),(-160.5005074635125,210.73789800743344,0.05),(-159.12652861974433,217.09102181677935,0.05),(-166.66324573506367,218.72097429034528,0.05),(-168.03722457883183,212.36785048099938,0.05),(-164.29098033846785,214.44738916093755,0.05),(-170.40948997542765,216.64143561040711,0.05),(-170.6122539574284,216.0759902534048,0.05),(-164.4937443204686,213.88194380393523,0.05),(-164.49437398137536,213.880189459978,0.05),(-170.61162429652165,216.07774459736203,0.05),(-172.05344158480864,212.06421287243967,0.05),(-165.93619126966234,209.86665773505564,0.05),(-165.95490985496193,209.81588407311548,0.05),(-172.03472299950906,212.11498653437982,0.05),(-186.06106586109624,175.0233191830669,0.05),(-179.9812527165491,172.72421672180255,0.05),(-251.78706193203342,89.89145235391238,0.05),(-246.57367164408552,101.80029619811198,0.05),(-259.82869882811553,107.60301146516672,0.05),(-265.0420891160635,95.69416762096712,0.05)),$);
#8404=IFCINDEXEDPOLYGONALFACE((1,2,3));
#8405=IFCINDEXEDPOLYGONALFACE((1,3,4));
#8406=IFCINDEXEDPOLYGONALFACE((5,6,7));
#8407=IFCINDEXEDPOLYGONALFACE((5,7,8));
#8408=IFCINDEXEDPOLYGONALFACE((9,10,11));
#8409=IFCINDEXEDPOLYGONALFACE((9,11,12));
#8410=IFCINDEXEDPOLYGONALFACE((13,14,15));
#8411=IFCINDEXEDPOLYGONALFACE((13,15,16));
#8412=IFCINDEXEDPOLYGONALFACE((17,18,19));
#8413=IFCINDEXEDPOLYGONALFACE((17,19,20));
#8414=IFCINDEXEDPOLYGONALFACE((21,22,23));
#8415=IFCINDEXEDPOLYGONALFACE((21,23,24));
#8416=IFCINDEXEDPOLYGONALFACE((25,26,27));
#8417=IFCINDEXEDPOLYGONALFACE((25,27,28));
#8418=IFCINDEXEDPOLYGONALFACE((29,30,31));
#8419=IFCINDEXEDPOLYGONALFACE((29,31,32));
#8420=IFCINDEXEDPOLYGONALFACE((33,34,35));
#8421=IFCINDEXEDPOLYGONALFACE((33,35,36));
#8422=IFCINDEXEDPOLYGONALFACE((37,38,39));
#8423=IFCINDEXEDPOLYGONALFACE((37,39,40));
#8424=IFCINDEXEDPOLYGONALFACE((41,42,43));
#8425=IFCINDEXEDPOLYGONALFACE((41,43,44));
#8426=IFCINDEXEDPOLYGONALFACE((45,46,47));
#8427=IFCINDEXEDPOLYGONALFACE((45,47,48));
#8428=IFCINDEXEDPOLYGONALFACE((49,50,51));
#8429=IFCINDEXEDPOLYGONALFACE((49,51,52));
#8430=IFCINDEXEDPOLYGONALFACE((53,54,55));
#8431=IFCINDEXEDPOLYGONALFACE((53,55,56));
#8432=IFCINDEXEDPOLYGONALFACE((57,58,59));
#8433=IFCINDEXEDPOLYGONALFACE((57,59,60));
#8434=IFCINDEXEDPOLYGONALFACE((61,62,63));
#8435=IFCINDEXEDPOLYGONALFACE((61,63,64));
#8436=IFCINDEXEDPOLYGONALFACE((65,66,67));
#8437=IFCINDEXEDPOLYGONALFACE((65,67,68));
#8438=IFCINDEXEDPOLYGONALFACE((69,70,71));
#8439=IFCINDEXEDPOLYGONALFACE((69,71,72));
#8440=IFCINDEXEDPOLYGONALFACE((73,74,75));
#8441=IFCINDEXEDPOLYGONALFACE((73,75,76));
#8442=IFCINDEXEDPOLYGONALFACE((77,78,79));
#8443=IFCINDEXEDPOLYGONALFACE((77,79,80));
#8444=IFCINDEXEDPOLYGONALFACE((81,82,83));
#8445=IFCINDEXEDPOLYGONALFACE((81,83,84));
#8446=IFCINDEXEDPOLYGONALFACE((85,86,87));
#8447=IFCINDEXEDPOLYGONALFACE((85,87,88));
#8448=IFCINDEXEDPOLYGONALFACE((89,90,91));
#8449=IFCINDEXEDPOLYGONALFACE((89,91,92));
#8450=IFCINDEXEDPOLYGONALFACE((93,94,95));
#8451=IFCINDEXEDPOLYGONALFACE((93,95,96));
#8452=IFCINDEXEDPOLYGONALFACE((97,98,99));
#8453=IFCINDEXEDPOLYGONALFACE((97,99,100));
#8454=IFCINDEXEDPOLYGONALFACE((101,102,103));
#8455=IFCINDEXEDPOLYGONALFACE((101,103,104));
#8456=IFCINDEXEDPOLYGONALFACE((105,106,107));
#8457=IFCINDEXEDPOLYGONALFACE((105,107,108));
#8458=IFCINDEXEDPOLYGONALFACE((109,110,111));
#8459=IFCINDEXEDPOLYGONALFACE((109,111,112));
#8460=IFCINDEXEDPOLYGONALFACE((113,114,115));
#8461=IFCINDEXEDPOLYGONALFACE((113,115,116));
#8462=IFCINDEXEDPOLYGONALFACE((117,118,119));
#8463=IFCINDEXEDPOLYGONALFACE((117,119,120));
#8464=IFCINDEXEDPOLYGONALFACE((121,122,123));
#8465=IFCINDEXEDPOLYGONALFACE((121,123,124));
#8466=IFCINDEXEDPOLYGONALFACE((125,126,127));
#8467=IFCINDEXEDPOLYGONALFACE((125,127,128));
#8468=IFCINDEXEDPOLYGONALFACE((129,130,131));
#8469=IFCINDEXEDPOLYGONALFACE((129,131,132));
#8470=IFCINDEXEDPOLYGONALFACE((133,134,135));
#8471=IFCINDEXEDPOLYGONALFACE((133,135,136));
#8472=IFCINDEXEDPOLYGONALFACE((137,138,139));
#8473=IFCINDEXEDPOLYGONALFACE((137,139,140));
#8474=IFCINDEXEDPOLYGONALFACE((141,142,143));
#8475=IFCINDEXEDPOLYGONALFACE((141,143,144));
#8476=IFCINDEXEDPOLYGONALFACE((145,146,147));
#8477=IFCINDEXEDPOLYGONALFACE((145,147,148));
#8478=IFCINDEXEDPOLYGONALFACE((149,150,151));
#8479=IFCINDEXEDPOLYGONALFACE((149,151,152));
#8480=IFCINDEXEDPOLYGONALFACE((153,154,155));
#8481=IFCINDEXEDPOLYGONALFACE((153,155,156));
#8482=IFCINDEXEDPOLYGONALFACE((157,158,159));
#8483=IFCINDEXEDPOLYGONALFACE((157,159,160));
#8484=IFCINDEXEDPOLYGONALFACE((161,162,163));
#8485=IFCINDEXEDPOLYGONALFACE((161,163,164));
#8486=IFCINDEXEDPOLYGONALFACE((165,166,167));
#8487=IFCINDEXEDPOLYGONALFACE((165,167,168));
#8488=IFCINDEXEDPOLYGONALFACE((169,170,171));
#8489=IFCINDEXEDPOLYGONALFACE((169,171,172));
#8490=IFCINDEXEDPOLYGONALFACE((173,174,175));
#8491=IFCINDEXEDPOLYGONALFACE((173,175,176));
#8492=IFCINDEXEDPOLYGONALFACE((177,178,179));
#8493=IFCINDEXEDPOLYGONALFACE((177,179,180));
#8494=IFCINDEXEDPOLYGONALFACE((181,182,183));
#8495=IFCINDEXEDPOLYGONALFACE((181,183,184));
#8496=IFCINDEXEDPOLYGONALFACE((185,186,187));
#8497=IFCINDEXEDPOLYGONALFACE((185,187,188));
#8498=IFCINDEXEDPOLYGONALFACE((189,190,191));
#8499=IFCINDEXEDPOLYGONALFACE((189,191,192));
#8500=IFCINDEXEDPOLYGONALFACE((193,194,195));
#8501=IFCINDEXEDPOLYGONALFACE((193,195,196));
#8502=IFCINDEXEDPOLYGONALFACE((197,198,199));
#8503=IFCINDEXEDPOLYGONALFACE((197,199,200));
#8504=IFCINDEXEDPOLYGONALFACE((201,202,203));
#8505=IFCINDEXEDPOLYGONALFACE((201,203,204));
#8506=IFCINDEXEDPOLYGONALFACE((205,206,207));
#8507=IFCINDEXEDPOLYGONALFACE((205,207,208));
#8508=IFCINDEXEDPOLYGONALFACE((209,210,211));
#8509=IFCINDEXEDPOLYGONALFACE((209,211,212));
#8510=IFCINDEXEDPOLYGONALFACE((213,214,215));
#8511=IFCINDEXEDPOLYGONALFACE((213,215,216));
#8512=IFCINDEXEDPOLYGONALFACE((217,218,219));
#8513=IFCINDEXEDPOLYGONALFACE((217,219,220));
#8514=IFCINDEXEDPOLYGONALFACE((221,222,223));
#8515=IFCINDEXEDPOLYGONALFACE((221,223,224));
#8516=IFCINDEXEDPOLYGONALFACE((225,226,227));
#8517=IFCINDEXEDPOLYGONALFACE((225,227,228));
#8518=IFCINDEXEDPOLYGONALFACE((229,230,231));
#8519=IFCINDEXEDPOLYGONALFACE((229,231,232));
#8520=IFCINDEXEDPOLYGONALFACE((233,234,235));
#8521=IFCINDEXEDPOLYGONALFACE((233,235,236));
#8522=IFCINDEXEDPOLYGONALFACE((237,238,239));
#8523=IFCINDEXEDPOLYGONALFACE((237,239,240));
#8524=IFCINDEXEDPOLYGONALFACE((241,242,243));
#8525=IFCINDEXEDPOLYGONALFACE((241,243,244));
#8526=IFCINDEXEDPOLYGONALFACE((245,246,247));
#8527=IFCINDEXEDPOLYGONALFACE((245,247,248));
#8528=IFCINDEXEDPOLYGONALFACE((249,250,251));
#8529=IFCINDEXEDPOLYGONALFACE((249,251,252));
#8530=IFCINDEXEDPOLYGONALFACE((253,254,255));
#8531=IFCINDEXEDPOLYGONALFACE((253,255,256));
#8532=IFCINDEXEDPOLYGONALFACE((257,258,259));
#8533=IFCINDEXEDPOLYGONALFACE((257,259,260));
#8534=IFCINDEXEDPOLYGONALFACE((261,262,263));
#8535=IFCINDEXEDPOLYGONALFACE((261,263,264));
#8536=IFCINDEXEDPOLYGONALFACE((265,266,267));
#8537=IFCINDEXEDPOLYGONALFACE((265,267,268));
#8538=IFCINDEXEDPOLYGONALFACE((269,270,271));
#8539=IFCINDEXEDPOLYGONALFACE((269,271,272));
#8540=IFCINDEXEDPOLYGONALFACE((273,274,275));
#8541=IFCINDEXEDPOLYGONALFACE((273,275,276));
#8542=IFCINDEXEDPOLYGONALFACE((277,278,279));
#8543=IFCINDEXEDPOLYGONALFACE((277,279,280));
#8544=IFCINDEXEDPOLYGONALFACE((281,282,283));
#8545=IFCINDEXEDPOLYGONALFACE((281,283,284));
#8546=IFCINDEXEDPOLYGONALFACE((285,286,287));
#8547=IFCINDEXEDPOLYGONALFACE((285,287,288));
#8548=IFCINDEXEDPOLYGONALFACE((289,290,291));
#8549=IFCINDEXEDPOLYGONALFACE((289,291,292));
#8550=IFCINDEXEDPOLYGONALFACE((293,294,295));
#8551=IFCINDEXEDPOLYGONALFACE((293,295,296));
#8552=IFCINDEXEDPOLYGONALFACE((297,298,299));
#8553=IFCINDEXEDPOLYGONALFACE((297,299,300));
#8554=IFCINDEXEDPOLYGONALFACE((301,302,303));
#8555=IFCINDEXEDPOLYGONALFACE((301,303,304));
#8556=IFCINDEXEDPOLYGONALFACE((305,306,307));
#8557=IFCINDEXEDPOLYGONALFACE((305,307,308));
#8558=IFCINDEXEDPOLYGONALFACE((309,310,311));
#8559=IFCINDEXEDPOLYGONALFACE((309,311,312));
#8560=IFCINDEXEDPOLYGONALFACE((313,314,315));
#8561=IFCINDEXEDPOLYGONALFACE((313,315,316));
#8562=IFCINDEXEDPOLYGONALFACE((317,318,319));
#8563=IFCINDEXEDPOLYGONALFACE((317,319,320));
#8564=IFCINDEXEDPOLYGONALFACE((321,322,323));
#8565=IFCINDEXEDPOLYGONALFACE((321,323,324));
#8566=IFCINDEXEDPOLYGONALFACE((325,326,327));
#8567=IFCINDEXEDPOLYGONALFACE((325,327,328));
#8568=IFCINDEXEDPOLYGONALFACE((329,330,331));
#8569=IFCINDEXEDPOLYGONALFACE((329,331,332));
#8570=IFCINDEXEDPOLYGONALFACE((333,334,335));
#8571=IFCINDEXEDPOLYGONALFACE((333,335,336));
#8572=IFCINDEXEDPOLYGONALFACE((337,338,339));
#8573=IFCINDEXEDPOLYGONALFACE((337,339,340));
#8574=IFCINDEXEDPOLYGONALFACE((341,342,343));
#8575=IFCINDEXEDPOLYGONALFACE((341,343,344));
#8576=IFCINDEXEDPOLYGONALFACE((345,346,347));
#8577=IFCINDEXEDPOLYGONALFACE((345,347,348));
#8578=IFCINDEXEDPOLYGONALFACE((349,350,351));
#8579=IFCINDEXEDPOLYGONALFACE((349,351,352));
#8580=IFCINDEXEDPOLYGONALFACE((353,354,355));
#8581=IFCINDEXEDPOLYGONALFACE((353,355,356));
#8582=IFCINDEXEDPOLYGONALFACE((357,358,359));
#8583=IFCINDEXEDPOLYGONALFACE((357,359,360));
#8584=IFCINDEXEDPOLYGONALFACE((361,362,363));
#8585=IFCINDEXEDPOLYGONALFACE((361,363,364));
#8586=IFCINDEXEDPOLYGONALFACE((365,366,367));
#8587=IFCINDEXEDPOLYGONALFACE((365,367,368));
#8588=IFCINDEXEDPOLYGONALFACE((369,370,371));
#8589=IFCINDEXEDPOLYGONALFACE((369,371,372));
#8590=IFCINDEXEDPOLYGONALFACE((373,374,375));
#8591=IFCINDEXEDPOLYGONALFACE((373,375,376));
#8592=IFCINDEXEDPOLYGONALFACE((377,378,379));
#8593=IFCINDEXEDPOLYGONALFACE((377,379,380));
#8594=IFCINDEXEDPOLYGONALFACE((381,382,383));
#8595=IFCINDEXEDPOLYGONALFACE((381,383,384));
#8596=IFCINDEXEDPOLYGONALFACE((385,386,387));
#8597=IFCINDEXEDPOLYGONALFACE((385,387,388));
#8598=IFCINDEXEDPOLYGONALFACE((389,390,391));
#8599=IFCINDEXEDPOLYGONALFACE((389,391,392));
#8600=IFCINDEXEDPOLYGONALFACE((393,394,395));
#8601=IFCINDEXEDPOLYGONALFACE((393,395,396));
#8602=IFCINDEXEDPOLYGONALFACE((397,398,399));
#8603=IFCINDEXEDPOLYGONALFACE((397,399,400));
#8604=IFCINDEXEDPOLYGONALFACE((401,402,403));
#8605=IFCINDEXEDPOLYGONALFACE((401,403,404));
#8606=IFCINDEXEDPOLYGONALFACE((405,406,407));
#8607=IFCINDEXEDPOLYGONALFACE((405,407,408));
#8608=IFCINDEXEDPOLYGONALFACE((409,410,411));
#8609=IFCINDEXEDPOLYGONALFACE((409,411,412));
#8610=IFCINDEXEDPOLYGONALFACE((413,414,415));
#8611=IFCINDEXEDPOLYGONALFACE((413,415,416));
#8612=IFCINDEXEDPOLYGONALFACE((417,418,419));
#8613=IFCINDEXEDPOLYGONALFACE((417,419,420));
#8614=IFCINDEXEDPOLYGONALFACE((421,422,423));
#8615=IFCINDEXEDPOLYGONALFACE((421,423,424));
#8616=IFCINDEXEDPOLYGONALFACE((425,426,427));
#8617=IFCINDEXEDPOLYGONALFACE((425,427,428));
#8618=IFCINDEXEDPOLYGONALFACE((429,430,431));
#8619=IFCINDEXEDPOLYGONALFACE((429,431,432));
#8620=IFCINDEXEDPOLYGONALFACE((433,434,435));
#8621=IFCINDEXEDPOLYGONALFACE((433,435,436));
#8622=IFCINDEXEDPOLYGONALFACE((437,438,439));
#8623=IFCINDEXEDPOLYGONALFACE((437,439,440));
#8624=IFCINDEXEDPOLYGONALFACE((441,442,443));
#8625=IFCINDEXEDPOLYGONALFACE((441,443,444));
#8626=IFCINDEXEDPOLYGONALFACE((445,446,447));
#8627=IFCINDEXEDPOLYGONALFACE((445,447,448));
#8628=IFCINDEXEDPOLYGONALFACE((449,450,451));
#8629=IFCINDEXEDPOLYGONALFACE((449,451,452));
#8630=IFCINDEXEDPOLYGONALFACE((453,454,455));
#8631=IFCINDEXEDPOLYGONALFACE((453,455,456));
#8632=IFCINDEXEDPOLYGONALFACE((457,458,459));
#8633=IFCINDEXEDPOLYGONALFACE((457,459,460));
#8634=IFCINDEXEDPOLYGONALFACE((461,462,463));
#8635=IFCINDEXEDPOLYGONALFACE((461,463,464));
#8636=IFCINDEXEDPOLYGONALFACE((465,466,467));
#8637=IFCINDEXEDPOLYGONALFACE((465,467,468));
#8638=IFCINDEXEDPOLYGONALFACE((469,470,471));
#8639=IFCINDEXEDPOLYGONALFACE((469,471,472));
#8640=IFCINDEXEDPOLYGONALFACE((473,474,475));
#8641=IFCINDEXEDPOLYGONALFACE((473,475,476));
#8642=IFCINDEXEDPOLYGONALFACE((477,478,479));
#8643=IFCINDEXEDPOLYGONALFACE((477,479,480));
#8644=IFCINDEXEDPOLYGONALFACE((481,482,483));
#8645=IFCINDEXEDPOLYGONALFACE((481,483,484));
#8646=IFCINDEXEDPOLYGONALFACE((485,486,487));
#8647=IFCINDEXEDPOLYGONALFACE((485,487,488));
#8648=IFCINDEXEDPOLYGONALFACE((489,490,491));
#8649=IFCINDEXEDPOLYGONALFACE((489,491,492));
#8650=IFCINDEXEDPOLYGONALFACE((493,494,495));
#8651=IFCINDEXEDPOLYGONALFACE((493,495,496));
#8652=IFCINDEXEDPOLYGONALFACE((497,498,499));
#8653=IFCINDEXEDPOLYGONALFACE((497,499,500));
#8654=IFCINDEXEDPOLYGONALFACE((501,502,503));
#8655=IFCINDEXEDPOLYGONALFACE((501,503,504));
#8656=IFCINDEXEDPOLYGONALFACE((505,506,507));
#8657=IFCINDEXEDPOLYGONALFACE((505,507,508));
#8658=IFCINDEXEDPOLYGONALFACE((509,510,511));
#8659=IFCINDEXEDPOLYGONALFACE((509,511,512));
#8660=IFCINDEXEDPOLYGONALFACE((513,514,515));
#8661=IFCINDEXEDPOLYGONALFACE((513,515,516));
#8662=IFCINDEXEDPOLYGONALFACE((517,518,519));
#8663=IFCINDEXEDPOLYGONALFACE((517,519,520));
#8664=IFCINDEXEDPOLYGONALFACE((521,522,523));
#8665=IFCINDEXEDPOLYGONALFACE((521,523,524));
#8666=IFCINDEXEDPOLYGONALFACE((525,526,527));
#8667=IFCINDEXEDPOLYGONALFACE((525,527,528));
#8668=IFCINDEXEDPOLYGONALFACE((529,530,531));
#8669=IFCINDEXEDPOLYGONALFACE((529,531,532));
#8670=IFCINDEXEDPOLYGONALFACE((533,534,535));
#8671=IFCINDEXEDPOLYGONALFACE((533,535,536));
#8672=IFCINDEXEDPOLYGONALFACE((537,538,539));
#8673=IFCINDEXEDPOLYGONALFACE((537,539,540));
#8674=IFCINDEXEDPOLYGONALFACE((541,542,543));
#8675=IFCINDEXEDPOLYGONALFACE((541,543,544));
#8676=IFCINDEXEDPOLYGONALFACE((545,546,547));
#8677=IFCINDEXEDPOLYGONALFACE((545,547,548));
#8678=IFCINDEXEDPOLYGONALFACE((549,550,551));
#8679=IFCINDEXEDPOLYGONALFACE((549,551,552));
#8680=IFCINDEXEDPOLYGONALFACE((553,554,555));
#8681=IFCINDEXEDPOLYGONALFACE((553,555,556));
#8682=IFCINDEXEDPOLYGONALFACE((557,558,559));
#8683=IFCINDEXEDPOLYGONALFACE((557,559,560));
#8684=IFCINDEXEDPOLYGONALFACE((561,562,563));
#8685=IFCINDEXEDPOLYGONALFACE((561,563,564));
#8686=IFCINDEXEDPOLYGONALFACE((565,566,567));
#8687=IFCINDEXEDPOLYGONALFACE((565,567,568));
#8688=IFCINDEXEDPOLYGONALFACE((569,570,571));
#8689=IFCINDEXEDPOLYGONALFACE((569,571,572));
#8690=IFCINDEXEDPOLYGONALFACE((573,574,575));
#8691=IFCINDEXEDPOLYGONALFACE((573,575,576));
#8692=IFCINDEXEDPOLYGONALFACE((577,578,579));
#8693=IFCINDEXEDPOLYGONALFACE((577,579,580));
#8694=IFCINDEXEDPOLYGONALFACE((581,582,583));
#8695=IFCINDEXEDPOLYGONALFACE((581,583,584));
#8696=IFCINDEXEDPOLYGONALFACE((585,586,587));
#8697=IFCINDEXEDPOLYGONALFACE((585,587,588));
#8698=IFCINDEXEDPOLYGONALFACE((589,590,591));
#8699=IFCINDEXEDPOLYGONALFACE((589,591,592));
#8700=IFCINDEXEDPOLYGONALFACE((593,594,595));
#8701=IFCINDEXEDPOLYGONALFACE((593,595,596));
#8702=IFCINDEXEDPOLYGONALFACE((597,598,599));
#8703=IFCINDEXEDPOLYGONALFACE((597,599,600));
#8704=IFCINDEXEDPOLYGONALFACE((601,602,603));
#8705=IFCINDEXEDPOLYGONALFACE((601,603,604));
#8706=IFCINDEXEDPOLYGONALFACE((605,606,607));
#8707=IFCINDEXEDPOLYGONALFACE((605,607,608));
#8708=IFCINDEXEDPOLYGONALFACE((609,610,611));
#8709=IFCINDEXEDPOLYGONALFACE((609,611,612));
#8710=IFCINDEXEDPOLYGONALFACE((613,614,615));
#8711=IFCINDEXEDPOLYGONALFACE((613,615,616));
#8712=IFCINDEXEDPOLYGONALFACE((617,618,619));
#8713=IFCINDEXEDPOLYGONALFACE((617,619,620));
#8714=IFCINDEXEDPOLYGONALFACE((621,622,623));
#8715=IFCINDEXEDPOLYGONALFACE((621,623,624));
#8716=IFCINDEXEDPOLYGONALFACE((625,626,627));
#8717=IFCINDEXEDPOLYGONALFACE((625,627,628));
#8718=IFCINDEXEDPOLYGONALFACE((629,630,631));
#8719=IFCINDEXEDPOLYGONALFACE((629,631,632));
#8720=IFCINDEXEDPOLYGONALFACE((633,634,635));
#8721=IFCINDEXEDPOLYGONALFACE((633,635,636));
#8722=IFCINDEXEDPOLYGONALFACE((637,638,639));
#8723=IFCINDEXEDPOLYGONALFACE((637,639,640));
#8724=IFCINDEXEDPOLYGONALFACE((641,642,643));
#8725=IFCINDEXEDPOLYGONALFACE((641,643,644));
#8726=IFCINDEXEDPOLYGONALFACE((645,646,647));
#8727=IFCINDEXEDPOLYGONALFACE((645,647,648));
#8728=IFCINDEXEDPOLYGONALFACE((649,650,651));
#8729=IFCINDEXEDPOLYGONALFACE((649,651,652));
#8730=IFCINDEXEDPOLYGONALFACE((653,654,655));
#8731=IFCINDEXEDPOLYGONALFACE((653,655,656));
#8732=IFCINDEXEDPOLYGONALFACE((657,658,659));
#8733=IFCINDEXEDPOLYGONALFACE((657,659,660));
#8734=IFCINDEXEDPOLYGONALFACE((661,662,663));
#8735=IFCINDEXEDPOLYGONALFACE((661,663,664));
#8736=IFCINDEXEDPOLYGONALFACE((665,666,667));
#8737=IFCINDEXEDPOLYGONALFACE((665,667,668));
#8738=IFCINDEXEDPOLYGONALFACE((669,670,671));
#8739=IFCINDEXEDPOLYGONALFACE((669,671,672));
#8740=IFCINDEXEDPOLYGONALFACE((673,674,675));
#8741=IFCINDEXEDPOLYGONALFACE((673,675,676));
#8742=IFCINDEXEDPOLYGONALFACE((677,678,679));
#8743=IFCINDEXEDPOLYGONALFACE((677,679,680));
#8744=IFCINDEXEDPOLYGONALFACE((681,682,683));
#8745=IFCINDEXEDPOLYGONALFACE((681,683,684));
#8746=IFCINDEXEDPOLYGONALFACE((685,686,687));
#8747=IFCINDEXEDPOLYGONALFACE((685,687,688));
#8748=IFCINDEXEDPOLYGONALFACE((689,690,691));
#8749=IFCINDEXEDPOLYGONALFACE((689,691,692));
#8750=IFCINDEXEDPOLYGONALFACE((693,694,695));
#8751=IFCINDEXEDPOLYGONALFACE((693,695,696));
#8752=IFCINDEXEDPOLYGONALFACE((697,698,699));
#8753=IFCINDEXEDPOLYGONALFACE((697,699,700));
#8754=IFCINDEXEDPOLYGONALFACE((701,702,703));
#8755=IFCINDEXEDPOLYGONALFACE((701,703,704));
#8756=IFCINDEXEDPOLYGONALFACE((705,706,707));
#8757=IFCINDEXEDPOLYGONALFACE((705,707,708));
#8758=IFCINDEXEDPOLYGONALFACE((709,710,711));
#8759=IFCINDEXEDPOLYGONALFACE((709,711,712));
#8760=IFCINDEXEDPOLYGONALFACE((713,714,715));
#8761=IFCINDEXEDPOLYGONALFACE((713,715,716));
#8762=IFCINDEXEDPOLYGONALFACE((717,718,719));
#8763=IFCINDEXEDPOLYGONALFACE((717,719,720));
#8764=IFCINDEXEDPOLYGONALFACE((721,722,723));
#8765=IFCINDEXEDPOLYGONALFACE((721,723,724));
#8766=IFCINDEXEDPOLYGONALFACE((725,726,727));
#8767=IFCINDEXEDPOLYGONALFACE((725,727,728));
#8768=IFCINDEXEDPOLYGONALFACE((729,730,731));
#8769=IFCINDEXEDPOLYGONALFACE((729,731,732));
#8770=IFCINDEXEDPOLYGONALFACE((733,734,735));
#8771=IFCINDEXEDPOLYGONALFACE((733,735,736));
#8772=IFCINDEXEDPOLYGONALFACE((737,738,739));
#8773=IFCINDEXEDPOLYGONALFACE((737,739,740));
#8774=IFCINDEXEDPOLYGONALFACE((741,742,743));
#8775=IFCINDEXEDPOLYGONALFACE((741,743,744));
#8776=IFCINDEXEDPOLYGONALFACE((745,746,747));
#8777=IFCINDEXEDPOLYGONALFACE((745,747,748));
#8778=IFCINDEXEDPOLYGONALFACE((749,750,751));
#8779=IFCINDEXEDPOLYGONALFACE((749,751,752));
#8780=IFCINDEXEDPOLYGONALFACE((753,754,755));
#8781=IFCINDEXEDPOLYGONALFACE((753,755,756));
#8782=IFCINDEXEDPOLYGONALFACE((757,758,759));
#8783=IFCINDEXEDPOLYGONALFACE((757,759,760));
#8784=IFCINDEXEDPOLYGONALFACE((761,762,763));
#8785=IFCINDEXEDPOLYGONALFACE((761,763,764));
#8786=IFCINDEXEDPOLYGONALFACE((765,766,767));
#8787=IFCINDEXEDPOLYGONALFACE((765,767,768));
#8788=IFCINDEXEDPOLYGONALFACE((769,770,771));
#8789=IFCINDEXEDPOLYGONALFACE((769,771,772));
#8790=IFCINDEXEDPOLYGONALFACE((773,774,775));
#8791=IFCINDEXEDPOLYGONALFACE((773,775,776));
#8792=IFCINDEXEDPOLYGONALFACE((777,778,779));
#8793=IFCINDEXEDPOLYGONALFACE((777,779,780));
#8794=IFCINDEXEDPOLYGONALFACE((781,782,783));
#8795=IFCINDEXEDPOLYGONALFACE((781,783,784));
#8796=IFCINDEXEDPOLYGONALFACE((785,786,787));
#8797=IFCINDEXEDPOLYGONALFACE((785,787,788));
#8798=IFCINDEXEDPOLYGONALFACE((789,790,791));
#8799=IFCINDEXEDPOLYGONALFACE((789,791,792));
#8800=IFCINDEXEDPOLYGONALFACE((793,794,795));
#8801=IFCINDEXEDPOLYGONALFACE((793,795,796));
#8802=IFCINDEXEDPOLYGONALFACE((797,798,799));
#8803=IFCINDEXEDPOLYGONALFACE((797,799,800));
#8804=IFCINDEXEDPOLYGONALFACE((801,802,803));
#8805=IFCINDEXEDPOLYGONALFACE((801,803,804));
#8806=IFCINDEXEDPOLYGONALFACE((805,806,807));
#8807=IFCINDEXEDPOLYGONALFACE((805,807,808));
#8808=IFCINDEXEDPOLYGONALFACE((809,810,811));
#8809=IFCINDEXEDPOLYGONALFACE((809,811,812));
#8810=IFCINDEXEDPOLYGONALFACE((813,814,815));
#8811=IFCINDEXEDPOLYGONALFACE((813,815,816));
#8812=IFCINDEXEDPOLYGONALFACE((817,818,819));
#8813=IFCINDEXEDPOLYGONALFACE((817,819,820));
#8814=IFCINDEXEDPOLYGONALFACE((821,822,823));
#8815=IFCINDEXEDPOLYGONALFACE((821,823,824));
#8816=IFCINDEXEDPOLYGONALFACE((825,826,827));
#8817=IFCINDEXEDPOLYGONALFACE((825,827,828));
#8818=IFCINDEXEDPOLYGONALFACE((829,830,831));
#8819=IFCINDEXEDPOLYGONALFACE((829,831,832));
#8820=IFCINDEXEDPOLYGONALFACE((833,834,835));
#8821=IFCINDEXEDPOLYGONALFACE((833,835,836));
#8822=IFCINDEXEDPOLYGONALFACE((837,838,839));
#8823=IFCINDEXEDPOLYGONALFACE((837,839,840));
#8824=IFCINDEXEDPOLYGONALFACE((841,842,843));
#8825=IFCINDEXEDPOLYGONALFACE((841,843,844));
#8826=IFCINDEXEDPOLYGONALFACE((845,846,847));
#8827=IFCINDEXEDPOLYGONALFACE((845,847,848));
#8828=IFCINDEXEDPOLYGONALFACE((849,850,851));
#8829=IFCINDEXEDPOLYGONALFACE((849,851,852));
#8830=IFCINDEXEDPOLYGONALFACE((853,854,855));
#8831=IFCINDEXEDPOLYGONALFACE((853,855,856));
#8832=IFCINDEXEDPOLYGONALFACE((857,858,859));
#8833=IFCINDEXEDPOLYGONALFACE((857,859,860));
#8834=IFCINDEXEDPOLYGONALFACE((861,862,863));
#8835=IFCINDEXEDPOLYGONALFACE((861,863,864));
#8836=IFCINDEXEDPOLYGONALFACE((865,866,867));
#8837=IFCINDEXEDPOLYGONALFACE((865,867,868));
#8838=IFCINDEXEDPOLYGONALFACE((869,870,871));
#8839=IFCINDEXEDPOLYGONALFACE((869,871,872));
#8840=IFCINDEXEDPOLYGONALFACE((873,874,875));
#8841=IFCINDEXEDPOLYGONALFACE((873,875,876));
#8842=IFCINDEXEDPOLYGONALFACE((877,878,879));
#8843=IFCINDEXEDPOLYGONALFACE((877,879,880));
#8844=IFCINDEXEDPOLYGONALFACE((881,882,883));
#8845=IFCINDEXEDPOLYGONALFACE((881,883,884));
#8846=IFCINDEXEDPOLYGONALFACE((885,886,887));
#8847=IFCINDEXEDPOLYGONALFACE((885,887,888));
#8848=IFCINDEXEDPOLYGONALFACE((889,890,891));
#8849=IFCINDEXEDPOLYGONALFACE((889,891,892));
#8850=IFCINDEXEDPOLYGONALFACE((893,894,895));
#8851=IFCINDEXEDPOLYGONALFACE((893,895,896));
#8852=IFCINDEXEDPOLYGONALFACE((897,898,899));
#8853=IFCINDEXEDPOLYGONALFACE((897,899,900));
#8854=IFCINDEXEDPOLYGONALFACE((901,902,903));
#8855=IFCINDEXEDPOLYGONALFACE((901,903,904));
#8856=IFCINDEXEDPOLYGONALFACE((905,906,907));
#8857=IFCINDEXEDPOLYGONALFACE((905,907,908));
#8858=IFCINDEXEDPOLYGONALFACE((909,910,911));
#8859=IFCINDEXEDPOLYGONALFACE((909,911,912));
#8860=IFCINDEXEDPOLYGONALFACE((913,914,915));
#8861=IFCINDEXEDPOLYGONALFACE((913,915,916));
#8862=IFCINDEXEDPOLYGONALFACE((917,918,919));
#8863=IFCINDEXEDPOLYGONALFACE((917,919,920));
#8864=IFCINDEXEDPOLYGONALFACE((921,922,923));
#8865=IFCINDEXEDPOLYGONALFACE((921,923,924));
#8866=IFCINDEXEDPOLYGONALFACE((925,926,927));
#8867=IFCINDEXEDPOLYGONALFACE((925,927,928));
#8868=IFCINDEXEDPOLYGONALFACE((929,930,931));
#8869=IFCINDEXEDPOLYGONALFACE((929,931,932));
#8870=IFCINDEXEDPOLYGONALFACE((933,934,935));
#8871=IFCINDEXEDPOLYGONALFACE((933,935,936));
#8872=IFCINDEXEDPOLYGONALFACE((937,938,939));
#8873=IFCINDEXEDPOLYGONALFACE((937,939,940));
#8874=IFCINDEXEDPOLYGONALFACE((941,942,943));
#8875=IFCINDEXEDPOLYGONALFACE((941,943,944));
#8876=IFCINDEXEDPOLYGONALFACE((945,946,947));
#8877=IFCINDEXEDPOLYGONALFACE((945,947,948));
#8878=IFCINDEXEDPOLYGONALFACE((949,950,951));
#8879=IFCINDEXEDPOLYGONALFACE((949,951,952));
#8880=IFCINDEXEDPOLYGONALFACE((953,954,955));
#8881=IFCINDEXEDPOLYGONALFACE((953,955,956));
#8882=IFCINDEXEDPOLYGONALFACE((957,958,959));
#8883=IFCINDEXEDPOLYGONALFACE((957,959,960));
#8884=IFCINDEXEDPOLYGONALFACE((961,962,963));
#8885=IFCINDEXEDPOLYGONALFACE((961,963,964));
#8886=IFCINDEXEDPOLYGONALFACE((965,966,967));
#8887=IFCINDEXEDPOLYGONALFACE((965,967,968));
#8888=IFCINDEXEDPOLYGONALFACE((969,970,971));
#8889=IFCINDEXEDPOLYGONALFACE((969,971,972));
#8890=IFCINDEXEDPOLYGONALFACE((973,974,975));
#8891=IFCINDEXEDPOLYGONALFACE((973,975,976));
#8892=IFCINDEXEDPOLYGONALFACE((977,978,979));
#8893=IFCINDEXEDPOLYGONALFACE((977,979,980));
#8894=IFCINDEXEDPOLYGONALFACE((981,982,983));
#8895=IFCINDEXEDPOLYGONALFACE((981,983,984));
#8896=IFCINDEXEDPOLYGONALFACE((985,986,987));
#8897=IFCINDEXEDPOLYGONALFACE((985,987,988));
#8898=IFCINDEXEDPOLYGONALFACE((989,990,991));
#8899=IFCINDEXEDPOLYGONALFACE((989,991,992));
#8900=IFCINDEXEDPOLYGONALFACE((993,994,995));
#8901=IFCINDEXEDPOLYGONALFACE((993,995,996));
#8902=IFCINDEXEDPOLYGONALFACE((997,998,999));
#8903=IFCINDEXEDPOLYGONALFACE((997,999,1000));
#8904=IFCINDEXEDPOLYGONALFACE((1001,1002,1003));
#8905=IFCINDEXEDPOLYGONALFACE((1001,1003,1004));
#8906=IFCINDEXEDPOLYGONALFACE((1005,1006,1007));
#8907=IFCINDEXEDPOLYGONALFACE((1005,1007,1008));
#8908=IFCINDEXEDPOLYGONALFACE((1009,1010,1011));
#8909=IFCINDEXEDPOLYGONALFACE((1009,1011,1012));
#8910=IFCINDEXEDPOLYGONALFACE((1013,1014,1015));
#8911=IFCINDEXEDPOLYGONALFACE((1013,1015,1016));
#8912=IFCINDEXEDPOLYGONALFACE((1017,1018,1019));
#8913=IFCINDEXEDPOLYGONALFACE((1017,1019,1020));
#8914=IFCINDEXEDPOLYGONALFACE((1021,1022,1023));
#8915=IFCINDEXEDPOLYGONALFACE((1021,1023,1024));
#8916=IFCINDEXEDPOLYGONALFACE((1025,1026,1027));
#8917=IFCINDEXEDPOLYGONALFACE((1025,1027,1028));
#8918=IFCINDEXEDPOLYGONALFACE((1029,1030,1031));
#8919=IFCINDEXEDPOLYGONALFACE((1029,1031,1032));
#8920=IFCINDEXEDPOLYGONALFACE((1033,1034,1035));
#8921=IFCINDEXEDPOLYGONALFACE((1033,1035,1036));
#8922=IFCINDEXEDPOLYGONALFACE((1037,1038,1039));
#8923=IFCINDEXEDPOLYGONALFACE((1037,1039,1040));
#8924=IFCINDEXEDPOLYGONALFACE((1041,1042,1043));
#8925=IFCINDEXEDPOLYGONALFACE((1041,1043,1044));
#8926=IFCINDEXEDPOLYGONALFACE((1045,1046,1047));
#8927=IFCINDEXEDPOLYGONALFACE((1045,1047,1048));
#8928=IFCINDEXEDPOLYGONALFACE((1049,1050,1051));
#8929=IFCINDEXEDPOLYGONALFACE((1049,1051,1052));
#8930=IFCINDEXEDPOLYGONALFACE((1053,1054,1055));
#8931=IFCINDEXEDPOLYGONALFACE((1053,1055,1056));
#8932=IFCINDEXEDPOLYGONALFACE((1057,1058,1059));
#8933=IFCINDEXEDPOLYGONALFACE((1057,1059,1060));
#8934=IFCINDEXEDPOLYGONALFACE((1061,1062,1063));
#8935=IFCINDEXEDPOLYGONALFACE((1061,1063,1064));
#8936=IFCINDEXEDPOLYGONALFACE((1065,1066,1067));
#8937=IFCINDEXEDPOLYGONALFACE((1065,1067,1068));
#8938=IFCINDEXEDPOLYGONALFACE((1069,1070,1071));
#8939=IFCINDEXEDPOLYGONALFACE((1069,1071,1072));
#8940=IFCINDEXEDPOLYGONALFACE((1073,1074,1075));
#8941=IFCINDEXEDPOLYGONALFACE((1073,1075,1076));
#8942=IFCINDEXEDPOLYGONALFACE((1077,1078,1079));
#8943=IFCINDEXEDPOLYGONALFACE((1077,1079,1080));
#8944=IFCINDEXEDPOLYGONALFACE((1081,1082,1083));
#8945=IFCINDEXEDPOLYGONALFACE((1081,1083,1084));
#8946=IFCINDEXEDPOLYGONALFACE((1085,1086,1087));
#8947=IFCINDEXEDPOLYGONALFACE((1085,1087,1088));
#8948=IFCINDEXEDPOLYGONALFACE((1089,1090,1091));
#8949=IFCINDEXEDPOLYGONALFACE((1089,1091,1092));
#8950=IFCINDEXEDPOLYGONALFACE((1093,1094,1095));
#8951=IFCINDEXEDPOLYGONALFACE((1093,1095,1096));
#8952=IFCINDEXEDPOLYGONALFACE((1097,1098,1099));
#8953=IFCINDEXEDPOLYGONALFACE((1097,1099,1100));
#8954=IFCINDEXEDPOLYGONALFACE((1101,1102,1103));
#8955=IFCINDEXEDPOLYGONALFACE((1101,1103,1104));
#8956=IFCINDEXEDPOLYGONALFACE((1105,1106,1107));
#8957=IFCINDEXEDPOLYGONALFACE((1105,1107,1108));
#8958=IFCINDEXEDPOLYGONALFACE((1109,1110,1111));
#8959=IFCINDEXEDPOLYGONALFACE((1109,1111,1112));
#8960=IFCINDEXEDPOLYGONALFACE((1113,1114,1115));
#8961=IFCINDEXEDPOLYGONALFACE((1113,1115,1116));
#8962=IFCINDEXEDPOLYGONALFACE((1117,1118,1119));
#8963=IFCINDEXEDPOLYGONALFACE((1117,1119,1120));
#8964=IFCINDEXEDPOLYGONALFACE((1121,1122,1123));
#8965=IFCINDEXEDPOLYGONALFACE((1121,1123,1124));
#8966=IFCINDEXEDPOLYGONALFACE((1125,1126,1127));
#8967=IFCINDEXEDPOLYGONALFACE((1125,1127,1128));
#8968=IFCINDEXEDPOLYGONALFACE((1129,1130,1131));
#8969=IFCINDEXEDPOLYGONALFACE((1129,1131,1132));
#8970=IFCINDEXEDPOLYGONALFACE((1133,1134,1135));
#8971=IFCINDEXEDPOLYGONALFACE((1133,1135,1136));
#8972=IFCINDEXEDPOLYGONALFACE((1137,1138,1139));
#8973=IFCINDEXEDPOLYGONALFACE((1137,1139,1140));
#8974=IFCINDEXEDPOLYGONALFACE((1141,1142,1143));
#8975=IFCINDEXEDPOLYGONALFACE((1141,1143,1144));
#8976=IFCINDEXEDPOLYGONALFACE((1145,1146,1147));
#8977=IFCINDEXEDPOLYGONALFACE((1145,1147,1148));
#8978=IFCINDEXEDPOLYGONALFACE((1149,1150,1151));
#8979=IFCINDEXEDPOLYGONALFACE((1149,1151,1152));
#8980=IFCINDEXEDPOLYGONALFACE((1153,1154,1155));
#8981=IFCINDEXEDPOLYGONALFACE((1153,1155,1156));
#8982=IFCINDEXEDPOLYGONALFACE((1157,1158,1159));
#8983=IFCINDEXEDPOLYGONALFACE((1157,1159,1160));
#8984=IFCINDEXEDPOLYGONALFACE((1161,1162,1163));
#8985=IFCINDEXEDPOLYGONALFACE((1161,1163,1164));
#8986=IFCINDEXEDPOLYGONALFACE((1165,1166,1167));
#8987=IFCINDEXEDPOLYGONALFACE((1165,1167,1168));
#8988=IFCINDEXEDPOLYGONALFACE((1169,1170,1171));
#8989=IFCINDEXEDPOLYGONALFACE((1169,1171,1172));
#8990=IFCINDEXEDPOLYGONALFACE((1173,1174,1175));
#8991=IFCINDEXEDPOLYGONALFACE((1173,1175,1176));
#8992=IFCINDEXEDPOLYGONALFACE((1177,1178,1179));
#8993=IFCINDEXEDPOLYGONALFACE((1177,1179,1180));
#8994=IFCINDEXEDPOLYGONALFACE((1181,1182,1183));
#8995=IFCINDEXEDPOLYGONALFACE((1181,1183,1184));
#8996=IFCINDEXEDPOLYGONALFACE((1185,1186,1187));
#8997=IFCINDEXEDPOLYGONALFACE((1185,1187,1188));
#8998=IFCINDEXEDPOLYGONALFACE((1189,1190,1191));
#8999=IFCINDEXEDPOLYGONALFACE((1189,1191,1192));
#9000=IFCINDEXEDPOLYGONALFACE((1193,1194,1195));
#9001=IFCINDEXEDPOLYGONALFACE((1193,1195,1196));
#9002=IFCINDEXEDPOLYGONALFACE((1197,1198,1199));
#9003=IFCINDEXEDPOLYGONALFACE((1197,1199,1200));
#9004=IFCINDEXEDPOLYGONALFACE((1201,1202,1203));
#9005=IFCINDEXEDPOLYGONALFACE((1201,1203,1204));
#9006=IFCINDEXEDPOLYGONALFACE((1205,1206,1207));
#9007=IFCINDEXEDPOLYGONALFACE((1205,1207,1208));
#9008=IFCINDEXEDPOLYGONALFACE((1209,1210,1211));
#9009=IFCINDEXEDPOLYGONALFACE((1209,1211,1212));
#9010=IFCINDEXEDPOLYGONALFACE((1213,1214,1215));
#9011=IFCINDEXEDPOLYGONALFACE((1213,1215,1216));
#9012=IFCINDEXEDPOLYGONALFACE((1217,1218,1219));
#9013=IFCINDEXEDPOLYGONALFACE((1217,1219,1220));
#9014=IFCINDEXEDPOLYGONALFACE((1221,1222,1223));
#9015=IFCINDEXEDPOLYGONALFACE((1221,1223,1224));
#9016=IFCINDEXEDPOLYGONALFACE((1225,1226,1227));
#9017=IFCINDEXEDPOLYGONALFACE((1225,1227,1228));
#9018=IFCINDEXEDPOLYGONALFACE((1229,1230,1231));
#9019=IFCINDEXEDPOLYGONALFACE((1229,1231,1232));
#9020=IFCINDEXEDPOLYGONALFACE((1233,1234,1235));
#9021=IFCINDEXEDPOLYGONALFACE((1233,1235,1236));
#9022=IFCINDEXEDPOLYGONALFACE((1237,1238,1239));
#9023=IFCINDEXEDPOLYGONALFACE((1237,1239,1240));
#9024=IFCINDEXEDPOLYGONALFACE((1241,1242,1243));
#9025=IFCINDEXEDPOLYGONALFACE((1241,1243,1244));
#9026=IFCINDEXEDPOLYGONALFACE((1245,1246,1247));
#9027=IFCINDEXEDPOLYGONALFACE((1245,1247,1248));
#9028=IFCINDEXEDPOLYGONALFACE((1249,1250,1251));
#9029=IFCINDEXEDPOLYGONALFACE((1249,1251,1252));
#9030=IFCINDEXEDPOLYGONALFACE((1253,1254,1255));
#9031=IFCINDEXEDPOLYGONALFACE((1253,1255,1256));
#9032=IFCINDEXEDPOLYGONALFACE((1257,1258,1259));
#9033=IFCINDEXEDPOLYGONALFACE((1257,1259,1260));
#9034=IFCINDEXEDPOLYGONALFACE((1261,1262,1263));
#9035=IFCINDEXEDPOLYGONALFACE((1261,1263,1264));
#9036=IFCINDEXEDPOLYGONALFACE((1265,1266,1267));
#9037=IFCINDEXEDPOLYGONALFACE((1265,1267,1268));
#9038=IFCINDEXEDPOLYGONALFACE((1269,1270,1271));
#9039=IFCINDEXEDPOLYGONALFACE((1269,1271,1272));
#9040=IFCINDEXEDPOLYGONALFACE((1273,1274,1275));
#9041=IFCINDEXEDPOLYGONALFACE((1273,1275,1276));
#9042=IFCINDEXEDPOLYGONALFACE((1277,1278,1279));
#9043=IFCINDEXEDPOLYGONALFACE((1277,1279,1280));
#9044=IFCINDEXEDPOLYGONALFACE((1281,1282,1283));
#9045=IFCINDEXEDPOLYGONALFACE((1281,1283,1284));
#9046=IFCINDEXEDPOLYGONALFACE((1285,1286,1287));
#9047=IFCINDEXEDPOLYGONALFACE((1285,1287,1288));
#9048=IFCINDEXEDPOLYGONALFACE((1289,1290,1291));
#9049=IFCINDEXEDPOLYGONALFACE((1289,1291,1292));
#9050=IFCINDEXEDPOLYGONALFACE((1293,1294,1295));
#9051=IFCINDEXEDPOLYGONALFACE((1293,1295,1296));
#9052=IFCINDEXEDPOLYGONALFACE((1297,1298,1299));
#9053=IFCINDEXEDPOLYGONALFACE((1297,1299,1300));
#9054=IFCINDEXEDPOLYGONALFACE((1301,1302,1303));
#9055=IFCINDEXEDPOLYGONALFACE((1301,1303,1304));
#9056=IFCINDEXEDPOLYGONALFACE((1305,1306,1307));
#9057=IFCINDEXEDPOLYGONALFACE((1305,1307,1308));
#9058=IFCINDEXEDPOLYGONALFACE((1309,1310,1311));
#9059=IFCINDEXEDPOLYGONALFACE((1309,1311,1312));
#9060=IFCINDEXEDPOLYGONALFACE((1313,1314,1315));
#9061=IFCINDEXEDPOLYGONALFACE((1313,1315,1316));
#9062=IFCINDEXEDPOLYGONALFACE((1317,1318,1319));
#9063=IFCINDEXEDPOLYGONALFACE((1317,1319,1320));
#9064=IFCINDEXEDPOLYGONALFACE((1321,1322,1323));
#9065=IFCINDEXEDPOLYGONALFACE((1321,1323,1324));
#9066=IFCINDEXEDPOLYGONALFACE((1325,1326,1327));
#9067=IFCINDEXEDPOLYGONALFACE((1325,1327,1328));
#9068=IFCINDEXEDPOLYGONALFACE((1329,1330,1331));
#9069=IFCINDEXEDPOLYGONALFACE((1329,1331,1332));
#9070=IFCINDEXEDPOLYGONALFACE((1333,1334,1335));
#9071=IFCINDEXEDPOLYGONALFACE((1333,1335,1336));
#9072=IFCINDEXEDPOLYGONALFACE((1337,1338,1339));
#9073=IFCINDEXEDPOLYGONALFACE((1337,1339,1340));
#9074=IFCINDEXEDPOLYGONALFACE((1341,1342,1343));
#9075=IFCINDEXEDPOLYGONALFACE((1341,1343,1344));
#9076=IFCINDEXEDPOLYGONALFACE((1345,1346,1347));
#9077=IFCINDEXEDPOLYGONALFACE((1345,1347,1348));
#9078=IFCINDEXEDPOLYGONALFACE((1349,1350,1351));
#9079=IFCINDEXEDPOLYGONALFACE((1349,1351,1352));
#9080=IFCINDEXEDPOLYGONALFACE((1353,1354,1355));
#9081=IFCINDEXEDPOLYGONALFACE((1353,1355,1356));
#9082=IFCINDEXEDPOLYGONALFACE((1357,1358,1359));
#9083=IFCINDEXEDPOLYGONALFACE((1357,1359,1360));
#9084=IFCINDEXEDPOLYGONALFACE((1361,1362,1363));
#9085=IFCINDEXEDPOLYGONALFACE((1361,1363,1364));
#9086=IFCINDEXEDPOLYGONALFACE((1365,1366,1367));
#9087=IFCINDEXEDPOLYGONALFACE((1365,1367,1368));
#9088=IFCINDEXEDPOLYGONALFACE((1369,1370,1371));
#9089=IFCINDEXEDPOLYGONALFACE((1369,1371,1372));
#9090=IFCINDEXEDPOLYGONALFACE((1373,1374,1375));
#9091=IFCINDEXEDPOLYGONALFACE((1373,1375,1376));
#9092=IFCINDEXEDPOLYGONALFACE((1377,1378,1379));
#9093=IFCINDEXEDPOLYGONALFACE((1377,1379,1380));
#9094=IFCINDEXEDPOLYGONALFACE((1381,1382,1383));
#9095=IFCINDEXEDPOLYGONALFACE((1381,1383,1384));
#9096=IFCINDEXEDPOLYGONALFACE((1385,1386,1387));
#9097=IFCINDEXEDPOLYGONALFACE((1385,1387,1388));
#9098=IFCINDEXEDPOLYGONALFACE((1389,1390,1391));
#9099=IFCINDEXEDPOLYGONALFACE((1389,1391,1392));
#9100=IFCINDEXEDPOLYGONALFACE((1393,1394,1395));
#9101=IFCINDEXEDPOLYGONALFACE((1393,1395,1396));
#9102=IFCINDEXEDPOLYGONALFACE((1397,1398,1399));
#9103=IFCINDEXEDPOLYGONALFACE((1397,1399,1400));
#9104=IFCINDEXEDPOLYGONALFACE((1401,1402,1403));
#9105=IFCINDEXEDPOLYGONALFACE((1401,1403,1404));
#9106=IFCINDEXEDPOLYGONALFACE((1405,1406,1407));
#9107=IFCINDEXEDPOLYGONALFACE((1405,1407,1408));
#9108=IFCINDEXEDPOLYGONALFACE((1409,1410,1411));
#9109=IFCINDEXEDPOLYGONALFACE((1409,1411,1412));
#9110=IFCINDEXEDPOLYGONALFACE((1413,1414,1415));
#9111=IFCINDEXEDPOLYGONALFACE((1413,1415,1416));
#9112=IFCINDEXEDPOLYGONALFACE((1417,1418,1419));
#9113=IFCINDEXEDPOLYGONALFACE((1417,1419,1420));
#9114=IFCINDEXEDPOLYGONALFACE((1421,1422,1423));
#9115=IFCINDEXEDPOLYGONALFACE((1421,1423,1424));
#9116=IFCINDEXEDPOLYGONALFACE((1425,1426,1427));
#9117=IFCINDEXEDPOLYGONALFACE((1425,1427,1428));
#9118=IFCINDEXEDPOLYGONALFACE((1429,1430,1431));
#9119=IFCINDEXEDPOLYGONALFACE((1429,1431,1432));
#9120=IFCINDEXEDPOLYGONALFACE((1433,1434,1435));
#9121=IFCINDEXEDPOLYGONALFACE((1433,1435,1436));
#9122=IFCINDEXEDPOLYGONALFACE((1437,1438,1439));
#9123=IFCINDEXEDPOLYGONALFACE((1437,1439,1440));
#9124=IFCINDEXEDPOLYGONALFACE((1441,1442,1443));
#9125=IFCINDEXEDPOLYGONALFACE((1441,1443,1444));
#9126=IFCINDEXEDPOLYGONALFACE((1445,1446,1447));
#9127=IFCINDEXEDPOLYGONALFACE((1445,1447,1448));
#9128=IFCINDEXEDPOLYGONALFACE((1449,1450,1451));
#9129=IFCINDEXEDPOLYGONALFACE((1449,1451,1452));
#9130=IFCINDEXEDPOLYGONALFACE((1453,1454,1455));
#9131=IFCINDEXEDPOLYGONALFACE((1453,1455,1456));
#9132=IFCINDEXEDPOLYGONALFACE((1457,1458,1459));
#9133=IFCINDEXEDPOLYGONALFACE((1457,1459,1460));
#9134=IFCINDEXEDPOLYGONALFACE((1461,1462,1463));
#9135=IFCINDEXEDPOLYGONALFACE((1461,1463,1464));
#9136=IFCINDEXEDPOLYGONALFACE((1465,1466,1467));
#9137=IFCINDEXEDPOLYGONALFACE((1465,1467,1468));
#9138=IFCINDEXEDPOLYGONALFACE((1469,1470,1471));
#9139=IFCINDEXEDPOLYGONALFACE((1469,1471,1472));
#9140=IFCINDEXEDPOLYGONALFACE((1473,1474,1475));
#9141=IFCINDEXEDPOLYGONALFACE((1473,1475,1476));
#9142=IFCINDEXEDPOLYGONALFACE((1477,1478,1479));
#9143=IFCINDEXEDPOLYGONALFACE((1477,1479,1480));
#9144=IFCINDEXEDPOLYGONALFACE((1481,1482,1483));
#9145=IFCINDEXEDPOLYGONALFACE((1481,1483,1484));
#9146=IFCINDEXEDPOLYGONALFACE((1485,1486,1487));
#9147=IFCINDEXEDPOLYGONALFACE((1485,1487,1488));
#9148=IFCINDEXEDPOLYGONALFACE((1489,1490,1491));
#9149=IFCINDEXEDPOLYGONALFACE((1489,1491,1492));
#9150=IFCINDEXEDPOLYGONALFACE((1493,1494,1495));
#9151=IFCINDEXEDPOLYGONALFACE((1493,1495,1496));
#9152=IFCINDEXEDPOLYGONALFACE((1497,1498,1499));
#9153=IFCINDEXEDPOLYGONALFACE((1497,1499,1500));
#9154=IFCINDEXEDPOLYGONALFACE((1501,1502,1503));
#9155=IFCINDEXEDPOLYGONALFACE((1501,1503,1504));
#9156=IFCINDEXEDPOLYGONALFACE((1505,1506,1507));
#9157=IFCINDEXEDPOLYGONALFACE((1505,1507,1508));
#9158=IFCINDEXEDPOLYGONALFACE((1509,1510,1511));
#9159=IFCINDEXEDPOLYGONALFACE((1509,1511,1512));
#9160=IFCINDEXEDPOLYGONALFACE((1513,1514,1515));
#9161=IFCINDEXEDPOLYGONALFACE((1513,1515,1516));
#9162=IFCINDEXEDPOLYGONALFACE((1517,1518,1519));
#9163=IFCINDEXEDPOLYGONALFACE((1517,1519,1520));
#9164=IFCINDEXEDPOLYGONALFACE((1521,1522,1523));
#9165=IFCINDEXEDPOLYGONALFACE((1521,1523,1524));
#9166=IFCINDEXEDPOLYGONALFACE((1525,1526,1527));
#9167=IFCINDEXEDPOLYGONALFACE((1525,1527,1528));
#9168=IFCINDEXEDPOLYGONALFACE((1529,1530,1531));
#9169=IFCINDEXEDPOLYGONALFACE((1529,1531,1532));
#9170=IFCINDEXEDPOLYGONALFACE((1533,1534,1535));
#9171=IFCINDEXEDPOLYGONALFACE((1533,1535,1536));
#9172=IFCINDEXEDPOLYGONALFACE((1537,1538,1539));
#9173=IFCINDEXEDPOLYGONALFACE((1537,1539,1540));
#9174=IFCINDEXEDPOLYGONALFACE((1541,1542,1543));
#9175=IFCINDEXEDPOLYGONALFACE((1541,1543,1544));
#9176=IFCINDEXEDPOLYGONALFACE((1545,1546,1547));
#9177=IFCINDEXEDPOLYGONALFACE((1545,1547,1548));
#9178=IFCINDEXEDPOLYGONALFACE((1549,1550,1551));
#9179=IFCINDEXEDPOLYGONALFACE((1549,1551,1552));
#9180=IFCINDEXEDPOLYGONALFACE((1553,1554,1555));
#9181=IFCINDEXEDPOLYGONALFACE((1553,1555,1556));
#9182=IFCINDEXEDPOLYGONALFACE((1557,1558,1559));
#9183=IFCINDEXEDPOLYGONALFACE((1557,1559,1560));
#9184=IFCINDEXEDPOLYGONALFACE((1561,1562,1563));
#9185=IFCINDEXEDPOLYGONALFACE((1561,1563,1564));
#9186=IFCINDEXEDPOLYGONALFACE((1565,1566,1567));
#9187=IFCINDEXEDPOLYGONALFACE((1565,1567,1568));
#9188=IFCINDEXEDPOLYGONALFACE((1569,1570,1571));
#9189=IFCINDEXEDPOLYGONALFACE((1569,1571,1572));
#9190=IFCINDEXEDPOLYGONALFACE((1573,1574,1575));
#9191=IFCINDEXEDPOLYGONALFACE((1573,1575,1576));
#9192=IFCINDEXEDPOLYGONALFACE((1577,1578,1579));
#9193=IFCINDEXEDPOLYGONALFACE((1577,1579,1580));
#9194=IFCINDEXEDPOLYGONALFACE((1581,1582,1583));
#9195=IFCINDEXEDPOLYGONALFACE((1581,1583,1584));
#9196=IFCINDEXEDPOLYGONALFACE((1585,1586,1587));
#9197=IFCINDEXEDPOLYGONALFACE((1585,1587,1588));
#9198=IFCINDEXEDPOLYGONALFACE((1589,1590,1591));
#9199=IFCINDEXEDPOLYGONALFACE((1589,1591,1592));
#9200=IFCINDEXEDPOLYGONALFACE((1593,1594,1595));
#9201=IFCINDEXEDPOLYGONALFACE((1593,1595,1596));
#9202=IFCINDEXEDPOLYGONALFACE((1597,1598,1599));
#9203=IFCINDEXEDPOLYGONALFACE((1597,1599,1600));
#9204=IFCINDEXEDPOLYGONALFACE((1601,1602,1603));
#9205=IFCINDEXEDPOLYGONALFACE((1601,1603,1604));
#9206=IFCINDEXEDPOLYGONALFACE((1605,1606,1607));
#9207=IFCINDEXEDPOLYGONALFACE((1605,1607,1608));
#9208=IFCINDEXEDPOLYGONALFACE((1609,1610,1611));
#9209=IFCINDEXEDPOLYGONALFACE((1609,1611,1612));
#9210=IFCINDEXEDPOLYGONALFACE((1613,1614,1615));
#9211=IFCINDEXEDPOLYGONALFACE((1613,1615,1616));
#9212=IFCINDEXEDPOLYGONALFACE((1617,1618,1619));
#9213=IFCINDEXEDPOLYGONALFACE((1617,1619,1620));
#9214=IFCINDEXEDPOLYGONALFACE((1621,1622,1623));
#9215=IFCINDEXEDPOLYGONALFACE((1621,1623,1624));
#9216=IFCINDEXEDPOLYGONALFACE((1625,1626,1627));
#9217=IFCINDEXEDPOLYGONALFACE((1625,1627,1628));
#9218=IFCINDEXEDPOLYGONALFACE((1629,1630,1631));
#9219=IFCINDEXEDPOLYGONALFACE((1629,1631,1632));
#9220=IFCINDEXEDPOLYGONALFACE((1633,1634,1635));
#9221=IFCINDEXEDPOLYGONALFACE((1633,1635,1636));
#9222=IFCINDEXEDPOLYGONALFACE((1637,1638,1639));
#9223=IFCINDEXEDPOLYGONALFACE((1637,1639,1640));
#9224=IFCINDEXEDPOLYGONALFACE((1641,1642,1643));
#9225=IFCINDEXEDPOLYGONALFACE((1641,1643,1644));
#9226=IFCINDEXEDPOLYGONALFACE((1645,1646,1647));
#9227=IFCINDEXEDPOLYGONALFACE((1645,1647,1648));
#9228=IFCINDEXEDPOLYGONALFACE((1649,1650,1651));
#9229=IFCINDEXEDPOLYGONALFACE((1649,1651,1652));
#9230=IFCINDEXEDPOLYGONALFACE((1653,1654,1655));
#9231=IFCINDEXEDPOLYGONALFACE((1653,1655,1656));
#9232=IFCINDEXEDPOLYGONALFACE((1657,1658,1659));
#9233=IFCINDEXEDPOLYGONALFACE((1657,1659,1660));
#9234=IFCINDEXEDPOLYGONALFACE((1661,1662,1663));
#9235=IFCINDEXEDPOLYGONALFACE((1661,1663,1664));
#9236=IFCINDEXEDPOLYGONALFACE((1665,1666,1667));
#9237=IFCINDEXEDPOLYGONALFACE((1665,1667,1668));
#9238=IFCINDEXEDPOLYGONALFACE((1669,1670,1671));
#9239=IFCINDEXEDPOLYGONALFACE((1669,1671,1672));
#9240=IFCINDEXEDPOLYGONALFACE((1673,1674,1675));
#9241=IFCINDEXEDPOLYGONALFACE((1673,1675,1676));
#9242=IFCINDEXEDPOLYGONALFACE((1677,1678,1679));
#9243=IFCINDEXEDPOLYGONALFACE((1677,1679,1680));
#9244=IFCINDEXEDPOLYGONALFACE((1681,1682,1683));
#9245=IFCINDEXEDPOLYGONALFACE((1681,1683,1684));
#9246=IFCINDEXEDPOLYGONALFACE((1685,1686,1687));
#9247=IFCINDEXEDPOLYGONALFACE((1685,1687,1688));
#9248=IFCINDEXEDPOLYGONALFACE((1689,1690,1691));
#9249=IFCINDEXEDPOLYGONALFACE((1689,1691,1692));
#9250=IFCINDEXEDPOLYGONALFACE((1693,1694,1695));
#9251=IFCINDEXEDPOLYGONALFACE((1693,1695,1696));
#9252=IFCINDEXEDPOLYGONALFACE((1697,1698,1699));
#9253=IFCINDEXEDPOLYGONALFACE((1697,1699,1700));
#9254=IFCINDEXEDPOLYGONALFACE((1701,1702,1703));
#9255=IFCINDEXEDPOLYGONALFACE((1701,1703,1704));
#9256=IFCINDEXEDPOLYGONALFACE((1705,1706,1707));
#9257=IFCINDEXEDPOLYGONALFACE((1705,1707,1708));
#9258=IFCINDEXEDPOLYGONALFACE((1709,1710,1711));
#9259=IFCINDEXEDPOLYGONALFACE((1709,1711,1712));
#9260=IFCINDEXEDPOLYGONALFACE((1713,1714,1715));
#9261=IFCINDEXEDPOLYGONALFACE((1713,1715,1716));
#9262=IFCINDEXEDPOLYGONALFACE((1717,1718,1719));
#9263=IFCINDEXEDPOLYGONALFACE((1717,1719,1720));
#9264=IFCINDEXEDPOLYGONALFACE((1721,1722,1723));
#9265=IFCINDEXEDPOLYGONALFACE((1721,1723,1724));
#9266=IFCINDEXEDPOLYGONALFACE((1725,1726,1727));
#9267=IFCINDEXEDPOLYGONALFACE((1725,1727,1728));
#9268=IFCINDEXEDPOLYGONALFACE((1729,1730,1731));
#9269=IFCINDEXEDPOLYGONALFACE((1729,1731,1732));
#9270=IFCINDEXEDPOLYGONALFACE((1733,1734,1735));
#9271=IFCINDEXEDPOLYGONALFACE((1733,1735,1736));
#9272=IFCINDEXEDPOLYGONALFACE((1737,1738,1739));
#9273=IFCINDEXEDPOLYGONALFACE((1737,1739,1740));
#9274=IFCINDEXEDPOLYGONALFACE((1741,1742,1743));
#9275=IFCINDEXEDPOLYGONALFACE((1741,1743,1744));
#9276=IFCINDEXEDPOLYGONALFACE((1745,1746,1747));
#9277=IFCINDEXEDPOLYGONALFACE((1745,1747,1748));
#9278=IFCINDEXEDPOLYGONALFACE((1749,1750,1751));
#9279=IFCINDEXEDPOLYGONALFACE((1749,1751,1752));
#9280=IFCINDEXEDPOLYGONALFACE((1753,1754,1755));
#9281=IFCINDEXEDPOLYGONALFACE((1753,1755,1756));
#9282=IFCINDEXEDPOLYGONALFACE((1757,1758,1759));
#9283=IFCINDEXEDPOLYGONALFACE((1757,1759,1760));
#9284=IFCINDEXEDPOLYGONALFACE((1761,1762,1763));
#9285=IFCINDEXEDPOLYGONALFACE((1761,1763,1764));
#9286=IFCINDEXEDPOLYGONALFACE((1765,1766,1767));
#9287=IFCINDEXEDPOLYGONALFACE((1765,1767,1768));
#9288=IFCINDEXEDPOLYGONALFACE((1769,1770,1771));
#9289=IFCINDEXEDPOLYGONALFACE((1769,1771,1772));
#9290=IFCINDEXEDPOLYGONALFACE((1773,1774,1775));
#9291=IFCINDEXEDPOLYGONALFACE((1773,1775,1776));
#9292=IFCINDEXEDPOLYGONALFACE((1777,1778,1779));
#9293=IFCINDEXEDPOLYGONALFACE((1777,1779,1780));
#9294=IFCINDEXEDPOLYGONALFACE((1781,1782,1783));
#9295=IFCINDEXEDPOLYGONALFACE((1781,1783,1784));
#9296=IFCINDEXEDPOLYGONALFACE((1785,1786,1787));
#9297=IFCINDEXEDPOLYGONALFACE((1785,1787,1788));
#9298=IFCINDEXEDPOLYGONALFACE((1789,1790,1791));
#9299=IFCINDEXEDPOLYGONALFACE((1789,1791,1792));
#9300=IFCINDEXEDPOLYGONALFACE((1793,1794,1795));
#9301=IFCINDEXEDPOLYGONALFACE((1793,1795,1796));
#9302=IFCINDEXEDPOLYGONALFACE((1797,1798,1799));
#9303=IFCINDEXEDPOLYGONALFACE((1797,1799,1800));
#9304=IFCINDEXEDPOLYGONALFACE((1801,1802,1803));
#9305=IFCINDEXEDPOLYGONALFACE((1801,1803,1804));
#9306=IFCINDEXEDPOLYGONALFACE((1805,1806,1807));
#9307=IFCINDEXEDPOLYGONALFACE((1805,1807,1808));
#9308=IFCINDEXEDPOLYGONALFACE((1809,1810,1811));
#9309=IFCINDEXEDPOLYGONALFACE((1809,1811,1812));
#9310=IFCINDEXEDPOLYGONALFACE((1813,1814,1815));
#9311=IFCINDEXEDPOLYGONALFACE((1813,1815,1816));
#9312=IFCINDEXEDPOLYGONALFACE((1817,1818,1819));
#9313=IFCINDEXEDPOLYGONALFACE((1817,1819,1820));
#9314=IFCINDEXEDPOLYGONALFACE((1821,1822,1823));
#9315=IFCINDEXEDPOLYGONALFACE((1821,1823,1824));
#9316=IFCINDEXEDPOLYGONALFACE((1825,1826,1827));
#9317=IFCINDEXEDPOLYGONALFACE((1825,1827,1828));
#9318=IFCINDEXEDPOLYGONALFACE((1829,1830,1831));
#9319=IFCINDEXEDPOLYGONALFACE((1829,1831,1832));
#9320=IFCINDEXEDPOLYGONALFACE((1833,1834,1835));
#9321=IFCINDEXEDPOLYGONALFACE((1833,1835,1836));
#9322=IFCINDEXEDPOLYGONALFACE((1837,1838,1839));
#9323=IFCINDEXEDPOLYGONALFACE((1837,1839,1840));
#9324=IFCINDEXEDPOLYGONALFACE((1841,1842,1843));
#9325=IFCINDEXEDPOLYGONALFACE((1841,1843,1844));
#9326=IFCINDEXEDPOLYGONALFACE((1845,1846,1847));
#9327=IFCINDEXEDPOLYGONALFACE((1845,1847,1848));
#9328=IFCINDEXEDPOLYGONALFACE((1849,1850,1851));
#9329=IFCINDEXEDPOLYGONALFACE((1849,1851,1852));
#9330=IFCINDEXEDPOLYGONALFACE((1853,1854,1855));
#9331=IFCINDEXEDPOLYGONALFACE((1853,1855,1856));
#9332=IFCINDEXEDPOLYGONALFACE((1857,1858,1859));
#9333=IFCINDEXEDPOLYGONALFACE((1857,1859,1860));
#9334=IFCINDEXEDPOLYGONALFACE((1861,1862,1863));
#9335=IFCINDEXEDPOLYGONALFACE((1861,1863,1864));
#9336=IFCINDEXEDPOLYGONALFACE((1865,1866,1867));
#9337=IFCINDEXEDPOLYGONALFACE((1865,1867,1868));
#9338=IFCINDEXEDPOLYGONALFACE((1869,1870,1871));
#9339=IFCINDEXEDPOLYGONALFACE((1869,1871,1872));
#9340=IFCINDEXEDPOLYGONALFACE((1873,1874,1875));
#9341=IFCINDEXEDPOLYGONALFACE((1873,1875,1876));
#9342=IFCINDEXEDPOLYGONALFACE((1877,1878,1879));
#9343=IFCINDEXEDPOLYGONALFACE((1877,1879,1880));
#9344=IFCINDEXEDPOLYGONALFACE((1881,1882,1883));
#9345=IFCINDEXEDPOLYGONALFACE((1881,1883,1884));
#9346=IFCINDEXEDPOLYGONALFACE((1885,1886,1887));
#9347=IFCINDEXEDPOLYGONALFACE((1885,1887,1888));
#9348=IFCINDEXEDPOLYGONALFACE((1889,1890,1891));
#9349=IFCINDEXEDPOLYGONALFACE((1889,1891,1892));
#9350=IFCINDEXEDPOLYGONALFACE((1893,1894,1895));
#9351=IFCINDEXEDPOLYGONALFACE((1893,1895,1896));
#9352=IFCINDEXEDPOLYGONALFACE((1897,1898,1899));
#9353=IFCINDEXEDPOLYGONALFACE((1897,1899,1900));
#9354=IFCINDEXEDPOLYGONALFACE((1901,1902,1903));
#9355=IFCINDEXEDPOLYGONALFACE((1901,1903,1904));
#9356=IFCINDEXEDPOLYGONALFACE((1905,1906,1907));
#9357=IFCINDEXEDPOLYGONALFACE((1905,1907,1908));
#9358=IFCINDEXEDPOLYGONALFACE((1909,1910,1911));
#9359=IFCINDEXEDPOLYGONALFACE((1909,1911,1912));
#9360=IFCINDEXEDPOLYGONALFACE((1913,1914,1915));
#9361=IFCINDEXEDPOLYGONALFACE((1913,1915,1916));
#9362=IFCINDEXEDPOLYGONALFACE((1917,1918,1919));
#9363=IFCINDEXEDPOLYGONALFACE((1917,1919,1920));
#9364=IFCINDEXEDPOLYGONALFACE((1921,1922,1923));
#9365=IFCINDEXEDPOLYGONALFACE((1921,1923,1924));
#9366=IFCINDEXEDPOLYGONALFACE((1925,1926,1927));
#9367=IFCINDEXEDPOLYGONALFACE((1925,1927,1928));
#9368=IFCINDEXEDPOLYGONALFACE((1929,1930,1931));
#9369=IFCINDEXEDPOLYGONALFACE((1929,1931,1932));
#9370=IFCINDEXEDPOLYGONALFACE((1933,1934,1935));
#9371=IFCINDEXEDPOLYGONALFACE((1933,1935,1936));
#9372=IFCINDEXEDPOLYGONALFACE((1937,1938,1939));
#9373=IFCINDEXEDPOLYGONALFACE((1937,1939,1940));
#9374=IFCINDEXEDPOLYGONALFACE((1941,1942,1943));
#9375=IFCINDEXEDPOLYGONALFACE((1941,1943,1944));
#9376=IFCINDEXEDPOLYGONALFACE((1945,1946,1947));
#9377=IFCINDEXEDPOLYGONALFACE((1945,1947,1948));
#9378=IFCINDEXEDPOLYGONALFACE((1949,1950,1951));
#9379=IFCINDEXEDPOLYGONALFACE((1949,1951,1952));
#9380=IFCINDEXEDPOLYGONALFACE((1953,1954,1955));
#9381=IFCINDEXEDPOLYGONALFACE((1953,1955,1956));
#9382=IFCINDEXEDPOLYGONALFACE((1957,1958,1959));
#9383=IFCINDEXEDPOLYGONALFACE((1957,1959,1960));
#9384=IFCINDEXEDPOLYGONALFACE((1961,1962,1963));
#9385=IFCINDEXEDPOLYGONALFACE((1961,1963,1964));
#9386=IFCINDEXEDPOLYGONALFACE((1965,1966,1967));
#9387=IFCINDEXEDPOLYGONALFACE((1965,1967,1968));
#9388=IFCINDEXEDPOLYGONALFACE((1969,1970,1971));
#9389=IFCINDEXEDPOLYGONALFACE((1969,1971,1972));
#9390=IFCINDEXEDPOLYGONALFACE((1973,1974,1975));
#9391=IFCINDEXEDPOLYGONALFACE((1973,1975,1976));
#9392=IFCINDEXEDPOLYGONALFACE((1977,1978,1979));
#9393=IFCINDEXEDPOLYGONALFACE((1977,1979,1980));
#9394=IFCINDEXEDPOLYGONALFACE((1981,1982,1983));
#9395=IFCINDEXEDPOLYGONALFACE((1981,1983,1984));
#9396=IFCINDEXEDPOLYGONALFACE((1985,1986,1987));
#9397=IFCINDEXEDPOLYGONALFACE((1985,1987,1988));
#9398=IFCINDEXEDPOLYGONALFACE((1989,1990,1991));
#9399=IFCINDEXEDPOLYGONALFACE((1989,1991,1992));
#9400=IFCINDEXEDPOLYGONALFACE((1993,1994,1995));
#9401=IFCINDEXEDPOLYGONALFACE((1993,1995,1996));
#9402=IFCINDEXEDPOLYGONALFACE((1997,1998,1999));
#9403=IFCINDEXEDPOLYGONALFACE((1997,1999,2000));
#9404=IFCINDEXEDPOLYGONALFACE((2001,2002,2003));
#9405=IFCINDEXEDPOLYGONALFACE((2001,2003,2004));
#9406=IFCINDEXEDPOLYGONALFACE((2005,2006,2007));
#9407=IFCINDEXEDPOLYGONALFACE((2005,2007,2008));
#9408=IFCINDEXEDPOLYGONALFACE((2009,2010,2011));
#9409=IFCINDEXEDPOLYGONALFACE((2009,2011,2012));
#9410=IFCINDEXEDPOLYGONALFACE((2013,2014,2015));
#9411=IFCINDEXEDPOLYGONALFACE((2013,2015,2016));
#9412=IFCINDEXEDPOLYGONALFACE((2017,2018,2019));
#9413=IFCINDEXEDPOLYGONALFACE((2017,2019,2020));
#9414=IFCINDEXEDPOLYGONALFACE((2021,2022,2023));
#9415=IFCINDEXEDPOLYGONALFACE((2021,2023,2024));
#9416=IFCINDEXEDPOLYGONALFACE((2025,2026,2027));
#9417=IFCINDEXEDPOLYGONALFACE((2025,2027,2028));
#9418=IFCINDEXEDPOLYGONALFACE((2029,2030,2031));
#9419=IFCINDEXEDPOLYGONALFACE((2029,2031,2032));
#9420=IFCINDEXEDPOLYGONALFACE((2033,2034,2035));
#9421=IFCINDEXEDPOLYGONALFACE((2033,2035,2036));
#9422=IFCINDEXEDPOLYGONALFACE((2037,2038,2039));
#9423=IFCINDEXEDPOLYGONALFACE((2037,2039,2040));
#9424=IFCINDEXEDPOLYGONALFACE((2041,2042,2043));
#9425=IFCINDEXEDPOLYGONALFACE((2041,2043,2044));
#9426=IFCINDEXEDPOLYGONALFACE((2045,2046,2047));
#9427=IFCINDEXEDPOLYGONALFACE((2045,2047,2048));
#9428=IFCINDEXEDPOLYGONALFACE((2049,2050,2051));
#9429=IFCINDEXEDPOLYGONALFACE((2049,2051,2052));
#9430=IFCINDEXEDPOLYGONALFACE((2053,2054,2055));
#9431=IFCINDEXEDPOLYGONALFACE((2053,2055,2056));
#9432=IFCINDEXEDPOLYGONALFACE((2057,2058,2059));
#9433=IFCINDEXEDPOLYGONALFACE((2057,2059,2060));
#9434=IFCINDEXEDPOLYGONALFACE((2061,2062,2063));
#9435=IFCINDEXEDPOLYGONALFACE((2061,2063,2064));
#9436=IFCINDEXEDPOLYGONALFACE((2065,2066,2067));
#9437=IFCINDEXEDPOLYGONALFACE((2065,2067,2068));
#9438=IFCINDEXEDPOLYGONALFACE((2069,2070,2071));
#9439=IFCINDEXEDPOLYGONALFACE((2069,2071,2072));
#9440=IFCINDEXEDPOLYGONALFACE((2073,2074,2075));
#9441=IFCINDEXEDPOLYGONALFACE((2073,2075,2076));
#9442=IFCINDEXEDPOLYGONALFACE((2077,2078,2079));
#9443=IFCINDEXEDPOLYGONALFACE((2077,2079,2080));
#9444=IFCINDEXEDPOLYGONALFACE((2081,2082,2083));
#9445=IFCINDEXEDPOLYGONALFACE((2081,2083,2084));
#9446=IFCINDEXEDPOLYGONALFACE((2085,2086,2087));
#9447=IFCINDEXEDPOLYGONALFACE((2085,2087,2088));
#9448=IFCINDEXEDPOLYGONALFACE((2089,2090,2091));
#9449=IFCINDEXEDPOLYGONALFACE((2089,2091,2092));
#9450=IFCINDEXEDPOLYGONALFACE((2093,2094,2095));
#9451=IFCINDEXEDPOLYGONALFACE((2093,2095,2096));
#9452=IFCINDEXEDPOLYGONALFACE((2097,2098,2099));
#9453=IFCINDEXEDPOLYGONALFACE((2097,2099,2100));
#9454=IFCINDEXEDPOLYGONALFACE((2101,2102,2103));
#9455=IFCINDEXEDPOLYGONALFACE((2101,2103,2104));
#9456=IFCINDEXEDPOLYGONALFACE((2105,2106,2107));
#9457=IFCINDEXEDPOLYGONALFACE((2105,2107,2108));
#9458=IFCINDEXEDPOLYGONALFACE((2109,2110,2111));
#9459=IFCINDEXEDPOLYGONALFACE((2109,2111,2112));
#9460=IFCINDEXEDPOLYGONALFACE((2113,2114,2115));
#9461=IFCINDEXEDPOLYGONALFACE((2113,2115,2116));
#9462=IFCINDEXEDPOLYGONALFACE((2117,2118,2119));
#9463=IFCINDEXEDPOLYGONALFACE((2117,2119,2120));
#9464=IFCINDEXEDPOLYGONALFACE((2121,2122,2123));
#9465=IFCINDEXEDPOLYGONALFACE((2121,2123,2124));
#9466=IFCINDEXEDPOLYGONALFACE((2125,2126,2127));
#9467=IFCINDEXEDPOLYGONALFACE((2125,2127,2128));
#9468=IFCINDEXEDPOLYGONALFACE((2129,2130,2131));
#9469=IFCINDEXEDPOLYGONALFACE((2129,2131,2132));
#9470=IFCINDEXEDPOLYGONALFACE((2133,2134,2135));
#9471=IFCINDEXEDPOLYGONALFACE((2133,2135,2136));
#9472=IFCINDEXEDPOLYGONALFACE((2137,2138,2139));
#9473=IFCINDEXEDPOLYGONALFACE((2137,2139,2140));
#9474=IFCINDEXEDPOLYGONALFACE((2141,2142,2143));
#9475=IFCINDEXEDPOLYGONALFACE((2141,2143,2144));
#9476=IFCINDEXEDPOLYGONALFACE((2145,2146,2147));
#9477=IFCINDEXEDPOLYGONALFACE((2145,2147,2148));
#9478=IFCINDEXEDPOLYGONALFACE((2149,2150,2151));
#9479=IFCINDEXEDPOLYGONALFACE((2149,2151,2152));
#9480=IFCINDEXEDPOLYGONALFACE((2153,2154,2155));
#9481=IFCINDEXEDPOLYGONALFACE((2153,2155,2156));
#9482=IFCINDEXEDPOLYGONALFACE((2157,2158,2159));
#9483=IFCINDEXEDPOLYGONALFACE((2157,2159,2160));
#9484=IFCINDEXEDPOLYGONALFACE((2161,2162,2163));
#9485=IFCINDEXEDPOLYGONALFACE((2161,2163,2164));
#9486=IFCINDEXEDPOLYGONALFACE((2165,2166,2167));
#9487=IFCINDEXEDPOLYGONALFACE((2165,2167,2168));
#9488=IFCINDEXEDPOLYGONALFACE((2169,2170,2171));
#9489=IFCINDEXEDPOLYGONALFACE((2169,2171,2172));
#9490=IFCINDEXEDPOLYGONALFACE((2173,2174,2175));
#9491=IFCINDEXEDPOLYGONALFACE((2173,2175,2176));
#9492=IFCINDEXEDPOLYGONALFACE((2177,2178,2179));
#9493=IFCINDEXEDPOLYGONALFACE((2177,2179,2180));
#9494=IFCINDEXEDPOLYGONALFACE((2181,2182,2183));
#9495=IFCINDEXEDPOLYGONALFACE((2181,2183,2184));
#9496=IFCINDEXEDPOLYGONALFACE((2185,2186,2187));
#9497=IFCINDEXEDPOLYGONALFACE((2185,2187,2188));
#9498=IFCINDEXEDPOLYGONALFACE((2189,2190,2191));
#9499=IFCINDEXEDPOLYGONALFACE((2189,2191,2192));
#9500=IFCINDEXEDPOLYGONALFACE((2193,2194,2195));
#9501=IFCINDEXEDPOLYGONALFACE((2193,2195,2196));
#9502=IFCINDEXEDPOLYGONALFACE((2197,2198,2199));
#9503=IFCINDEXEDPOLYGONALFACE((2197,2199,2200));
#9504=IFCINDEXEDPOLYGONALFACE((2201,2202,2203));
#9505=IFCINDEXEDPOLYGONALFACE((2201,2203,2204));
#9506=IFCINDEXEDPOLYGONALFACE((2205,2206,2207));
#9507=IFCINDEXEDPOLYGONALFACE((2205,2207,2208));
#9508=IFCINDEXEDPOLYGONALFACE((2209,2210,2211));
#9509=IFCINDEXEDPOLYGONALFACE((2209,2211,2212));
#9510=IFCINDEXEDPOLYGONALFACE((2213,2214,2215));
#9511=IFCINDEXEDPOLYGONALFACE((2213,2215,2216));
#9512=IFCINDEXEDPOLYGONALFACE((2217,2218,2219));
#9513=IFCINDEXEDPOLYGONALFACE((2217,2219,2220));
#9514=IFCINDEXEDPOLYGONALFACE((2221,2222,2223));
#9515=IFCINDEXEDPOLYGONALFACE((2221,2223,2224));
#9516=IFCINDEXEDPOLYGONALFACE((2225,2226,2227));
#9517=IFCINDEXEDPOLYGONALFACE((2225,2227,2228));
#9518=IFCINDEXEDPOLYGONALFACE((2229,2230,2231));
#9519=IFCINDEXEDPOLYGONALFACE((2229,2231,2232));
#9520=IFCINDEXEDPOLYGONALFACE((2233,2234,2235));
#9521=IFCINDEXEDPOLYGONALFACE((2233,2235,2236));
#9522=IFCINDEXEDPOLYGONALFACE((2237,2238,2239));
#9523=IFCINDEXEDPOLYGONALFACE((2237,2239,2240));
#9524=IFCINDEXEDPOLYGONALFACE((2241,2242,2243));
#9525=IFCINDEXEDPOLYGONALFACE((2241,2243,2244));
#9526=IFCINDEXEDPOLYGONALFACE((2245,2246,2247));
#9527=IFCINDEXEDPOLYGONALFACE((2245,2247,2248));
#9528=IFCINDEXEDPOLYGONALFACE((2249,2250,2251));
#9529=IFCINDEXEDPOLYGONALFACE((2249,2251,2252));
#9530=IFCINDEXEDPOLYGONALFACE((2253,2254,2255));
#9531=IFCINDEXEDPOLYGONALFACE((2253,2255,2256));
#9532=IFCINDEXEDPOLYGONALFACE((2257,2258,2259));
#9533=IFCINDEXEDPOLYGONALFACE((2257,2259,2260));
#9534=IFCINDEXEDPOLYGONALFACE((2261,2262,2263));
#9535=IFCINDEXEDPOLYGONALFACE((2261,2263,2264));
#9536=IFCINDEXEDPOLYGONALFACE((2265,2266,2267));
#9537=IFCINDEXEDPOLYGONALFACE((2265,2267,2268));
#9538=IFCINDEXEDPOLYGONALFACE((2269,2270,2271));
#9539=IFCINDEXEDPOLYGONALFACE((2269,2271,2272));
#9540=IFCINDEXEDPOLYGONALFACE((2273,2274,2275));
#9541=IFCINDEXEDPOLYGONALFACE((2273,2275,2276));
#9542=IFCINDEXEDPOLYGONALFACE((2277,2278,2279));
#9543=IFCINDEXEDPOLYGONALFACE((2277,2279,2280));
#9544=IFCINDEXEDPOLYGONALFACE((2281,2282,2283));
#9545=IFCINDEXEDPOLYGONALFACE((2281,2283,2284));
#9546=IFCINDEXEDPOLYGONALFACE((2285,2286,2287));
#9547=IFCINDEXEDPOLYGONALFACE((2285,2287,2288));
#9548=IFCINDEXEDPOLYGONALFACE((2289,2290,2291));
#9549=IFCINDEXEDPOLYGONALFACE((2289,2291,2292));
#9550=IFCINDEXEDPOLYGONALFACE((2293,2294,2295));
#9551=IFCINDEXEDPOLYGONALFACE((2293,2295,2296));
#9552=IFCINDEXEDPOLYGONALFACE((2297,2298,2299));
#9553=IFCINDEXEDPOLYGONALFACE((2297,2299,2300));
#9554=IFCINDEXEDPOLYGONALFACE((2301,2302,2303));
#9555=IFCINDEXEDPOLYGONALFACE((2301,2303,2304));
#9556=IFCINDEXEDPOLYGONALFACE((2305,2306,2307));
#9557=IFCINDEXEDPOLYGONALFACE((2305,2307,2308));
#9558=IFCINDEXEDPOLYGONALFACE((2309,2310,2311));
#9559=IFCINDEXEDPOLYGONALFACE((2309,2311,2312));
#9560=IFCINDEXEDPOLYGONALFACE((2313,2314,2315));
#9561=IFCINDEXEDPOLYGONALFACE((2313,2315,2316));
#9562=IFCINDEXEDPOLYGONALFACE((2317,2318,2319));
#9563=IFCINDEXEDPOLYGONALFACE((2317,2319,2320));
#9564=IFCINDEXEDPOLYGONALFACE((2321,2322,2323));
#9565=IFCINDEXEDPOLYGONALFACE((2321,2323,2324));
#9566=IFCINDEXEDPOLYGONALFACE((2325,2326,2327));
#9567=IFCINDEXEDPOLYGONALFACE((2325,2327,2328));
#9568=IFCINDEXEDPOLYGONALFACE((2329,2330,2331));
#9569=IFCINDEXEDPOLYGONALFACE((2329,2331,2332));
#9570=IFCINDEXEDPOLYGONALFACE((2333,2334,2335));
#9571=IFCINDEXEDPOLYGONALFACE((2333,2335,2336));
#9572=IFCINDEXEDPOLYGONALFACE((2337,2338,2339));
#9573=IFCINDEXEDPOLYGONALFACE((2337,2339,2340));
#9574=IFCINDEXEDPOLYGONALFACE((2341,2342,2343));
#9575=IFCINDEXEDPOLYGONALFACE((2341,2343,2344));
#9576=IFCINDEXEDPOLYGONALFACE((2345,2346,2347));
#9577=IFCINDEXEDPOLYGONALFACE((2345,2347,2348));
#9578=IFCINDEXEDPOLYGONALFACE((2349,2350,2351));
#9579=IFCINDEXEDPOLYGONALFACE((2349,2351,2352));
#9580=IFCINDEXEDPOLYGONALFACE((2353,2354,2355));
#9581=IFCINDEXEDPOLYGONALFACE((2353,2355,2356));
#9582=IFCINDEXEDPOLYGONALFACE((2357,2358,2359));
#9583=IFCINDEXEDPOLYGONALFACE((2357,2359,2360));
#9584=IFCINDEXEDPOLYGONALFACE((2361,2362,2363));
#9585=IFCINDEXEDPOLYGONALFACE((2361,2363,2364));
#9586=IFCINDEXEDPOLYGONALFACE((2365,2366,2367));
#9587=IFCINDEXEDPOLYGONALFACE((2365,2367,2368));
#9588=IFCINDEXEDPOLYGONALFACE((2369,2370,2371));
#9589=IFCINDEXEDPOLYGONALFACE((2369,2371,2372));
#9590=IFCINDEXEDPOLYGONALFACE((2373,2374,2375));
#9591=IFCINDEXEDPOLYGONALFACE((2373,2375,2376));
#9592=IFCINDEXEDPOLYGONALFACE((2377,2378,2379));
#9593=IFCINDEXEDPOLYGONALFACE((2377,2379,2380));
#9594=IFCINDEXEDPOLYGONALFACE((2381,2382,2383));
#9595=IFCINDEXEDPOLYGONALFACE((2381,2383,2384));
#9596=IFCINDEXEDPOLYGONALFACE((2385,2386,2387));
#9597=IFCINDEXEDPOLYGONALFACE((2385,2387,2388));
#9598=IFCINDEXEDPOLYGONALFACE((2389,2390,2391));
#9599=IFCINDEXEDPOLYGONALFACE((2389,2391,2392));
#9600=IFCINDEXEDPOLYGONALFACE((2393,2394,2395));
#9601=IFCINDEXEDPOLYGONALFACE((2393,2395,2396));
#9602=IFCINDEXEDPOLYGONALFACE((2397,2398,2399));
#9603=IFCINDEXEDPOLYGONALFACE((2397,2399,2400));
#9604=IFCINDEXEDPOLYGONALFACE((2401,2402,2403));
#9605=IFCINDEXEDPOLYGONALFACE((2401,2403,2404));
#9606=IFCINDEXEDPOLYGONALFACE((2405,2406,2407));
#9607=IFCINDEXEDPOLYGONALFACE((2405,2407,2408));
#9608=IFCINDEXEDPOLYGONALFACE((2409,2410,2411));
#9609=IFCINDEXEDPOLYGONALFACE((2409,2411,2412));
#9610=IFCINDEXEDPOLYGONALFACE((2413,2414,2415));
#9611=IFCINDEXEDPOLYGONALFACE((2413,2415,2416));
#9612=IFCINDEXEDPOLYGONALFACE((2417,2418,2419));
#9613=IFCINDEXEDPOLYGONALFACE((2417,2419,2420));
#9614=IFCINDEXEDPOLYGONALFACE((2421,2422,2423));
#9615=IFCINDEXEDPOLYGONALFACE((2421,2423,2424));
#9616=IFCINDEXEDPOLYGONALFACE((2425,2426,2427));
#9617=IFCINDEXEDPOLYGONALFACE((2425,2427,2428));
#9618=IFCINDEXEDPOLYGONALFACE((2429,2430,2431));
#9619=IFCINDEXEDPOLYGONALFACE((2429,2431,2432));
#9620=IFCINDEXEDPOLYGONALFACE((2433,2434,2435));
#9621=IFCINDEXEDPOLYGONALFACE((2433,2435,2436));
#9622=IFCINDEXEDPOLYGONALFACE((2437,2438,2439));
#9623=IFCINDEXEDPOLYGONALFACE((2437,2439,2440));
#9624=IFCINDEXEDPOLYGONALFACE((2441,2442,2443));
#9625=IFCINDEXEDPOLYGONALFACE((2441,2443,2444));
#9626=IFCINDEXEDPOLYGONALFACE((2445,2446,2447));
#9627=IFCINDEXEDPOLYGONALFACE((2445,2447,2448));
#9628=IFCINDEXEDPOLYGONALFACE((2449,2450,2451));
#9629=IFCINDEXEDPOLYGONALFACE((2449,2451,2452));
#9630=IFCINDEXEDPOLYGONALFACE((2453,2454,2455));
#9631=IFCINDEXEDPOLYGONALFACE((2453,2455,2456));
#9632=IFCINDEXEDPOLYGONALFACE((2457,2458,2459));
#9633=IFCINDEXEDPOLYGONALFACE((2457,2459,2460));
#9634=IFCINDEXEDPOLYGONALFACE((2461,2462,2463));
#9635=IFCINDEXEDPOLYGONALFACE((2461,2463,2464));
#9636=IFCINDEXEDPOLYGONALFACE((2465,2466,2467));
#9637=IFCINDEXEDPOLYGONALFACE((2465,2467,2468));
#9638=IFCINDEXEDPOLYGONALFACE((2469,2470,2471));
#9639=IFCINDEXEDPOLYGONALFACE((2469,2471,2472));
#9640=IFCINDEXEDPOLYGONALFACE((2473,2474,2475));
#9641=IFCINDEXEDPOLYGONALFACE((2473,2475,2476));
#9642=IFCINDEXEDPOLYGONALFACE((2477,2478,2479));
#9643=IFCINDEXEDPOLYGONALFACE((2477,2479,2480));
#9644=IFCINDEXEDPOLYGONALFACE((2481,2482,2483));
#9645=IFCINDEXEDPOLYGONALFACE((2481,2483,2484));
#9646=IFCINDEXEDPOLYGONALFACE((2485,2486,2487));
#9647=IFCINDEXEDPOLYGONALFACE((2485,2487,2488));
#9648=IFCINDEXEDPOLYGONALFACE((2489,2490,2491));
#9649=IFCINDEXEDPOLYGONALFACE((2489,2491,2492));
#9650=IFCINDEXEDPOLYGONALFACE((2493,2494,2495));
#9651=IFCINDEXEDPOLYGONALFACE((2493,2495,2496));
#9652=IFCINDEXEDPOLYGONALFACE((2497,2498,2499));
#9653=IFCINDEXEDPOLYGONALFACE((2497,2499,2500));
#9654=IFCINDEXEDPOLYGONALFACE((2501,2502,2503));
#9655=IFCINDEXEDPOLYGONALFACE((2501,2503,2504));
#9656=IFCINDEXEDPOLYGONALFACE((2505,2506,2507));
#9657=IFCINDEXEDPOLYGONALFACE((2505,2507,2508));
#9658=IFCINDEXEDPOLYGONALFACE((2509,2510,2511));
#9659=IFCINDEXEDPOLYGONALFACE((2509,2511,2512));
#9660=IFCINDEXEDPOLYGONALFACE((2513,2514,2515));
#9661=IFCINDEXEDPOLYGONALFACE((2513,2515,2516));
#9662=IFCINDEXEDPOLYGONALFACE((2517,2518,2519));
#9663=IFCINDEXEDPOLYGONALFACE((2517,2519,2520));
#9664=IFCINDEXEDPOLYGONALFACE((2521,2522,2523));
#9665=IFCINDEXEDPOLYGONALFACE((2521,2523,2524));
#9666=IFCINDEXEDPOLYGONALFACE((2525,2526,2527));
#9667=IFCINDEXEDPOLYGONALFACE((2525,2527,2528));
#9668=IFCINDEXEDPOLYGONALFACE((2529,2530,2531));
#9669=IFCINDEXEDPOLYGONALFACE((2529,2531,2532));
#9670=IFCINDEXEDPOLYGONALFACE((2533,2534,2535));
#9671=IFCINDEXEDPOLYGONALFACE((2533,2535,2536));
#9672=IFCINDEXEDPOLYGONALFACE((2537,2538,2539));
#9673=IFCINDEXEDPOLYGONALFACE((2537,2539,2540));
#9674=IFCINDEXEDPOLYGONALFACE((2541,2542,2543));
#9675=IFCINDEXEDPOLYGONALFACE((2541,2543,2544));
#9676=IFCINDEXEDPOLYGONALFACE((2545,2546,2547));
#9677=IFCINDEXEDPOLYGONALFACE((2545,2547,2548));
#9678=IFCINDEXEDPOLYGONALFACE((2549,2550,2551));
#9679=IFCINDEXEDPOLYGONALFACE((2549,2551,2552));
#9680=IFCINDEXEDPOLYGONALFACE((2553,2554,2555));
#9681=IFCINDEXEDPOLYGONALFACE((2553,2555,2556));
#9682=IFCINDEXEDPOLYGONALFACE((2557,2558,2559));
#9683=IFCINDEXEDPOLYGONALFACE((2557,2559,2560));
#9684=IFCINDEXEDPOLYGONALFACE((2561,2562,2563));
#9685=IFCINDEXEDPOLYGONALFACE((2561,2563,2564));
#9686=IFCINDEXEDPOLYGONALFACE((2565,2566,2567));
#9687=IFCINDEXEDPOLYGONALFACE((2565,2567,2568));
#9688=IFCINDEXEDPOLYGONALFACE((2569,2570,2571));
#9689=IFCINDEXEDPOLYGONALFACE((2569,2571,2572));
#9690=IFCINDEXEDPOLYGONALFACE((2573,2574,2575));
#9691=IFCINDEXEDPOLYGONALFACE((2573,2575,2576));
#9692=IFCINDEXEDPOLYGONALFACE((2577,2578,2579));
#9693=IFCINDEXEDPOLYGONALFACE((2577,2579,2580));
#9694=IFCINDEXEDPOLYGONALFACE((2581,2582,2583));
#9695=IFCINDEXEDPOLYGONALFACE((2581,2583,2584));
#9696=IFCINDEXEDPOLYGONALFACE((2585,2586,2587));
#9697=IFCINDEXEDPOLYGONALFACE((2585,2587,2588));
#9698=IFCINDEXEDPOLYGONALFACE((2589,2590,2591));
#9699=IFCINDEXEDPOLYGONALFACE((2589,2591,2592));
#9700=IFCINDEXEDPOLYGONALFACE((2593,2594,2595));
#9701=IFCINDEXEDPOLYGONALFACE((2593,2595,2596));
#9702=IFCINDEXEDPOLYGONALFACE((2597,2598,2599));
#9703=IFCINDEXEDPOLYGONALFACE((2597,2599,2600));
#9704=IFCINDEXEDPOLYGONALFACE((2601,2602,2603));
#9705=IFCINDEXEDPOLYGONALFACE((2601,2603,2604));
#9706=IFCINDEXEDPOLYGONALFACE((2605,2606,2607));
#9707=IFCINDEXEDPOLYGONALFACE((2605,2607,2608));
#9708=IFCINDEXEDPOLYGONALFACE((2609,2610,2611));
#9709=IFCINDEXEDPOLYGONALFACE((2609,2611,2612));
#9710=IFCINDEXEDPOLYGONALFACE((2613,2614,2615));
#9711=IFCINDEXEDPOLYGONALFACE((2613,2615,2616));
#9712=IFCINDEXEDPOLYGONALFACE((2617,2618,2619));
#9713=IFCINDEXEDPOLYGONALFACE((2617,2619,2620));
#9714=IFCINDEXEDPOLYGONALFACE((2621,2622,2623));
#9715=IFCINDEXEDPOLYGONALFACE((2621,2623,2624));
#9716=IFCINDEXEDPOLYGONALFACE((2625,2626,2627));
#9717=IFCINDEXEDPOLYGONALFACE((2625,2627,2628));
#9718=IFCINDEXEDPOLYGONALFACE((2629,2630,2631));
#9719=IFCINDEXEDPOLYGONALFACE((2629,2631,2632));
#9720=IFCINDEXEDPOLYGONALFACE((2633,2634,2635));
#9721=IFCINDEXEDPOLYGONALFACE((2633,2635,2636));
#9722=IFCINDEXEDPOLYGONALFACE((2637,2638,2639));
#9723=IFCINDEXEDPOLYGONALFACE((2637,2639,2640));
#9724=IFCINDEXEDPOLYGONALFACE((2641,2642,2643));
#9725=IFCINDEXEDPOLYGONALFACE((2641,2643,2644));
#9726=IFCINDEXEDPOLYGONALFACE((2645,2646,2647));
#9727=IFCINDEXEDPOLYGONALFACE((2645,2647,2648));
#9728=IFCINDEXEDPOLYGONALFACE((2649,2650,2651));
#9729=IFCINDEXEDPOLYGONALFACE((2649,2651,2652));
#9730=IFCINDEXEDPOLYGONALFACE((2653,2654,2655));
#9731=IFCINDEXEDPOLYGONALFACE((2653,2655,2656));
#9732=IFCINDEXEDPOLYGONALFACE((2657,2658,2659));
#9733=IFCINDEXEDPOLYGONALFACE((2657,2659,2660));
#9734=IFCINDEXEDPOLYGONALFACE((2661,2662,2663));
#9735=IFCINDEXEDPOLYGONALFACE((2661,2663,2664));
#9736=IFCINDEXEDPOLYGONALFACE((2665,2666,2667));
#9737=IFCINDEXEDPOLYGONALFACE((2665,2667,2668));
#9738=IFCINDEXEDPOLYGONALFACE((2669,2670,2671));
#9739=IFCINDEXEDPOLYGONALFACE((2669,2671,2672));
#9740=IFCINDEXEDPOLYGONALFACE((2673,2674,2675));
#9741=IFCINDEXEDPOLYGONALFACE((2673,2675,2676));
#9742=IFCINDEXEDPOLYGONALFACE((2677,2678,2679));
#9743=IFCINDEXEDPOLYGONALFACE((2677,2679,2680));
#9744=IFCINDEXEDPOLYGONALFACE((2681,2682,2683));
#9745=IFCINDEXEDPOLYGONALFACE((2681,2683,2684));
#9746=IFCINDEXEDPOLYGONALFACE((2685,2686,2687));
#9747=IFCINDEXEDPOLYGONALFACE((2685,2687,2688));
#9748=IFCINDEXEDPOLYGONALFACE((2689,2690,2691));
#9749=IFCINDEXEDPOLYGONALFACE((2689,2691,2692));
#9750=IFCINDEXEDPOLYGONALFACE((2693,2694,2695));
#9751=IFCINDEXEDPOLYGONALFACE((2693,2695,2696));
#9752=IFCINDEXEDPOLYGONALFACE((2697,2698,2699));
#9753=IFCINDEXEDPOLYGONALFACE((2697,2699,2700));
#9754=IFCINDEXEDPOLYGONALFACE((2701,2702,2703));
#9755=IFCINDEXEDPOLYGONALFACE((2701,2703,2704));
#9756=IFCINDEXEDPOLYGONALFACE((2705,2706,2707));
#9757=IFCINDEXEDPOLYGONALFACE((2705,2707,2708));
#9758=IFCINDEXEDPOLYGONALFACE((2709,2710,2711));
#9759=IFCINDEXEDPOLYGONALFACE((2709,2711,2712));
#9760=IFCINDEXEDPOLYGONALFACE((2713,2714,2715));
#9761=IFCINDEXEDPOLYGONALFACE((2713,2715,2716));
#9762=IFCINDEXEDPOLYGONALFACE((2717,2718,2719));
#9763=IFCINDEXEDPOLYGONALFACE((2717,2719,2720));
#9764=IFCINDEXEDPOLYGONALFACE((2721,2722,2723));
#9765=IFCINDEXEDPOLYGONALFACE((2721,2723,2724));
#9766=IFCINDEXEDPOLYGONALFACE((2725,2726,2727));
#9767=IFCINDEXEDPOLYGONALFACE((2725,2727,2728));
#9768=IFCINDEXEDPOLYGONALFACE((2729,2730,2731));
#9769=IFCINDEXEDPOLYGONALFACE((2729,2731,2732));
#9770=IFCINDEXEDPOLYGONALFACE((2733,2734,2735));
#9771=IFCINDEXEDPOLYGONALFACE((2733,2735,2736));
#9772=IFCINDEXEDPOLYGONALFACE((2737,2738,2739));
#9773=IFCINDEXEDPOLYGONALFACE((2737,2739,2740));
#9774=IFCINDEXEDPOLYGONALFACE((2741,2742,2743));
#9775=IFCINDEXEDPOLYGONALFACE((2741,2743,2744));
#9776=IFCINDEXEDPOLYGONALFACE((2745,2746,2747));
#9777=IFCINDEXEDPOLYGONALFACE((2745,2747,2748));
#9778=IFCINDEXEDPOLYGONALFACE((2749,2750,2751));
#9779=IFCINDEXEDPOLYGONALFACE((2749,2751,2752));
#9780=IFCINDEXEDPOLYGONALFACE((2753,2754,2755));
#9781=IFCINDEXEDPOLYGONALFACE((2753,2755,2756));
#9782=IFCINDEXEDPOLYGONALFACE((2757,2758,2759));
#9783=IFCINDEXEDPOLYGONALFACE((2757,2759,2760));
#9784=IFCINDEXEDPOLYGONALFACE((2761,2762,2763));
#9785=IFCINDEXEDPOLYGONALFACE((2761,2763,2764));
#9786=IFCINDEXEDPOLYGONALFACE((2765,2766,2767));
#9787=IFCINDEXEDPOLYGONALFACE((2765,2767,2768));
#9788=IFCINDEXEDPOLYGONALFACE((2769,2770,2771));
#9789=IFCINDEXEDPOLYGONALFACE((2769,2771,2772));
#9790=IFCINDEXEDPOLYGONALFACE((2773,2774,2775));
#9791=IFCINDEXEDPOLYGONALFACE((2773,2775,2776));
#9792=IFCINDEXEDPOLYGONALFACE((2777,2778,2779));
#9793=IFCINDEXEDPOLYGONALFACE((2777,2779,2780));
#9794=IFCINDEXEDPOLYGONALFACE((2781,2782,2783));
#9795=IFCINDEXEDPOLYGONALFACE((2781,2783,2784));
#9796=IFCINDEXEDPOLYGONALFACE((2785,2786,2787));
#9797=IFCINDEXEDPOLYGONALFACE((2785,2787,2788));
#9798=IFCINDEXEDPOLYGONALFACE((2789,2790,2791));
#9799=IFCINDEXEDPOLYGONALFACE((2789,2791,2792));
#9800=IFCINDEXEDPOLYGONALFACE((2793,2794,2795));
#9801=IFCINDEXEDPOLYGONALFACE((2793,2795,2796));
#9802=IFCINDEXEDPOLYGONALFACE((2797,2798,2799));
#9803=IFCINDEXEDPOLYGONALFACE((2797,2799,2800));
#9804=IFCINDEXEDPOLYGONALFACE((2801,2802,2803));
#9805=IFCINDEXEDPOLYGONALFACE((2801,2803,2804));
#9806=IFCINDEXEDPOLYGONALFACE((2805,2806,2807));
#9807=IFCINDEXEDPOLYGONALFACE((2805,2807,2808));
#9808=IFCINDEXEDPOLYGONALFACE((2809,2810,2811));
#9809=IFCINDEXEDPOLYGONALFACE((2809,2811,2812));
#9810=IFCINDEXEDPOLYGONALFACE((2813,2814,2815));
#9811=IFCINDEXEDPOLYGONALFACE((2813,2815,2816));
#9812=IFCINDEXEDPOLYGONALFACE((2817,2818,2819));
#9813=IFCINDEXEDPOLYGONALFACE((2817,2819,2820));
#9814=IFCINDEXEDPOLYGONALFACE((2821,2822,2823));
#9815=IFCINDEXEDPOLYGONALFACE((2821,2823,2824));
#9816=IFCINDEXEDPOLYGONALFACE((2825,2826,2827));
#9817=IFCINDEXEDPOLYGONALFACE((2825,2827,2828));
#9818=IFCINDEXEDPOLYGONALFACE((2829,2830,2831));
#9819=IFCINDEXEDPOLYGONALFACE((2829,2831,2832));
#9820=IFCINDEXEDPOLYGONALFACE((2833,2834,2835));
#9821=IFCINDEXEDPOLYGONALFACE((2833,2835,2836));
#9822=IFCINDEXEDPOLYGONALFACE((2837,2838,2839));
#9823=IFCINDEXEDPOLYGONALFACE((2837,2839,2840));
#9824=IFCINDEXEDPOLYGONALFACE((2841,2842,2843));
#9825=IFCINDEXEDPOLYGONALFACE((2841,2843,2844));
#9826=IFCINDEXEDPOLYGONALFACE((2845,2846,2847));
#9827=IFCINDEXEDPOLYGONALFACE((2845,2847,2848));
#9828=IFCINDEXEDPOLYGONALFACE((2849,2850,2851));
#9829=IFCINDEXEDPOLYGONALFACE((2849,2851,2852));
#9830=IFCINDEXEDPOLYGONALFACE((2853,2854,2855));
#9831=IFCINDEXEDPOLYGONALFACE((2853,2855,2856));
#9832=IFCINDEXEDPOLYGONALFACE((2857,2858,2859));
#9833=IFCINDEXEDPOLYGONALFACE((2857,2859,2860));
#9834=IFCINDEXEDPOLYGONALFACE((2861,2862,2863));
#9835=IFCINDEXEDPOLYGONALFACE((2861,2863,2864));
#9836=IFCINDEXEDPOLYGONALFACE((2865,2866,2867));
#9837=IFCINDEXEDPOLYGONALFACE((2865,2867,2868));
#9838=IFCINDEXEDPOLYGONALFACE((2869,2870,2871));
#9839=IFCINDEXEDPOLYGONALFACE((2869,2871,2872));
#9840=IFCINDEXEDPOLYGONALFACE((2873,2874,2875));
#9841=IFCINDEXEDPOLYGONALFACE((2873,2875,2876));
#9842=IFCINDEXEDPOLYGONALFACE((2877,2878,2879));
#9843=IFCINDEXEDPOLYGONALFACE((2877,2879,2880));
#9844=IFCINDEXEDPOLYGONALFACE((2881,2882,2883));
#9845=IFCINDEXEDPOLYGONALFACE((2881,2883,2884));
#9846=IFCINDEXEDPOLYGONALFACE((2885,2886,2887));
#9847=IFCINDEXEDPOLYGONALFACE((2885,2887,2888));
#9848=IFCINDEXEDPOLYGONALFACE((2889,2890,2891));
#9849=IFCINDEXEDPOLYGONALFACE((2889,2891,2892));
#9850=IFCINDEXEDPOLYGONALFACE((2893,2894,2895));
#9851=IFCINDEXEDPOLYGONALFACE((2893,2895,2896));
#9852=IFCINDEXEDPOLYGONALFACE((2897,2898,2899));
#9853=IFCINDEXEDPOLYGONALFACE((2897,2899,2900));
#9854=IFCINDEXEDPOLYGONALFACE((2901,2902,2903));
#9855=IFCINDEXEDPOLYGONALFACE((2901,2903,2904));
#9856=IFCINDEXEDPOLYGONALFACE((2905,2906,2907));
#9857=IFCINDEXEDPOLYGONALFACE((2905,2907,2908));
#9858=IFCINDEXEDPOLYGONALFACE((2909,2910,2911));
#9859=IFCINDEXEDPOLYGONALFACE((2909,2911,2912));
#9860=IFCINDEXEDPOLYGONALFACE((2913,2914,2915));
#9861=IFCINDEXEDPOLYGONALFACE((2913,2915,2916));
#9862=IFCINDEXEDPOLYGONALFACE((2917,2918,2919));
#9863=IFCINDEXEDPOLYGONALFACE((2917,2919,2920));
#9864=IFCINDEXEDPOLYGONALFACE((2921,2922,2923));
#9865=IFCINDEXEDPOLYGONALFACE((2921,2923,2924));
#9866=IFCINDEXEDPOLYGONALFACE((2925,2926,2927));
#9867=IFCINDEXEDPOLYGONALFACE((2925,2927,2928));
#9868=IFCINDEXEDPOLYGONALFACE((2929,2930,2931));
#9869=IFCINDEXEDPOLYGONALFACE((2929,2931,2932));
#9870=IFCINDEXEDPOLYGONALFACE((2933,2934,2935));
#9871=IFCINDEXEDPOLYGONALFACE((2933,2935,2936));
#9872=IFCINDEXEDPOLYGONALFACE((2937,2938,2939));
#9873=IFCINDEXEDPOLYGONALFACE((2937,2939,2940));
#9874=IFCINDEXEDPOLYGONALFACE((2941,2942,2943));
#9875=IFCINDEXEDPOLYGONALFACE((2941,2943,2944));
#9876=IFCINDEXEDPOLYGONALFACE((2945,2946,2947));
#9877=IFCINDEXEDPOLYGONALFACE((2945,2947,2948));
#9878=IFCINDEXEDPOLYGONALFACE((2949,2950,2951));
#9879=IFCINDEXEDPOLYGONALFACE((2949,2951,2952));
#9880=IFCINDEXEDPOLYGONALFACE((2953,2954,2955));
#9881=IFCINDEXEDPOLYGONALFACE((2953,2955,2956));
#9882=IFCINDEXEDPOLYGONALFACE((2957,2958,2959));
#9883=IFCINDEXEDPOLYGONALFACE((2957,2959,2960));
#9884=IFCINDEXEDPOLYGONALFACE((2961,2962,2963));
#9885=IFCINDEXEDPOLYGONALFACE((2961,2963,2964));
#9886=IFCINDEXEDPOLYGONALFACE((2965,2966,2967));
#9887=IFCINDEXEDPOLYGONALFACE((2965,2967,2968));
#9888=IFCINDEXEDPOLYGONALFACE((2969,2970,2971));
#9889=IFCINDEXEDPOLYGONALFACE((2969,2971,2972));
#9890=IFCINDEXEDPOLYGONALFACE((2973,2974,2975));
#9891=IFCINDEXEDPOLYGONALFACE((2973,2975,2976));
#9892=IFCINDEXEDPOLYGONALFACE((2977,2978,2979));
#9893=IFCINDEXEDPOLYGONALFACE((2977,2979,2980));
#9894=IFCINDEXEDPOLYGONALFACE((2981,2982,2983));
#9895=IFCINDEXEDPOLYGONALFACE((2981,2983,2984));
#9896=IFCINDEXEDPOLYGONALFACE((2985,2986,2987));
#9897=IFCINDEXEDPOLYGONALFACE((2985,2987,2988));
#9898=IFCINDEXEDPOLYGONALFACE((2989,2990,2991));
#9899=IFCINDEXEDPOLYGONALFACE((2989,2991,2992));
#9900=IFCINDEXEDPOLYGONALFACE((2993,2994,2995));
#9901=IFCINDEXEDPOLYGONALFACE((2993,2995,2996));
#9902=IFCINDEXEDPOLYGONALFACE((2997,2998,2999));
#9903=IFCINDEXEDPOLYGONALFACE((2997,2999,3000));
#9904=IFCINDEXEDPOLYGONALFACE((3001,3002,3003));
#9905=IFCINDEXEDPOLYGONALFACE((3001,3003,3004));
#9906=IFCINDEXEDPOLYGONALFACE((3005,3006,3007));
#9907=IFCINDEXEDPOLYGONALFACE((3005,3007,3008));
#9908=IFCINDEXEDPOLYGONALFACE((3009,3010,3011));
#9909=IFCINDEXEDPOLYGONALFACE((3009,3011,3012));
#9910=IFCINDEXEDPOLYGONALFACE((3013,3014,3015));
#9911=IFCINDEXEDPOLYGONALFACE((3013,3015,3016));
#9912=IFCINDEXEDPOLYGONALFACE((3017,3018,3019));
#9913=IFCINDEXEDPOLYGONALFACE((3017,3019,3020));
#9914=IFCINDEXEDPOLYGONALFACE((3021,3022,3023));
#9915=IFCINDEXEDPOLYGONALFACE((3021,3023,3024));
#9916=IFCINDEXEDPOLYGONALFACE((3025,3026,3027));
#9917=IFCINDEXEDPOLYGONALFACE((3025,3027,3028));
#9918=IFCINDEXEDPOLYGONALFACE((3029,3030,3031));
#9919=IFCINDEXEDPOLYGONALFACE((3029,3031,3032));
#9920=IFCINDEXEDPOLYGONALFACE((3033,3034,3035));
#9921=IFCINDEXEDPOLYGONALFACE((3033,3035,3036));
#9922=IFCINDEXEDPOLYGONALFACE((3037,3038,3039));
#9923=IFCINDEXEDPOLYGONALFACE((3037,3039,3040));
#9924=IFCINDEXEDPOLYGONALFACE((3041,3042,3043));
#9925=IFCINDEXEDPOLYGONALFACE((3041,3043,3044));
#9926=IFCINDEXEDPOLYGONALFACE((3045,3046,3047));
#9927=IFCINDEXEDPOLYGONALFACE((3045,3047,3048));
#9928=IFCINDEXEDPOLYGONALFACE((3049,3050,3051));
#9929=IFCINDEXEDPOLYGONALFACE((3049,3051,3052));
#9930=IFCINDEXEDPOLYGONALFACE((3053,3054,3055));
#9931=IFCINDEXEDPOLYGONALFACE((3053,3055,3056));
#9932=IFCINDEXEDPOLYGONALFACE((3057,3058,3059));
#9933=IFCINDEXEDPOLYGONALFACE((3057,3059,3060));
#9934=IFCINDEXEDPOLYGONALFACE((3061,3062,3063));
#9935=IFCINDEXEDPOLYGONALFACE((3061,3063,3064));
#9936=IFCINDEXEDPOLYGONALFACE((3065,3066,3067));
#9937=IFCINDEXEDPOLYGONALFACE((3065,3067,3068));
#9938=IFCINDEXEDPOLYGONALFACE((3069,3070,3071));
#9939=IFCINDEXEDPOLYGONALFACE((3069,3071,3072));
#9940=IFCINDEXEDPOLYGONALFACE((3073,3074,3075));
#9941=IFCINDEXEDPOLYGONALFACE((3073,3075,3076));
#9942=IFCPOLYGONALFACESET(#8403,$,(#8404,#8405,#8406,#8407,#8408,#8409,#8410,#8411,#8412,#8413,#8414,#8415,#8416,#8417,#8418,#8419,#8420,#8421,#8422,#8423,#8424,#8425,#8426,#8427,#8428,#8429,#8430,#8431,#8432,#8433,#8434,#8435,#8436,#8437,#8438,#8439,#8440,#8441,#8442,#8443,#8444,#8445,#8446,#8447,#8448,#8449,#8450,#8451,#8452,#8453,#8454,#8455,#8456,#8457,#8458,#8459,#8460,#8461,#8462,#8463,#8464,#8465,#8466,#8467,#8468,#8469,#8470,#8471,#8472,#8473,#8474,#8475,#8476,#8477,#8478,#8479,#8480,#8481,#8482,#8483,#8484,#8485,#8486,#8487,#8488,#8489,#8490,#8491,#8492,#8493,#8494,#8495,#8496,#8497,#8498,#8499,#8500,#8501,#8502,#8503,#8504,#8505,#8506,#8507,#8508,#8509,#8510,#8511,#8512,#8513,#8514,#8515,#8516,#8517,#8518,#8519,#8520,#8521,#8522,#8523,#8524,#8525,#8526,#8527,#8528,#8529,#8530,#8531,#8532,#8533,#8534,#8535,#8536,#8537,#8538,#8539,#8540,#8541,#8542,#8543,#8544,#8545,#8546,#8547,#8548,#8549,#8550,#8551,#8552,#8553,#8554,#8555,#8556,#8557,#8558,#8559,#8560,#8561,#8562,#8563,#8564,#8565,#8566,#8567,#8568,#8569,#8570,#8571,#8572,#8573,#8574,#8575,#8576,#8577,#8578,#8579,#8580,#8581,#8582,#8583,#8584,#8585,#8586,#8587,#8588,#8589,#8590,#8591,#8592,#8593,#8594,#8595,#8596,#8597,#8598,#8599,#8600,#8601,#8602,#8603,#8604,#8605,#8606,#8607,#8608,#8609,#8610,#8611,#8612,#8613,#8614,#8615,#8616,#8617,#8618,#8619,#8620,#8621,#8622,#8623,#8624,#8625,#8626,#8627,#8628,#8629,#8630,#8631,#8632,#8633,#8634,#8635,#8636,#8637,#8638,#8639,#8640,#8641,#8642,#8643,#8644,#8645,#8646,#8647,#8648,#8649,#8650,#8651,#8652,#8653,#8654,#8655,#8656,#8657,#8658,#8659,#8660,#8661,#8662,#8663,#8664,#8665,#8666,#8667,#8668,#8669,#8670,#8671,#8672,#8673,#8674,#8675,#8676,#8677,#8678,#8679,#8680,#8681,#8682,#8683,#8684,#8685,#8686,#8687,#8688,#8689,#8690,#8691,#8692,#8693,#8694,#8695,#8696,#8697,#8698,#8699,#8700,#8701,#8702,#8703,#8704,#8705,#8706,#8707,#8708,#8709,#8710,#8711,#8712,#8713,#8714,#8715,#8716,#8717,#8718,#8719,#8720,#8721,#8722,#8723,#8724,#8725,#8726,#8727,#8728,#8729,#8730,#8731,#8732,#8733,#8734,#8735,#8736,#8737,#8738,#8739,#8740,#8741,#8742,#8743,#8744,#8745,#8746,#8747,#8748,#8749,#8750,#8751,#8752,#8753,#8754,#8755,#8756,#8757,#8758,#8759,#8760,#8761,#8762,#8763,#8764,#8765,#8766,#8767,#8768,#8769,#8770,#8771,#8772,#8773,#8774,#8775,#8776,#8777,#8778,#8779,#8780,#8781,#8782,#8783,#8784,#8785,#8786,#8787,#8788,#8789,#8790,#8791,#8792,#8793,#8794,#8795,#8796,#8797,#8798,#8799,#8800,#8801,#8802,#8803,#8804,#8805,#8806,#8807,#8808,#8809,#8810,#8811,#8812,#8813,#8814,#8815,#8816,#8817,#8818,#8819,#8820,#8821,#8822,#8823,#8824,#8825,#8826,#8827,#8828,#8829,#8830,#8831,#8832,#8833,#8834,#8835,#8836,#8837,#8838,#8839,#8840,#8841,#8842,#8843,#8844,#8845,#8846,#8847,#8848,#8849,#8850,#8851,#8852,#8853,#8854,#8855,#8856,#8857,#8858,#8859,#8860,#8861,#8862,#8863,#8864,#8865,#8866,#8867,#8868,#8869,#8870,#8871,#8872,#8873,#8874,#8875,#8876,#8877,#8878,#8879,#8880,#8881,#8882,#8883,#8884,#8885,#8886,#8887,#8888,#8889,#8890,#8891,#8892,#8893,#8894,#8895,#8896,#8897,#8898,#8899,#8900,#8901,#8902,#8903,#8904,#8905,#8906,#8907,#8908,#8909,#8910,#8911,#8912,#8913,#8914,#8915,#8916,#8917,#8918,#8919,#8920,#8921,#8922,#8923,#8924,#8925,#8926,#8927,#8928,#8929,#8930,#8931,#8932,#8933,#8934,#8935,#8936,#8937,#8938,#8939,#8940,#8941,#8942,#8943,#8944,#8945,#8946,#8947,#8948,#8949,#8950,#8951,#8952,#8953,#8954,#8955,#8956,#8957,#8958,#8959,#8960,#8961,#8962,#8963,#8964,#8965,#8966,#8967,#8968,#8969,#8970,#8971,#8972,#8973,#8974,#8975,#8976,#8977,#8978,#8979,#8980,#8981,#8982,#8983,#8984,#8985,#8986,#8987,#8988,#8989,#8990,#8991,#8992,#8993,#8994,#8995,#8996,#8997,#8998,#8999,#9000,#9001,#9002,#9003,#9004,#9005,#9006,#9007,#9008,#9009,#9010,#9011,#9012,#9013,#9014,#9015,#9016,#9017,#9018,#9019,#9020,#9021,#9022,#9023,#9024,#9025,#9026,#9027,#9028,#9029,#9030,#9031,#9032,#9033,#9034,#9035,#9036,#9037,#9038,#9039,#9040,#9041,#9042,#9043,#9044,#9045,#9046,#9047,#9048,#9049,#9050,#9051,#9052,#9053,#9054,#9055,#9056,#9057,#9058,#9059,#9060,#9061,#9062,#9063,#9064,#9065,#9066,#9067,#9068,#9069,#9070,#9071,#9072,#9073,#9074,#9075,#9076,#9077,#9078,#9079,#9080,#9081,#9082,#9083,#9084,#9085,#9086,#9087,#9088,#9089,#9090,#9091,#9092,#9093,#9094,#9095,#9096,#9097,#9098,#9099,#9100,#9101,#9102,#9103,#9104,#9105,#9106,#9107,#9108,#9109,#9110,#9111,#9112,#9113,#9114,#9115,#9116,#9117,#9118,#9119,#9120,#9121,#9122,#9123,#9124,#9125,#9126,#9127,#9128,#9129,#9130,#9131,#9132,#9133,#9134,#9135,#9136,#9137,#9138,#9139,#9140,#9141,#9142,#9143,#9144,#9145,#9146,#9147,#9148,#9149,#9150,#9151,#9152,#9153,#9154,#9155,#9156,#9157,#9158,#9159,#9160,#9161,#9162,#9163,#9164,#9165,#9166,#9167,#9168,#9169,#9170,#9171,#9172,#9173,#9174,#9175,#9176,#9177,#9178,#9179,#9180,#9181,#9182,#9183,#9184,#9185,#9186,#9187,#9188,#9189,#9190,#9191,#9192,#9193,#9194,#9195,#9196,#9197,#9198,#9199,#9200,#9201,#9202,#9203,#9204,#9205,#9206,#9207,#9208,#9209,#9210,#9211,#9212,#9213,#9214,#9215,#9216,#9217,#9218,#9219,#9220,#9221,#9222,#9223,#9224,#9225,#9226,#9227,#9228,#9229,#9230,#9231,#9232,#9233,#9234,#9235,#9236,#9237,#9238,#9239,#9240,#9241,#9242,#9243,#9244,#9245,#9246,#9247,#9248,#9249,#9250,#9251,#9252,#9253,#9254,#9255,#9256,#9257,#9258,#9259,#9260,#9261,#9262,#9263,#9264,#9265,#9266,#9267,#9268,#9269,#9270,#9271,#9272,#9273,#9274,#9275,#9276,#9277,#9278,#9279,#9280,#9281,#9282,#9283,#9284,#9285,#9286,#9287,#9288,#9289,#9290,#9291,#9292,#9293,#9294,#9295,#9296,#9297,#9298,#9299,#9300,#9301,#9302,#9303,#9304,#9305,#9306,#9307,#9308,#9309,#9310,#9311,#9312,#9313,#9314,#9315,#9316,#9317,#9318,#9319,#9320,#9321,#9322,#9323,#9324,#9325,#9326,#9327,#9328,#9329,#9330,#9331,#9332,#9333,#9334,#9335,#9336,#9337,#9338,#9339,#9340,#9341,#9342,#9343,#9344,#9345,#9346,#9347,#9348,#9349,#9350,#9351,#9352,#9353,#9354,#9355,#9356,#9357,#9358,#9359,#9360,#9361,#9362,#9363,#9364,#9365,#9366,#9367,#9368,#9369,#9370,#9371,#9372,#9373,#9374,#9375,#9376,#9377,#9378,#9379,#9380,#9381,#9382,#9383,#9384,#9385,#9386,#9387,#9388,#9389,#9390,#9391,#9392,#9393,#9394,#9395,#9396,#9397,#9398,#9399,#9400,#9401,#9402,#9403,#9404,#9405,#9406,#9407,#9408,#9409,#9410,#9411,#9412,#9413,#9414,#9415,#9416,#9417,#9418,#9419,#9420,#9421,#9422,#9423,#9424,#9425,#9426,#9427,#9428,#9429,#9430,#9431,#9432,#9433,#9434,#9435,#9436,#9437,#9438,#9439,#9440,#9441,#9442,#9443,#9444,#9445,#9446,#9447,#9448,#9449,#9450,#9451,#9452,#9453,#9454,#9455,#9456,#9457,#9458,#9459,#9460,#9461,#9462,#9463,#9464,#9465,#9466,#9467,#9468,#9469,#9470,#9471,#9472,#9473,#9474,#9475,#9476,#9477,#9478,#9479,#9480,#9481,#9482,#9483,#9484,#9485,#9486,#9487,#9488,#9489,#9490,#9491,#9492,#9493,#9494,#9495,#9496,#9497,#9498,#9499,#9500,#9501,#9502,#9503,#9504,#9505,#9506,#9507,#9508,#9509,#9510,#9511,#9512,#9513,#9514,#9515,#9516,#9517,#9518,#9519,#9520,#9521,#9522,#9523,#9524,#9525,#9526,#9527,#9528,#9529,#9530,#9531,#9532,#9533,#9534,#9535,#9536,#9537,#9538,#9539,#9540,#9541,#9542,#9543,#9544,#9545,#9546,#9547,#9548,#9549,#9550,#9551,#9552,#9553,#9554,#9555,#9556,#9557,#9558,#9559,#9560,#9561,#9562,#9563,#9564,#9565,#9566,#9567,#9568,#9569,#9570,#9571,#9572,#9573,#9574,#9575,#9576,#9577,#9578,#9579,#9580,#9581,#9582,#9583,#9584,#9585,#9586,#9587,#9588,#9589,#9590,#9591,#9592,#9593,#9594,#9595,#9596,#9597,#9598,#9599,#9600,#9601,#9602,#9603,#9604,#9605,#9606,#9607,#9608,#9609,#9610,#9611,#9612,#9613,#9614,#9615,#9616,#9617,#9618,#9619,#9620,#9621,#9622,#9623,#9624,#9625,#9626,#9627,#9628,#9629,#9630,#9631,#9632,#9633,#9634,#9635,#9636,#9637,#9638,#9639,#9640,#9641,#9642,#9643,#9644,#9645,#9646,#9647,#9648,#9649,#9650,#9651,#9652,#9653,#9654,#9655,#9656,#9657,#9658,#9659,#9660,#9661,#9662,#9663,#9664,#9665,#9666,#9667,#9668,#9669,#9670,#9671,#9672,#9673,#9674,#9675,#9676,#9677,#9678,#9679,#9680,#9681,#9682,#9683,#9684,#9685,#9686,#9687,#9688,#9689,#9690,#9691,#9692,#9693,#9694,#9695,#9696,#9697,#9698,#9699,#9700,#9701,#9702,#9703,#9704,#9705,#9706,#9707,#9708,#9709,#9710,#9711,#9712,#9713,#9714,#9715,#9716,#9717,#9718,#9719,#9720,#9721,#9722,#9723,#9724,#9725,#9726,#9727,#9728,#9729,#9730,#9731,#9732,#9733,#9734,#9735,#9736,#9737,#9738,#9739,#9740,#9741,#9742,#9743,#9744,#9745,#9746,#9747,#9748,#9749,#9750,#9751,#9752,#9753,#9754,#9755,#9756,#9757,#9758,#9759,#9760,#9761,#9762,#9763,#9764,#9765,#9766,#9767,#9768,#9769,#9770,#9771,#9772,#9773,#9774,#9775,#9776,#9777,#9778,#9779,#9780,#9781,#9782,#9783,#9784,#9785,#9786,#9787,#9788,#9789,#9790,#9791,#9792,#9793,#9794,#9795,#9796,#9797,#9798,#9799,#9800,#9801,#9802,#9803,#9804,#9805,#9806,#9807,#9808,#9809,#9810,#9811,#9812,#9813,#9814,#9815,#9816,#9817,#9818,#9819,#9820,#9821,#9822,#9823,#9824,#9825,#9826,#9827,#9828,#9829,#9830,#9831,#9832,#9833,#9834,#9835,#9836,#9837,#9838,#9839,#9840,#9841,#9842,#9843,#9844,#9845,#9846,#9847,#9848,#9849,#9850,#9851,#9852,#9853,#9854,#9855,#9856,#9857,#9858,#9859,#9860,#9861,#9862,#9863,#9864,#9865,#9866,#9867,#9868,#9869,#9870,#9871,#9872,#9873,#9874,#9875,#9876,#9877,#9878,#9879,#9880,#9881,#9882,#9883,#9884,#9885,#9886,#9887,#9888,#9889,#9890,#9891,#9892,#9893,#9894,#9895,#9896,#9897,#9898,#9899,#9900,#9901,#9902,#9903,#9904,#9905,#9906,#9907,#9908,#9909,#9910,#9911,#9912,#9913,#9914,#9915,#9916,#9917,#9918,#9919,#9920,#9921,#9922,#9923,#9924,#9925,#9926,#9927,#9928,#9929,#9930,#9931,#9932,#9933,#9934,#9935,#9936,#9937,#9938,#9939,#9940,#9941),$);
#9943=IFCSHAPEREPRESENTATION(#11,'Body','Tessellation',(#9942));
#9944=IFCPRODUCTDEFINITIONSHAPE($,$,(#9943));
#9945=IFCLOCALPLACEMENT(#13,#8);
#9946=IFCGEOGRAPHICELEMENT('2Vq5fE$30zUZNL$ePvOWj1',$,'Roads (OSM)',$,$,#9945,#9944,$,.USERDEFINED.);
#9947=IFCRELCONTAINEDINSPATIALSTRUCTURE('10kxhGP1vzXmbnr6khn7wB',$,$,$,(#37,#92,#130,#152,#172,#191,#219,#247,#268,#286,#303,#335,#358,#377,#404,#425,#468,#508,#555,#597,#622,#644,#660,#680,#706,#732,#760,#783,#803,#825,#846,#865,#888,#909,#925,#1048,#1064,#1091,#1113,#1152,#1170,#1189,#1211,#1229,#1249,#1270,#1288,#1315,#1364,#1382,#1410,#1439,#1467,#1493,#1510,#1533,#1556,#1578,#1597,#1623,#1649,#1672,#1698,#1714,#1735,#1754,#1785,#1808,#1836,#1852,#1874,#1900,#1924,#1946,#1966,#1987,#2008,#2035,#2054,#2073,#2096,#2148,#2178,#2202,#2223,#2241,#2296,#2327,#2363,#2386,#2412,#2442,#2482,#2500,#2526,#2555,#2578,#2602,#2769,#2793,#2814,#2837,#2859,#2885,#2944,#2965,#3004,#3030,#3052,#3084,#3107,#3124,#3143,#3169,#3187,#3213,#3260,#3279,#3296,#3317,#3342,#3362,#3384,#3408,#3433,#3456,#3473,#3496,#3515,#3539,#3572,#3596,#3618,#3640,#3675,#3697,#3738,#3757,#3783,#3807,#3830,#3846,#3893,#3909,#3935,#3957,#3985,#4011,#4033,#4058,#4082,#4104,#4128,#4155,#4172,#4198,#4225,#4261,#4293,#4322,#4341,#4358,#4393,#4413,#4443,#4473,#4506,#4527,#4548,#4577,#4602,#4621,#4641,#4658,#4679,#4696,#4720,#4739,#4759,#4792,#4814,#4835,#4856,#4875,#4913,#4949,#4966,#4998,#5019,#5040,#5056,#5090,#5110,#5143,#5161,#5186,#5220,#5247,#5270,#5287,#5314,#5335,#5356,#5392,#5409,#5445,#5466,#5485,#5504,#5536,#5555,#5587,#5611,#5630,#5652,#5670,#5690,#5713,#5735,#5757,#5784,#5805,#5822,#5848,#5868,#5886,#5902,#5918,#5934,#5950,#5973,#5989,#6010,#6026,#6054,#6086,#6102,#6124,#6158,#6176,#6195,#6216,#6749,#6777,#6808,#6832,#6860,#6894,#6955,#6987,#7012,#7038,#7065,#7090,#7113,#7134,#7162,#7184,#7209,#7274,#7298,#7318,#7343,#7374,#7410,#7441,#7488,#7512,#7537,#7568,#7587,#7624,#7650,#7683,#7714,#7744,#7773,#7792,#7835,#7914,#7951,#8007,#8035,#8057,#8085,#8111,#8140,#8163,#8185,#8213,#8342,#8397,#9946),#14);
ENDSEC;
END-ISO-10303-21;
